path,path_relative,label,label_id,split
D:\GitHub\Universidad\Inteligencia_Artificial\gatos_perros_pandas\animals\cats\cats_00572.jpg,animals\cats\cats_00572.jpg,cats,0,train
D:\GitHub\Universidad\Inteligencia_Artificial\gatos_perros_pandas\animals\panda\panda_00986.jpg,animals\panda\panda_00986.jpg,panda,2,train
D:\GitHub\Universidad\Inteligencia_Artificial\gatos_perros_pandas\animals\dogs\dogs_00513.jpg,animals\dogs\dogs_00513.jpg,dogs,1,test
D:\GitHub\Universidad\Inteligencia_Artificial\gatos_perros_pandas\animals\cats\cats_00683.jpg,animals\cats\cats_00683.jpg,cats,0,train
D:\GitHub\Universidad\Inteligencia_Artificial\gatos_perros_pandas\animals\cats\cats_00402.jpg,animals\cats\cats_00402.jpg,cats,0,train
D:\GitHub\Universidad\Inteligencia_Artificial\gatos_perros_pandas\animals\dogs\dogs_00146.jpg,animals\dogs\dogs_00146.jpg,dogs,1,test
D:\GitHub\Universidad\Inteligencia_Artificial\gatos_perros_pandas\animals\panda\panda_00938.jpg,animals\panda\panda_00938.jpg,panda,2,train
D:\GitHub\Universidad\Inteligencia_Artificial\gatos_perros_pandas\animals\dogs\dogs_00200.jpg,animals\dogs\dogs_00200.jpg,dogs,1,train
D:\GitHub\Universidad\Inteligencia_Artificial\gatos_perros_pandas\animals\dogs\dogs_00787.jpg,animals\dogs\dogs_00787.jpg,dogs,1,train
D:\GitHub\Universidad\Inteligencia_Artificial\gatos_perros_pandas\animals\dogs\dogs_00439.jpg,animals\dogs\dogs_00439.jpg,dogs,1,train
D:\GitHub\Universidad\Inteligencia_Artificial\gatos_perros_pandas\animals\dogs\dogs_00208.jpg,animals\dogs\dogs_00208.jpg,dogs,1,train
D:\GitHub\Universidad\Inteligencia_Artificial\gatos_perros_pandas\animals\dogs\dogs_00861.jpg,animals\dogs\dogs_00861.jpg,dogs,1,train
D:\GitHub\Universidad\Inteligencia_Artificial\gatos_perros_pandas\animals\panda\panda_00364.jpg,animals\panda\panda_00364.jpg,panda,2,train
D:\GitHub\Universidad\Inteligencia_Artificial\gatos_perros_pandas\animals\dogs\dogs_00149.jpg,animals\dogs\dogs_00149.jpg,dogs,1,val
D:\GitHub\Universidad\Inteligencia_Artificial\gatos_perros_pandas\animals\dogs\dogs_00745.jpg,animals\dogs\dogs_00745.jpg,dogs,1,train
D:\GitHub\Universidad\Inteligencia_Artificial\gatos_perros_pandas\animals\dogs\dogs_00249.jpg,animals\dogs\dogs_00249.jpg,dogs,1,train
D:\GitHub\Universidad\Inteligencia_Artificial\gatos_perros_pandas\animals\panda\panda_00215.jpg,animals\panda\panda_00215.jpg,panda,2,train
D:\GitHub\Universidad\Inteligencia_Artificial\gatos_perros_pandas\animals\cats\cats_00008.jpg,animals\cats\cats_00008.jpg,cats,0,val
D:\GitHub\Universidad\Inteligencia_Artificial\gatos_perros_pandas\animals\dogs\dogs_00450.jpg,animals\dogs\dogs_00450.jpg,dogs,1,test
D:\GitHub\Universidad\Inteligencia_Artificial\gatos_perros_pandas\animals\cats\cats_00512.jpg,animals\cats\cats_00512.jpg,cats,0,test
D:\GitHub\Universidad\Inteligencia_Artificial\gatos_perros_pandas\animals\cats\cats_00009.jpg,animals\cats\cats_00009.jpg,cats,0,train
D:\GitHub\Universidad\Inteligencia_Artificial\gatos_perros_pandas\animals\dogs\dogs_00140.jpg,animals\dogs\dogs_00140.jpg,dogs,1,val
D:\GitHub\Universidad\Inteligencia_Artificial\gatos_perros_pandas\animals\dogs\dogs_00207.jpg,animals\dogs\dogs_00207.jpg,dogs,1,train
D:\GitHub\Universidad\Inteligencia_Artificial\gatos_perros_pandas\animals\dogs\dogs_00724.jpg,animals\dogs\dogs_00724.jpg,dogs,1,test
D:\GitHub\Universidad\Inteligencia_Artificial\gatos_perros_pandas\animals\panda\panda_00663.jpg,animals\panda\panda_00663.jpg,panda,2,test
D:\GitHub\Universidad\Inteligencia_Artificial\gatos_perros_pandas\animals\cats\cats_00632.jpg,animals\cats\cats_00632.jpg,cats,0,train
D:\GitHub\Universidad\Inteligencia_Artificial\gatos_perros_pandas\animals\cats\cats_00928.jpg,animals\cats\cats_00928.jpg,cats,0,train
D:\GitHub\Universidad\Inteligencia_Artificial\gatos_perros_pandas\animals\cats\cats_00262.jpg,animals\cats\cats_00262.jpg,cats,0,train
D:\GitHub\Universidad\Inteligencia_Artificial\gatos_perros_pandas\animals\panda\panda_00859.jpg,animals\panda\panda_00859.jpg,panda,2,train
D:\GitHub\Universidad\Inteligencia_Artificial\gatos_perros_pandas\animals\panda\panda_00036.jpg,animals\panda\panda_00036.jpg,panda,2,val
D:\GitHub\Universidad\Inteligencia_Artificial\gatos_perros_pandas\animals\panda\panda_00467.jpg,animals\panda\panda_00467.jpg,panda,2,train
D:\GitHub\Universidad\Inteligencia_Artificial\gatos_perros_pandas\animals\panda\panda_00837.jpg,animals\panda\panda_00837.jpg,panda,2,train
D:\GitHub\Universidad\Inteligencia_Artificial\gatos_perros_pandas\animals\panda\panda_00662.jpg,animals\panda\panda_00662.jpg,panda,2,train
D:\GitHub\Universidad\Inteligencia_Artificial\gatos_perros_pandas\animals\panda\panda_00076.jpg,animals\panda\panda_00076.jpg,panda,2,val
D:\GitHub\Universidad\Inteligencia_Artificial\gatos_perros_pandas\animals\cats\cats_00871.jpg,animals\cats\cats_00871.jpg,cats,0,train
D:\GitHub\Universidad\Inteligencia_Artificial\gatos_perros_pandas\animals\panda\panda_00292.jpg,animals\panda\panda_00292.jpg,panda,2,train
D:\GitHub\Universidad\Inteligencia_Artificial\gatos_perros_pandas\animals\panda\panda_00242.jpg,animals\panda\panda_00242.jpg,panda,2,val
D:\GitHub\Universidad\Inteligencia_Artificial\gatos_perros_pandas\animals\dogs\dogs_00845.jpg,animals\dogs\dogs_00845.jpg,dogs,1,test
D:\GitHub\Universidad\Inteligencia_Artificial\gatos_perros_pandas\animals\panda\panda_00011.jpg,animals\panda\panda_00011.jpg,panda,2,train
D:\GitHub\Universidad\Inteligencia_Artificial\gatos_perros_pandas\animals\panda\panda_00234.jpg,animals\panda\panda_00234.jpg,panda,2,train
D:\GitHub\Universidad\Inteligencia_Artificial\gatos_perros_pandas\animals\panda\panda_00343.jpg,animals\panda\panda_00343.jpg,panda,2,train
D:\GitHub\Universidad\Inteligencia_Artificial\gatos_perros_pandas\animals\panda\panda_00525.jpg,animals\panda\panda_00525.jpg,panda,2,train
D:\GitHub\Universidad\Inteligencia_Artificial\gatos_perros_pandas\animals\panda\panda_00627.jpg,animals\panda\panda_00627.jpg,panda,2,val
D:\GitHub\Universidad\Inteligencia_Artificial\gatos_perros_pandas\animals\cats\cats_00943.jpg,animals\cats\cats_00943.jpg,cats,0,train
D:\GitHub\Universidad\Inteligencia_Artificial\gatos_perros_pandas\animals\cats\cats_00088.jpg,animals\cats\cats_00088.jpg,cats,0,val
D:\GitHub\Universidad\Inteligencia_Artificial\gatos_perros_pandas\animals\cats\cats_00458.jpg,animals\cats\cats_00458.jpg,cats,0,train
D:\GitHub\Universidad\Inteligencia_Artificial\gatos_perros_pandas\animals\panda\panda_00053.jpg,animals\panda\panda_00053.jpg,panda,2,train
D:\GitHub\Universidad\Inteligencia_Artificial\gatos_perros_pandas\animals\dogs\dogs_00289.jpg,animals\dogs\dogs_00289.jpg,dogs,1,train
D:\GitHub\Universidad\Inteligencia_Artificial\gatos_perros_pandas\animals\cats\cats_00509.jpg,animals\cats\cats_00509.jpg,cats,0,train
D:\GitHub\Universidad\Inteligencia_Artificial\gatos_perros_pandas\animals\dogs\dogs_00773.jpg,animals\dogs\dogs_00773.jpg,dogs,1,train
D:\GitHub\Universidad\Inteligencia_Artificial\gatos_perros_pandas\animals\dogs\dogs_00601.jpg,animals\dogs\dogs_00601.jpg,dogs,1,train
D:\GitHub\Universidad\Inteligencia_Artificial\gatos_perros_pandas\animals\panda\panda_00461.jpg,animals\panda\panda_00461.jpg,panda,2,val
D:\GitHub\Universidad\Inteligencia_Artificial\gatos_perros_pandas\animals\panda\panda_00440.jpg,animals\panda\panda_00440.jpg,panda,2,test
D:\GitHub\Universidad\Inteligencia_Artificial\gatos_perros_pandas\animals\cats\cats_00275.jpg,animals\cats\cats_00275.jpg,cats,0,test
D:\GitHub\Universidad\Inteligencia_Artificial\gatos_perros_pandas\animals\dogs\dogs_00743.jpg,animals\dogs\dogs_00743.jpg,dogs,1,train
D:\GitHub\Universidad\Inteligencia_Artificial\gatos_perros_pandas\animals\panda\panda_00763.jpg,animals\panda\panda_00763.jpg,panda,2,train
D:\GitHub\Universidad\Inteligencia_Artificial\gatos_perros_pandas\animals\cats\cats_00218.jpg,animals\cats\cats_00218.jpg,cats,0,test
D:\GitHub\Universidad\Inteligencia_Artificial\gatos_perros_pandas\animals\cats\cats_00292.jpg,animals\cats\cats_00292.jpg,cats,0,train
D:\GitHub\Universidad\Inteligencia_Artificial\gatos_perros_pandas\animals\cats\cats_00055.jpg,animals\cats\cats_00055.jpg,cats,0,train
D:\GitHub\Universidad\Inteligencia_Artificial\gatos_perros_pandas\animals\cats\cats_00564.jpg,animals\cats\cats_00564.jpg,cats,0,train
D:\GitHub\Universidad\Inteligencia_Artificial\gatos_perros_pandas\animals\dogs\dogs_00162.jpg,animals\dogs\dogs_00162.jpg,dogs,1,train
D:\GitHub\Universidad\Inteligencia_Artificial\gatos_perros_pandas\animals\dogs\dogs_00310.jpg,animals\dogs\dogs_00310.jpg,dogs,1,train
D:\GitHub\Universidad\Inteligencia_Artificial\gatos_perros_pandas\animals\cats\cats_00177.jpg,animals\cats\cats_00177.jpg,cats,0,train
D:\GitHub\Universidad\Inteligencia_Artificial\gatos_perros_pandas\animals\cats\cats_00488.jpg,animals\cats\cats_00488.jpg,cats,0,train
D:\GitHub\Universidad\Inteligencia_Artificial\gatos_perros_pandas\animals\panda\panda_00454.jpg,animals\panda\panda_00454.jpg,panda,2,train
D:\GitHub\Universidad\Inteligencia_Artificial\gatos_perros_pandas\animals\dogs\dogs_00404.jpg,animals\dogs\dogs_00404.jpg,dogs,1,train
D:\GitHub\Universidad\Inteligencia_Artificial\gatos_perros_pandas\animals\panda\panda_00294.jpg,animals\panda\panda_00294.jpg,panda,2,train
D:\GitHub\Universidad\Inteligencia_Artificial\gatos_perros_pandas\animals\cats\cats_00652.jpg,animals\cats\cats_00652.jpg,cats,0,train
D:\GitHub\Universidad\Inteligencia_Artificial\gatos_perros_pandas\animals\dogs\dogs_00173.jpg,animals\dogs\dogs_00173.jpg,dogs,1,train
D:\GitHub\Universidad\Inteligencia_Artificial\gatos_perros_pandas\animals\panda\panda_00151.jpg,animals\panda\panda_00151.jpg,panda,2,train
D:\GitHub\Universidad\Inteligencia_Artificial\gatos_perros_pandas\animals\dogs\dogs_00547.jpg,animals\dogs\dogs_00547.jpg,dogs,1,val
D:\GitHub\Universidad\Inteligencia_Artificial\gatos_perros_pandas\animals\panda\panda_00785.jpg,animals\panda\panda_00785.jpg,panda,2,train
D:\GitHub\Universidad\Inteligencia_Artificial\gatos_perros_pandas\animals\panda\panda_00231.jpg,animals\panda\panda_00231.jpg,panda,2,train
D:\GitHub\Universidad\Inteligencia_Artificial\gatos_perros_pandas\animals\cats\cats_00183.jpg,animals\cats\cats_00183.jpg,cats,0,val
D:\GitHub\Universidad\Inteligencia_Artificial\gatos_perros_pandas\animals\cats\cats_00154.jpg,animals\cats\cats_00154.jpg,cats,0,train
D:\GitHub\Universidad\Inteligencia_Artificial\gatos_perros_pandas\animals\panda\panda_00505.jpg,animals\panda\panda_00505.jpg,panda,2,train
D:\GitHub\Universidad\Inteligencia_Artificial\gatos_perros_pandas\animals\panda\panda_00217.jpg,animals\panda\panda_00217.jpg,panda,2,train
D:\GitHub\Universidad\Inteligencia_Artificial\gatos_perros_pandas\animals\cats\cats_00761.jpg,animals\cats\cats_00761.jpg,cats,0,train
D:\GitHub\Universidad\Inteligencia_Artificial\gatos_perros_pandas\animals\dogs\dogs_00823.jpg,animals\dogs\dogs_00823.jpg,dogs,1,val
D:\GitHub\Universidad\Inteligencia_Artificial\gatos_perros_pandas\animals\dogs\dogs_00717.jpg,animals\dogs\dogs_00717.jpg,dogs,1,test
D:\GitHub\Universidad\Inteligencia_Artificial\gatos_perros_pandas\animals\panda\panda_00325.jpg,animals\panda\panda_00325.jpg,panda,2,train
D:\GitHub\Universidad\Inteligencia_Artificial\gatos_perros_pandas\animals\panda\panda_00724.jpg,animals\panda\panda_00724.jpg,panda,2,train
D:\GitHub\Universidad\Inteligencia_Artificial\gatos_perros_pandas\animals\dogs\dogs_00755.jpg,animals\dogs\dogs_00755.jpg,dogs,1,train
D:\GitHub\Universidad\Inteligencia_Artificial\gatos_perros_pandas\animals\panda\panda_00313.jpg,animals\panda\panda_00313.jpg,panda,2,train
D:\GitHub\Universidad\Inteligencia_Artificial\gatos_perros_pandas\animals\panda\panda_00278.jpg,animals\panda\panda_00278.jpg,panda,2,train
D:\GitHub\Universidad\Inteligencia_Artificial\gatos_perros_pandas\animals\dogs\dogs_00957.jpg,animals\dogs\dogs_00957.jpg,dogs,1,test
D:\GitHub\Universidad\Inteligencia_Artificial\gatos_perros_pandas\animals\panda\panda_00653.jpg,animals\panda\panda_00653.jpg,panda,2,val
D:\GitHub\Universidad\Inteligencia_Artificial\gatos_perros_pandas\animals\dogs\dogs_00241.jpg,animals\dogs\dogs_00241.jpg,dogs,1,val
D:\GitHub\Universidad\Inteligencia_Artificial\gatos_perros_pandas\animals\dogs\dogs_00740.jpg,animals\dogs\dogs_00740.jpg,dogs,1,val
D:\GitHub\Universidad\Inteligencia_Artificial\gatos_perros_pandas\animals\cats\cats_00688.jpg,animals\cats\cats_00688.jpg,cats,0,val
D:\GitHub\Universidad\Inteligencia_Artificial\gatos_perros_pandas\animals\dogs\dogs_00239.jpg,animals\dogs\dogs_00239.jpg,dogs,1,train
D:\GitHub\Universidad\Inteligencia_Artificial\gatos_perros_pandas\animals\panda\panda_00592.jpg,animals\panda\panda_00592.jpg,panda,2,train
D:\GitHub\Universidad\Inteligencia_Artificial\gatos_perros_pandas\animals\panda\panda_00745.jpg,animals\panda\panda_00745.jpg,panda,2,test
D:\GitHub\Universidad\Inteligencia_Artificial\gatos_perros_pandas\animals\panda\panda_00949.jpg,animals\panda\panda_00949.jpg,panda,2,test
D:\GitHub\Universidad\Inteligencia_Artificial\gatos_perros_pandas\animals\panda\panda_00480.jpg,animals\panda\panda_00480.jpg,panda,2,train
D:\GitHub\Universidad\Inteligencia_Artificial\gatos_perros_pandas\animals\dogs\dogs_00189.jpg,animals\dogs\dogs_00189.jpg,dogs,1,train
D:\GitHub\Universidad\Inteligencia_Artificial\gatos_perros_pandas\animals\panda\panda_00279.jpg,animals\panda\panda_00279.jpg,panda,2,train
D:\GitHub\Universidad\Inteligencia_Artificial\gatos_perros_pandas\animals\cats\cats_00813.jpg,animals\cats\cats_00813.jpg,cats,0,train
D:\GitHub\Universidad\Inteligencia_Artificial\gatos_perros_pandas\animals\panda\panda_00243.jpg,animals\panda\panda_00243.jpg,panda,2,val
D:\GitHub\Universidad\Inteligencia_Artificial\gatos_perros_pandas\animals\dogs\dogs_00104.jpg,animals\dogs\dogs_00104.jpg,dogs,1,train
D:\GitHub\Universidad\Inteligencia_Artificial\gatos_perros_pandas\animals\dogs\dogs_00455.jpg,animals\dogs\dogs_00455.jpg,dogs,1,val
D:\GitHub\Universidad\Inteligencia_Artificial\gatos_perros_pandas\animals\panda\panda_00606.jpg,animals\panda\panda_00606.jpg,panda,2,train
D:\GitHub\Universidad\Inteligencia_Artificial\gatos_perros_pandas\animals\dogs\dogs_00477.jpg,animals\dogs\dogs_00477.jpg,dogs,1,train
D:\GitHub\Universidad\Inteligencia_Artificial\gatos_perros_pandas\animals\cats\cats_00419.jpg,animals\cats\cats_00419.jpg,cats,0,train
D:\GitHub\Universidad\Inteligencia_Artificial\gatos_perros_pandas\animals\dogs\dogs_00561.jpg,animals\dogs\dogs_00561.jpg,dogs,1,train
D:\GitHub\Universidad\Inteligencia_Artificial\gatos_perros_pandas\animals\panda\panda_00660.jpg,animals\panda\panda_00660.jpg,panda,2,train
D:\GitHub\Universidad\Inteligencia_Artificial\gatos_perros_pandas\animals\cats\cats_00056.jpg,animals\cats\cats_00056.jpg,cats,0,train
D:\GitHub\Universidad\Inteligencia_Artificial\gatos_perros_pandas\animals\panda\panda_00677.jpg,animals\panda\panda_00677.jpg,panda,2,val
D:\GitHub\Universidad\Inteligencia_Artificial\gatos_perros_pandas\animals\dogs\dogs_00879.jpg,animals\dogs\dogs_00879.jpg,dogs,1,test
D:\GitHub\Universidad\Inteligencia_Artificial\gatos_perros_pandas\animals\cats\cats_00144.jpg,animals\cats\cats_00144.jpg,cats,0,train
D:\GitHub\Universidad\Inteligencia_Artificial\gatos_perros_pandas\animals\panda\panda_00514.jpg,animals\panda\panda_00514.jpg,panda,2,train
D:\GitHub\Universidad\Inteligencia_Artificial\gatos_perros_pandas\animals\panda\panda_00326.jpg,animals\panda\panda_00326.jpg,panda,2,train
D:\GitHub\Universidad\Inteligencia_Artificial\gatos_perros_pandas\animals\panda\panda_00695.jpg,animals\panda\panda_00695.jpg,panda,2,val
D:\GitHub\Universidad\Inteligencia_Artificial\gatos_perros_pandas\animals\dogs\dogs_00064.jpg,animals\dogs\dogs_00064.jpg,dogs,1,train
D:\GitHub\Universidad\Inteligencia_Artificial\gatos_perros_pandas\animals\panda\panda_00563.jpg,animals\panda\panda_00563.jpg,panda,2,train
D:\GitHub\Universidad\Inteligencia_Artificial\gatos_perros_pandas\animals\dogs\dogs_00079.jpg,animals\dogs\dogs_00079.jpg,dogs,1,train
D:\GitHub\Universidad\Inteligencia_Artificial\gatos_perros_pandas\animals\dogs\dogs_00469.jpg,animals\dogs\dogs_00469.jpg,dogs,1,train
D:\GitHub\Universidad\Inteligencia_Artificial\gatos_perros_pandas\animals\cats\cats_00392.jpg,animals\cats\cats_00392.jpg,cats,0,train
D:\GitHub\Universidad\Inteligencia_Artificial\gatos_perros_pandas\animals\cats\cats_00367.jpg,animals\cats\cats_00367.jpg,cats,0,train
D:\GitHub\Universidad\Inteligencia_Artificial\gatos_perros_pandas\animals\cats\cats_00972.jpg,animals\cats\cats_00972.jpg,cats,0,val
D:\GitHub\Universidad\Inteligencia_Artificial\gatos_perros_pandas\animals\dogs\dogs_00080.jpg,animals\dogs\dogs_00080.jpg,dogs,1,train
D:\GitHub\Universidad\Inteligencia_Artificial\gatos_perros_pandas\animals\panda\panda_00950.jpg,animals\panda\panda_00950.jpg,panda,2,train
D:\GitHub\Universidad\Inteligencia_Artificial\gatos_perros_pandas\animals\cats\cats_00660.jpg,animals\cats\cats_00660.jpg,cats,0,train
D:\GitHub\Universidad\Inteligencia_Artificial\gatos_perros_pandas\animals\cats\cats_00534.jpg,animals\cats\cats_00534.jpg,cats,0,train
D:\GitHub\Universidad\Inteligencia_Artificial\gatos_perros_pandas\animals\panda\panda_00759.jpg,animals\panda\panda_00759.jpg,panda,2,train
D:\GitHub\Universidad\Inteligencia_Artificial\gatos_perros_pandas\animals\cats\cats_00197.jpg,animals\cats\cats_00197.jpg,cats,0,test
D:\GitHub\Universidad\Inteligencia_Artificial\gatos_perros_pandas\animals\dogs\dogs_00085.jpg,animals\dogs\dogs_00085.jpg,dogs,1,train
D:\GitHub\Universidad\Inteligencia_Artificial\gatos_perros_pandas\animals\cats\cats_00975.jpg,animals\cats\cats_00975.jpg,cats,0,test
D:\GitHub\Universidad\Inteligencia_Artificial\gatos_perros_pandas\animals\panda\panda_00743.jpg,animals\panda\panda_00743.jpg,panda,2,train
D:\GitHub\Universidad\Inteligencia_Artificial\gatos_perros_pandas\animals\panda\panda_00945.jpg,animals\panda\panda_00945.jpg,panda,2,train
D:\GitHub\Universidad\Inteligencia_Artificial\gatos_perros_pandas\animals\panda\panda_00100.jpg,animals\panda\panda_00100.jpg,panda,2,train
D:\GitHub\Universidad\Inteligencia_Artificial\gatos_perros_pandas\animals\dogs\dogs_00366.jpg,animals\dogs\dogs_00366.jpg,dogs,1,train
D:\GitHub\Universidad\Inteligencia_Artificial\gatos_perros_pandas\animals\dogs\dogs_00826.jpg,animals\dogs\dogs_00826.jpg,dogs,1,train
D:\GitHub\Universidad\Inteligencia_Artificial\gatos_perros_pandas\animals\panda\panda_00428.jpg,animals\panda\panda_00428.jpg,panda,2,train
D:\GitHub\Universidad\Inteligencia_Artificial\gatos_perros_pandas\animals\cats\cats_00160.jpg,animals\cats\cats_00160.jpg,cats,0,test
D:\GitHub\Universidad\Inteligencia_Artificial\gatos_perros_pandas\animals\dogs\dogs_00904.jpg,animals\dogs\dogs_00904.jpg,dogs,1,test
D:\GitHub\Universidad\Inteligencia_Artificial\gatos_perros_pandas\animals\cats\cats_00326.jpg,animals\cats\cats_00326.jpg,cats,0,train
D:\GitHub\Universidad\Inteligencia_Artificial\gatos_perros_pandas\animals\dogs\dogs_00575.jpg,animals\dogs\dogs_00575.jpg,dogs,1,train
D:\GitHub\Universidad\Inteligencia_Artificial\gatos_perros_pandas\animals\dogs\dogs_00060.jpg,animals\dogs\dogs_00060.jpg,dogs,1,train
D:\GitHub\Universidad\Inteligencia_Artificial\gatos_perros_pandas\animals\cats\cats_00362.jpg,animals\cats\cats_00362.jpg,cats,0,train
D:\GitHub\Universidad\Inteligencia_Artificial\gatos_perros_pandas\animals\dogs\dogs_00721.jpg,animals\dogs\dogs_00721.jpg,dogs,1,train
D:\GitHub\Universidad\Inteligencia_Artificial\gatos_perros_pandas\animals\dogs\dogs_00996.jpg,animals\dogs\dogs_00996.jpg,dogs,1,test
D:\GitHub\Universidad\Inteligencia_Artificial\gatos_perros_pandas\animals\panda\panda_00302.jpg,animals\panda\panda_00302.jpg,panda,2,train
D:\GitHub\Universidad\Inteligencia_Artificial\gatos_perros_pandas\animals\panda\panda_00996.jpg,animals\panda\panda_00996.jpg,panda,2,val
D:\GitHub\Universidad\Inteligencia_Artificial\gatos_perros_pandas\animals\panda\panda_00287.jpg,animals\panda\panda_00287.jpg,panda,2,train
D:\GitHub\Universidad\Inteligencia_Artificial\gatos_perros_pandas\animals\cats\cats_00870.jpg,animals\cats\cats_00870.jpg,cats,0,train
D:\GitHub\Universidad\Inteligencia_Artificial\gatos_perros_pandas\animals\dogs\dogs_00751.jpg,animals\dogs\dogs_00751.jpg,dogs,1,train
D:\GitHub\Universidad\Inteligencia_Artificial\gatos_perros_pandas\animals\cats\cats_00631.jpg,animals\cats\cats_00631.jpg,cats,0,train
D:\GitHub\Universidad\Inteligencia_Artificial\gatos_perros_pandas\animals\panda\panda_00825.jpg,animals\panda\panda_00825.jpg,panda,2,train
D:\GitHub\Universidad\Inteligencia_Artificial\gatos_perros_pandas\animals\cats\cats_00890.jpg,animals\cats\cats_00890.jpg,cats,0,train
D:\GitHub\Universidad\Inteligencia_Artificial\gatos_perros_pandas\animals\cats\cats_00140.jpg,animals\cats\cats_00140.jpg,cats,0,train
D:\GitHub\Universidad\Inteligencia_Artificial\gatos_perros_pandas\animals\dogs\dogs_00100.jpg,animals\dogs\dogs_00100.jpg,dogs,1,train
D:\GitHub\Universidad\Inteligencia_Artificial\gatos_perros_pandas\animals\dogs\dogs_00115.jpg,animals\dogs\dogs_00115.jpg,dogs,1,train
D:\GitHub\Universidad\Inteligencia_Artificial\gatos_perros_pandas\animals\cats\cats_00274.jpg,animals\cats\cats_00274.jpg,cats,0,test
D:\GitHub\Universidad\Inteligencia_Artificial\gatos_perros_pandas\animals\cats\cats_00480.jpg,animals\cats\cats_00480.jpg,cats,0,val
D:\GitHub\Universidad\Inteligencia_Artificial\gatos_perros_pandas\animals\cats\cats_00957.jpg,animals\cats\cats_00957.jpg,cats,0,val
D:\GitHub\Universidad\Inteligencia_Artificial\gatos_perros_pandas\animals\cats\cats_00300.jpg,animals\cats\cats_00300.jpg,cats,0,train
D:\GitHub\Universidad\Inteligencia_Artificial\gatos_perros_pandas\animals\panda\panda_00684.jpg,animals\panda\panda_00684.jpg,panda,2,val
D:\GitHub\Universidad\Inteligencia_Artificial\gatos_perros_pandas\animals\dogs\dogs_00388.jpg,animals\dogs\dogs_00388.jpg,dogs,1,train
D:\GitHub\Universidad\Inteligencia_Artificial\gatos_perros_pandas\animals\panda\panda_00275.jpg,animals\panda\panda_00275.jpg,panda,2,train
D:\GitHub\Universidad\Inteligencia_Artificial\gatos_perros_pandas\animals\cats\cats_00656.jpg,animals\cats\cats_00656.jpg,cats,0,test
D:\GitHub\Universidad\Inteligencia_Artificial\gatos_perros_pandas\animals\dogs\dogs_00580.jpg,animals\dogs\dogs_00580.jpg,dogs,1,val
D:\GitHub\Universidad\Inteligencia_Artificial\gatos_perros_pandas\animals\cats\cats_00359.jpg,animals\cats\cats_00359.jpg,cats,0,train
D:\GitHub\Universidad\Inteligencia_Artificial\gatos_perros_pandas\animals\dogs\dogs_00699.jpg,animals\dogs\dogs_00699.jpg,dogs,1,train
D:\GitHub\Universidad\Inteligencia_Artificial\gatos_perros_pandas\animals\cats\cats_00100.jpg,animals\cats\cats_00100.jpg,cats,0,test
D:\GitHub\Universidad\Inteligencia_Artificial\gatos_perros_pandas\animals\cats\cats_00021.jpg,animals\cats\cats_00021.jpg,cats,0,train
D:\GitHub\Universidad\Inteligencia_Artificial\gatos_perros_pandas\animals\dogs\dogs_00496.jpg,animals\dogs\dogs_00496.jpg,dogs,1,val
D:\GitHub\Universidad\Inteligencia_Artificial\gatos_perros_pandas\animals\dogs\dogs_00148.jpg,animals\dogs\dogs_00148.jpg,dogs,1,val
D:\GitHub\Universidad\Inteligencia_Artificial\gatos_perros_pandas\animals\panda\panda_00042.jpg,animals\panda\panda_00042.jpg,panda,2,train
D:\GitHub\Universidad\Inteligencia_Artificial\gatos_perros_pandas\animals\cats\cats_00404.jpg,animals\cats\cats_00404.jpg,cats,0,train
D:\GitHub\Universidad\Inteligencia_Artificial\gatos_perros_pandas\animals\cats\cats_00282.jpg,animals\cats\cats_00282.jpg,cats,0,test
D:\GitHub\Universidad\Inteligencia_Artificial\gatos_perros_pandas\animals\panda\panda_00466.jpg,animals\panda\panda_00466.jpg,panda,2,train
D:\GitHub\Universidad\Inteligencia_Artificial\gatos_perros_pandas\animals\panda\panda_00393.jpg,animals\panda\panda_00393.jpg,panda,2,val
D:\GitHub\Universidad\Inteligencia_Artificial\gatos_perros_pandas\animals\dogs\dogs_00181.jpg,animals\dogs\dogs_00181.jpg,dogs,1,train
D:\GitHub\Universidad\Inteligencia_Artificial\gatos_perros_pandas\animals\dogs\dogs_00814.jpg,animals\dogs\dogs_00814.jpg,dogs,1,val
D:\GitHub\Universidad\Inteligencia_Artificial\gatos_perros_pandas\animals\cats\cats_00297.jpg,animals\cats\cats_00297.jpg,cats,0,test
D:\GitHub\Universidad\Inteligencia_Artificial\gatos_perros_pandas\animals\dogs\dogs_00352.jpg,animals\dogs\dogs_00352.jpg,dogs,1,train
D:\GitHub\Universidad\Inteligencia_Artificial\gatos_perros_pandas\animals\cats\cats_00492.jpg,animals\cats\cats_00492.jpg,cats,0,train
D:\GitHub\Universidad\Inteligencia_Artificial\gatos_perros_pandas\animals\cats\cats_00041.jpg,animals\cats\cats_00041.jpg,cats,0,train
D:\GitHub\Universidad\Inteligencia_Artificial\gatos_perros_pandas\animals\cats\cats_00412.jpg,animals\cats\cats_00412.jpg,cats,0,train
D:\GitHub\Universidad\Inteligencia_Artificial\gatos_perros_pandas\animals\cats\cats_00571.jpg,animals\cats\cats_00571.jpg,cats,0,test
D:\GitHub\Universidad\Inteligencia_Artificial\gatos_perros_pandas\animals\dogs\dogs_00719.jpg,animals\dogs\dogs_00719.jpg,dogs,1,train
D:\GitHub\Universidad\Inteligencia_Artificial\gatos_perros_pandas\animals\dogs\dogs_00095.jpg,animals\dogs\dogs_00095.jpg,dogs,1,train
D:\GitHub\Universidad\Inteligencia_Artificial\gatos_perros_pandas\animals\panda\panda_00775.jpg,animals\panda\panda_00775.jpg,panda,2,test
D:\GitHub\Universidad\Inteligencia_Artificial\gatos_perros_pandas\animals\cats\cats_00869.jpg,animals\cats\cats_00869.jpg,cats,0,train
D:\GitHub\Universidad\Inteligencia_Artificial\gatos_perros_pandas\animals\dogs\dogs_00893.jpg,animals\dogs\dogs_00893.jpg,dogs,1,train
D:\GitHub\Universidad\Inteligencia_Artificial\gatos_perros_pandas\animals\dogs\dogs_00711.jpg,animals\dogs\dogs_00711.jpg,dogs,1,test
D:\GitHub\Universidad\Inteligencia_Artificial\gatos_perros_pandas\animals\cats\cats_00613.jpg,animals\cats\cats_00613.jpg,cats,0,train
D:\GitHub\Universidad\Inteligencia_Artificial\gatos_perros_pandas\animals\panda\panda_00445.jpg,animals\panda\panda_00445.jpg,panda,2,train
D:\GitHub\Universidad\Inteligencia_Artificial\gatos_perros_pandas\animals\dogs\dogs_00015.jpg,animals\dogs\dogs_00015.jpg,dogs,1,val
D:\GitHub\Universidad\Inteligencia_Artificial\gatos_perros_pandas\animals\cats\cats_00858.jpg,animals\cats\cats_00858.jpg,cats,0,train
D:\GitHub\Universidad\Inteligencia_Artificial\gatos_perros_pandas\animals\cats\cats_00396.jpg,animals\cats\cats_00396.jpg,cats,0,train
D:\GitHub\Universidad\Inteligencia_Artificial\gatos_perros_pandas\animals\cats\cats_00357.jpg,animals\cats\cats_00357.jpg,cats,0,train
D:\GitHub\Universidad\Inteligencia_Artificial\gatos_perros_pandas\animals\cats\cats_00993.jpg,animals\cats\cats_00993.jpg,cats,0,test
D:\GitHub\Universidad\Inteligencia_Artificial\gatos_perros_pandas\animals\cats\cats_00171.jpg,animals\cats\cats_00171.jpg,cats,0,train
D:\GitHub\Universidad\Inteligencia_Artificial\gatos_perros_pandas\animals\panda\panda_00593.jpg,animals\panda\panda_00593.jpg,panda,2,train
D:\GitHub\Universidad\Inteligencia_Artificial\gatos_perros_pandas\animals\panda\panda_00889.jpg,animals\panda\panda_00889.jpg,panda,2,test
D:\GitHub\Universidad\Inteligencia_Artificial\gatos_perros_pandas\animals\panda\panda_00283.jpg,animals\panda\panda_00283.jpg,panda,2,train
D:\GitHub\Universidad\Inteligencia_Artificial\gatos_perros_pandas\animals\panda\panda_00626.jpg,animals\panda\panda_00626.jpg,panda,2,train
D:\GitHub\Universidad\Inteligencia_Artificial\gatos_perros_pandas\animals\panda\panda_00205.jpg,animals\panda\panda_00205.jpg,panda,2,test
D:\GitHub\Universidad\Inteligencia_Artificial\gatos_perros_pandas\animals\dogs\dogs_00713.jpg,animals\dogs\dogs_00713.jpg,dogs,1,train
D:\GitHub\Universidad\Inteligencia_Artificial\gatos_perros_pandas\animals\dogs\dogs_00434.jpg,animals\dogs\dogs_00434.jpg,dogs,1,train
D:\GitHub\Universidad\Inteligencia_Artificial\gatos_perros_pandas\animals\panda\panda_00394.jpg,animals\panda\panda_00394.jpg,panda,2,train
D:\GitHub\Universidad\Inteligencia_Artificial\gatos_perros_pandas\animals\cats\cats_00199.jpg,animals\cats\cats_00199.jpg,cats,0,train
D:\GitHub\Universidad\Inteligencia_Artificial\gatos_perros_pandas\animals\panda\panda_00867.jpg,animals\panda\panda_00867.jpg,panda,2,train
D:\GitHub\Universidad\Inteligencia_Artificial\gatos_perros_pandas\animals\panda\panda_00755.jpg,animals\panda\panda_00755.jpg,panda,2,train
D:\GitHub\Universidad\Inteligencia_Artificial\gatos_perros_pandas\animals\cats\cats_00633.jpg,animals\cats\cats_00633.jpg,cats,0,train
D:\GitHub\Universidad\Inteligencia_Artificial\gatos_perros_pandas\animals\dogs\dogs_00848.jpg,animals\dogs\dogs_00848.jpg,dogs,1,train
D:\GitHub\Universidad\Inteligencia_Artificial\gatos_perros_pandas\animals\cats\cats_00118.jpg,animals\cats\cats_00118.jpg,cats,0,val
D:\GitHub\Universidad\Inteligencia_Artificial\gatos_perros_pandas\animals\cats\cats_00781.jpg,animals\cats\cats_00781.jpg,cats,0,val
D:\GitHub\Universidad\Inteligencia_Artificial\gatos_perros_pandas\animals\cats\cats_00685.jpg,animals\cats\cats_00685.jpg,cats,0,train
D:\GitHub\Universidad\Inteligencia_Artificial\gatos_perros_pandas\animals\dogs\dogs_00517.jpg,animals\dogs\dogs_00517.jpg,dogs,1,train
D:\GitHub\Universidad\Inteligencia_Artificial\gatos_perros_pandas\animals\panda\panda_00671.jpg,animals\panda\panda_00671.jpg,panda,2,train
D:\GitHub\Universidad\Inteligencia_Artificial\gatos_perros_pandas\animals\panda\panda_00554.jpg,animals\panda\panda_00554.jpg,panda,2,train
D:\GitHub\Universidad\Inteligencia_Artificial\gatos_perros_pandas\animals\cats\cats_00499.jpg,animals\cats\cats_00499.jpg,cats,0,train
D:\GitHub\Universidad\Inteligencia_Artificial\gatos_perros_pandas\animals\cats\cats_00070.jpg,animals\cats\cats_00070.jpg,cats,0,val
D:\GitHub\Universidad\Inteligencia_Artificial\gatos_perros_pandas\animals\panda\panda_00779.jpg,animals\panda\panda_00779.jpg,panda,2,train
D:\GitHub\Universidad\Inteligencia_Artificial\gatos_perros_pandas\animals\dogs\dogs_00822.jpg,animals\dogs\dogs_00822.jpg,dogs,1,train
D:\GitHub\Universidad\Inteligencia_Artificial\gatos_perros_pandas\animals\dogs\dogs_00004.jpg,animals\dogs\dogs_00004.jpg,dogs,1,train
D:\GitHub\Universidad\Inteligencia_Artificial\gatos_perros_pandas\animals\cats\cats_00950.jpg,animals\cats\cats_00950.jpg,cats,0,train
D:\GitHub\Universidad\Inteligencia_Artificial\gatos_perros_pandas\animals\cats\cats_00977.jpg,animals\cats\cats_00977.jpg,cats,0,train
D:\GitHub\Universidad\Inteligencia_Artificial\gatos_perros_pandas\animals\panda\panda_00998.jpg,animals\panda\panda_00998.jpg,panda,2,train
D:\GitHub\Universidad\Inteligencia_Artificial\gatos_perros_pandas\animals\panda\panda_00739.jpg,animals\panda\panda_00739.jpg,panda,2,val
D:\GitHub\Universidad\Inteligencia_Artificial\gatos_perros_pandas\animals\panda\panda_00829.jpg,animals\panda\panda_00829.jpg,panda,2,val
D:\GitHub\Universidad\Inteligencia_Artificial\gatos_perros_pandas\animals\dogs\dogs_00628.jpg,animals\dogs\dogs_00628.jpg,dogs,1,train
D:\GitHub\Universidad\Inteligencia_Artificial\gatos_perros_pandas\animals\panda\panda_00697.jpg,animals\panda\panda_00697.jpg,panda,2,train
D:\GitHub\Universidad\Inteligencia_Artificial\gatos_perros_pandas\animals\dogs\dogs_00952.jpg,animals\dogs\dogs_00952.jpg,dogs,1,train
D:\GitHub\Universidad\Inteligencia_Artificial\gatos_perros_pandas\animals\panda\panda_00083.jpg,animals\panda\panda_00083.jpg,panda,2,train
D:\GitHub\Universidad\Inteligencia_Artificial\gatos_perros_pandas\animals\cats\cats_00016.jpg,animals\cats\cats_00016.jpg,cats,0,train
D:\GitHub\Universidad\Inteligencia_Artificial\gatos_perros_pandas\animals\dogs\dogs_00653.jpg,animals\dogs\dogs_00653.jpg,dogs,1,train
D:\GitHub\Universidad\Inteligencia_Artificial\gatos_perros_pandas\animals\dogs\dogs_00470.jpg,animals\dogs\dogs_00470.jpg,dogs,1,train
D:\GitHub\Universidad\Inteligencia_Artificial\gatos_perros_pandas\animals\cats\cats_00746.jpg,animals\cats\cats_00746.jpg,cats,0,train
D:\GitHub\Universidad\Inteligencia_Artificial\gatos_perros_pandas\animals\cats\cats_00491.jpg,animals\cats\cats_00491.jpg,cats,0,train
D:\GitHub\Universidad\Inteligencia_Artificial\gatos_perros_pandas\animals\cats\cats_00907.jpg,animals\cats\cats_00907.jpg,cats,0,test
D:\GitHub\Universidad\Inteligencia_Artificial\gatos_perros_pandas\animals\cats\cats_00856.jpg,animals\cats\cats_00856.jpg,cats,0,val
D:\GitHub\Universidad\Inteligencia_Artificial\gatos_perros_pandas\animals\dogs\dogs_00435.jpg,animals\dogs\dogs_00435.jpg,dogs,1,train
D:\GitHub\Universidad\Inteligencia_Artificial\gatos_perros_pandas\animals\panda\panda_00527.jpg,animals\panda\panda_00527.jpg,panda,2,train
D:\GitHub\Universidad\Inteligencia_Artificial\gatos_perros_pandas\animals\panda\panda_00315.jpg,animals\panda\panda_00315.jpg,panda,2,train
D:\GitHub\Universidad\Inteligencia_Artificial\gatos_perros_pandas\animals\dogs\dogs_00992.jpg,animals\dogs\dogs_00992.jpg,dogs,1,test
D:\GitHub\Universidad\Inteligencia_Artificial\gatos_perros_pandas\animals\cats\cats_00730.jpg,animals\cats\cats_00730.jpg,cats,0,train
D:\GitHub\Universidad\Inteligencia_Artificial\gatos_perros_pandas\animals\cats\cats_00152.jpg,animals\cats\cats_00152.jpg,cats,0,train
D:\GitHub\Universidad\Inteligencia_Artificial\gatos_perros_pandas\animals\dogs\dogs_00933.jpg,animals\dogs\dogs_00933.jpg,dogs,1,train
D:\GitHub\Universidad\Inteligencia_Artificial\gatos_perros_pandas\animals\cats\cats_00514.jpg,animals\cats\cats_00514.jpg,cats,0,train
D:\GitHub\Universidad\Inteligencia_Artificial\gatos_perros_pandas\animals\panda\panda_00355.jpg,animals\panda\panda_00355.jpg,panda,2,train
D:\GitHub\Universidad\Inteligencia_Artificial\gatos_perros_pandas\animals\cats\cats_00903.jpg,animals\cats\cats_00903.jpg,cats,0,train
D:\GitHub\Universidad\Inteligencia_Artificial\gatos_perros_pandas\animals\dogs\dogs_00009.jpg,animals\dogs\dogs_00009.jpg,dogs,1,train
D:\GitHub\Universidad\Inteligencia_Artificial\gatos_perros_pandas\animals\cats\cats_00194.jpg,animals\cats\cats_00194.jpg,cats,0,train
D:\GitHub\Universidad\Inteligencia_Artificial\gatos_perros_pandas\animals\panda\panda_00919.jpg,animals\panda\panda_00919.jpg,panda,2,train
D:\GitHub\Universidad\Inteligencia_Artificial\gatos_perros_pandas\animals\panda\panda_00498.jpg,animals\panda\panda_00498.jpg,panda,2,train
D:\GitHub\Universidad\Inteligencia_Artificial\gatos_perros_pandas\animals\dogs\dogs_00335.jpg,animals\dogs\dogs_00335.jpg,dogs,1,train
D:\GitHub\Universidad\Inteligencia_Artificial\gatos_perros_pandas\animals\panda\panda_00384.jpg,animals\panda\panda_00384.jpg,panda,2,train
D:\GitHub\Universidad\Inteligencia_Artificial\gatos_perros_pandas\animals\dogs\dogs_00250.jpg,animals\dogs\dogs_00250.jpg,dogs,1,val
D:\GitHub\Universidad\Inteligencia_Artificial\gatos_perros_pandas\animals\cats\cats_00855.jpg,animals\cats\cats_00855.jpg,cats,0,test
D:\GitHub\Universidad\Inteligencia_Artificial\gatos_perros_pandas\animals\dogs\dogs_00515.jpg,animals\dogs\dogs_00515.jpg,dogs,1,val
D:\GitHub\Universidad\Inteligencia_Artificial\gatos_perros_pandas\animals\panda\panda_00035.jpg,animals\panda\panda_00035.jpg,panda,2,train
D:\GitHub\Universidad\Inteligencia_Artificial\gatos_perros_pandas\animals\cats\cats_00724.jpg,animals\cats\cats_00724.jpg,cats,0,train
D:\GitHub\Universidad\Inteligencia_Artificial\gatos_perros_pandas\animals\dogs\dogs_00123.jpg,animals\dogs\dogs_00123.jpg,dogs,1,train
D:\GitHub\Universidad\Inteligencia_Artificial\gatos_perros_pandas\animals\panda\panda_00989.jpg,animals\panda\panda_00989.jpg,panda,2,train
D:\GitHub\Universidad\Inteligencia_Artificial\gatos_perros_pandas\animals\panda\panda_00296.jpg,animals\panda\panda_00296.jpg,panda,2,test
D:\GitHub\Universidad\Inteligencia_Artificial\gatos_perros_pandas\animals\panda\panda_00612.jpg,animals\panda\panda_00612.jpg,panda,2,test
D:\GitHub\Universidad\Inteligencia_Artificial\gatos_perros_pandas\animals\dogs\dogs_00825.jpg,animals\dogs\dogs_00825.jpg,dogs,1,train
D:\GitHub\Universidad\Inteligencia_Artificial\gatos_perros_pandas\animals\panda\panda_00499.jpg,animals\panda\panda_00499.jpg,panda,2,train
D:\GitHub\Universidad\Inteligencia_Artificial\gatos_perros_pandas\animals\panda\panda_00317.jpg,animals\panda\panda_00317.jpg,panda,2,val
D:\GitHub\Universidad\Inteligencia_Artificial\gatos_perros_pandas\animals\panda\panda_00236.jpg,animals\panda\panda_00236.jpg,panda,2,train
D:\GitHub\Universidad\Inteligencia_Artificial\gatos_perros_pandas\animals\dogs\dogs_00854.jpg,animals\dogs\dogs_00854.jpg,dogs,1,val
D:\GitHub\Universidad\Inteligencia_Artificial\gatos_perros_pandas\animals\cats\cats_00910.jpg,animals\cats\cats_00910.jpg,cats,0,train
D:\GitHub\Universidad\Inteligencia_Artificial\gatos_perros_pandas\animals\dogs\dogs_00729.jpg,animals\dogs\dogs_00729.jpg,dogs,1,train
D:\GitHub\Universidad\Inteligencia_Artificial\gatos_perros_pandas\animals\cats\cats_00344.jpg,animals\cats\cats_00344.jpg,cats,0,train
D:\GitHub\Universidad\Inteligencia_Artificial\gatos_perros_pandas\animals\cats\cats_00207.jpg,animals\cats\cats_00207.jpg,cats,0,train
D:\GitHub\Universidad\Inteligencia_Artificial\gatos_perros_pandas\animals\dogs\dogs_00147.jpg,animals\dogs\dogs_00147.jpg,dogs,1,train
D:\GitHub\Universidad\Inteligencia_Artificial\gatos_perros_pandas\animals\dogs\dogs_00401.jpg,animals\dogs\dogs_00401.jpg,dogs,1,train
D:\GitHub\Universidad\Inteligencia_Artificial\gatos_perros_pandas\animals\panda\panda_00747.jpg,animals\panda\panda_00747.jpg,panda,2,train
D:\GitHub\Universidad\Inteligencia_Artificial\gatos_perros_pandas\animals\dogs\dogs_00425.jpg,animals\dogs\dogs_00425.jpg,dogs,1,val
D:\GitHub\Universidad\Inteligencia_Artificial\gatos_perros_pandas\animals\dogs\dogs_00596.jpg,animals\dogs\dogs_00596.jpg,dogs,1,train
D:\GitHub\Universidad\Inteligencia_Artificial\gatos_perros_pandas\animals\dogs\dogs_00528.jpg,animals\dogs\dogs_00528.jpg,dogs,1,train
D:\GitHub\Universidad\Inteligencia_Artificial\gatos_perros_pandas\animals\panda\panda_00273.jpg,animals\panda\panda_00273.jpg,panda,2,train
D:\GitHub\Universidad\Inteligencia_Artificial\gatos_perros_pandas\animals\dogs\dogs_00185.jpg,animals\dogs\dogs_00185.jpg,dogs,1,train
D:\GitHub\Universidad\Inteligencia_Artificial\gatos_perros_pandas\animals\dogs\dogs_00689.jpg,animals\dogs\dogs_00689.jpg,dogs,1,test
D:\GitHub\Universidad\Inteligencia_Artificial\gatos_perros_pandas\animals\cats\cats_00771.jpg,animals\cats\cats_00771.jpg,cats,0,train
D:\GitHub\Universidad\Inteligencia_Artificial\gatos_perros_pandas\animals\cats\cats_00464.jpg,animals\cats\cats_00464.jpg,cats,0,train
D:\GitHub\Universidad\Inteligencia_Artificial\gatos_perros_pandas\animals\panda\panda_00156.jpg,animals\panda\panda_00156.jpg,panda,2,train
D:\GitHub\Universidad\Inteligencia_Artificial\gatos_perros_pandas\animals\panda\panda_00420.jpg,animals\panda\panda_00420.jpg,panda,2,val
D:\GitHub\Universidad\Inteligencia_Artificial\gatos_perros_pandas\animals\dogs\dogs_00890.jpg,animals\dogs\dogs_00890.jpg,dogs,1,val
D:\GitHub\Universidad\Inteligencia_Artificial\gatos_perros_pandas\animals\cats\cats_00807.jpg,animals\cats\cats_00807.jpg,cats,0,train
D:\GitHub\Universidad\Inteligencia_Artificial\gatos_perros_pandas\animals\panda\panda_00803.jpg,animals\panda\panda_00803.jpg,panda,2,train
D:\GitHub\Universidad\Inteligencia_Artificial\gatos_perros_pandas\animals\cats\cats_00859.jpg,animals\cats\cats_00859.jpg,cats,0,train
D:\GitHub\Universidad\Inteligencia_Artificial\gatos_perros_pandas\animals\cats\cats_00029.jpg,animals\cats\cats_00029.jpg,cats,0,train
D:\GitHub\Universidad\Inteligencia_Artificial\gatos_perros_pandas\animals\dogs\dogs_00432.jpg,animals\dogs\dogs_00432.jpg,dogs,1,train
D:\GitHub\Universidad\Inteligencia_Artificial\gatos_perros_pandas\animals\panda\panda_00579.jpg,animals\panda\panda_00579.jpg,panda,2,train
D:\GitHub\Universidad\Inteligencia_Artificial\gatos_perros_pandas\animals\cats\cats_00790.jpg,animals\cats\cats_00790.jpg,cats,0,train
D:\GitHub\Universidad\Inteligencia_Artificial\gatos_perros_pandas\animals\dogs\dogs_00938.jpg,animals\dogs\dogs_00938.jpg,dogs,1,train
D:\GitHub\Universidad\Inteligencia_Artificial\gatos_perros_pandas\animals\cats\cats_00532.jpg,animals\cats\cats_00532.jpg,cats,0,train
D:\GitHub\Universidad\Inteligencia_Artificial\gatos_perros_pandas\animals\dogs\dogs_00453.jpg,animals\dogs\dogs_00453.jpg,dogs,1,test
D:\GitHub\Universidad\Inteligencia_Artificial\gatos_perros_pandas\animals\panda\panda_00065.jpg,animals\panda\panda_00065.jpg,panda,2,test
D:\GitHub\Universidad\Inteligencia_Artificial\gatos_perros_pandas\animals\cats\cats_00768.jpg,animals\cats\cats_00768.jpg,cats,0,val
D:\GitHub\Universidad\Inteligencia_Artificial\gatos_perros_pandas\animals\dogs\dogs_00972.jpg,animals\dogs\dogs_00972.jpg,dogs,1,train
D:\GitHub\Universidad\Inteligencia_Artificial\gatos_perros_pandas\animals\dogs\dogs_00668.jpg,animals\dogs\dogs_00668.jpg,dogs,1,test
D:\GitHub\Universidad\Inteligencia_Artificial\gatos_perros_pandas\animals\dogs\dogs_00277.jpg,animals\dogs\dogs_00277.jpg,dogs,1,train
D:\GitHub\Universidad\Inteligencia_Artificial\gatos_perros_pandas\animals\panda\panda_00256.jpg,animals\panda\panda_00256.jpg,panda,2,val
D:\GitHub\Universidad\Inteligencia_Artificial\gatos_perros_pandas\animals\cats\cats_00252.jpg,animals\cats\cats_00252.jpg,cats,0,train
D:\GitHub\Universidad\Inteligencia_Artificial\gatos_perros_pandas\animals\dogs\dogs_00918.jpg,animals\dogs\dogs_00918.jpg,dogs,1,train
D:\GitHub\Universidad\Inteligencia_Artificial\gatos_perros_pandas\animals\dogs\dogs_00096.jpg,animals\dogs\dogs_00096.jpg,dogs,1,val
D:\GitHub\Universidad\Inteligencia_Artificial\gatos_perros_pandas\animals\dogs\dogs_00620.jpg,animals\dogs\dogs_00620.jpg,dogs,1,train
D:\GitHub\Universidad\Inteligencia_Artificial\gatos_perros_pandas\animals\panda\panda_00524.jpg,animals\panda\panda_00524.jpg,panda,2,train
D:\GitHub\Universidad\Inteligencia_Artificial\gatos_perros_pandas\animals\cats\cats_00543.jpg,animals\cats\cats_00543.jpg,cats,0,train
D:\GitHub\Universidad\Inteligencia_Artificial\gatos_perros_pandas\animals\panda\panda_00285.jpg,animals\panda\panda_00285.jpg,panda,2,train
D:\GitHub\Universidad\Inteligencia_Artificial\gatos_perros_pandas\animals\panda\panda_00170.jpg,animals\panda\panda_00170.jpg,panda,2,train
D:\GitHub\Universidad\Inteligencia_Artificial\gatos_perros_pandas\animals\panda\panda_00721.jpg,animals\panda\panda_00721.jpg,panda,2,val
D:\GitHub\Universidad\Inteligencia_Artificial\gatos_perros_pandas\animals\panda\panda_00503.jpg,animals\panda\panda_00503.jpg,panda,2,val
D:\GitHub\Universidad\Inteligencia_Artificial\gatos_perros_pandas\animals\dogs\dogs_00029.jpg,animals\dogs\dogs_00029.jpg,dogs,1,train
D:\GitHub\Universidad\Inteligencia_Artificial\gatos_perros_pandas\animals\cats\cats_00671.jpg,animals\cats\cats_00671.jpg,cats,0,train
D:\GitHub\Universidad\Inteligencia_Artificial\gatos_perros_pandas\animals\panda\panda_00979.jpg,animals\panda\panda_00979.jpg,panda,2,val
D:\GitHub\Universidad\Inteligencia_Artificial\gatos_perros_pandas\animals\cats\cats_00061.jpg,animals\cats\cats_00061.jpg,cats,0,val
D:\GitHub\Universidad\Inteligencia_Artificial\gatos_perros_pandas\animals\cats\cats_00840.jpg,animals\cats\cats_00840.jpg,cats,0,train
D:\GitHub\Universidad\Inteligencia_Artificial\gatos_perros_pandas\animals\cats\cats_00217.jpg,animals\cats\cats_00217.jpg,cats,0,test
D:\GitHub\Universidad\Inteligencia_Artificial\gatos_perros_pandas\animals\cats\cats_00250.jpg,animals\cats\cats_00250.jpg,cats,0,train
D:\GitHub\Universidad\Inteligencia_Artificial\gatos_perros_pandas\animals\dogs\dogs_00516.jpg,animals\dogs\dogs_00516.jpg,dogs,1,train
D:\GitHub\Universidad\Inteligencia_Artificial\gatos_perros_pandas\animals\cats\cats_00861.jpg,animals\cats\cats_00861.jpg,cats,0,train
D:\GitHub\Universidad\Inteligencia_Artificial\gatos_perros_pandas\animals\dogs\dogs_00932.jpg,animals\dogs\dogs_00932.jpg,dogs,1,train
D:\GitHub\Universidad\Inteligencia_Artificial\gatos_perros_pandas\animals\dogs\dogs_00007.jpg,animals\dogs\dogs_00007.jpg,dogs,1,train
D:\GitHub\Universidad\Inteligencia_Artificial\gatos_perros_pandas\animals\dogs\dogs_00830.jpg,animals\dogs\dogs_00830.jpg,dogs,1,train
D:\GitHub\Universidad\Inteligencia_Artificial\gatos_perros_pandas\animals\panda\panda_00438.jpg,animals\panda\panda_00438.jpg,panda,2,train
D:\GitHub\Universidad\Inteligencia_Artificial\gatos_perros_pandas\animals\cats\cats_00162.jpg,animals\cats\cats_00162.jpg,cats,0,val
D:\GitHub\Universidad\Inteligencia_Artificial\gatos_perros_pandas\animals\panda\panda_00903.jpg,animals\panda\panda_00903.jpg,panda,2,train
D:\GitHub\Universidad\Inteligencia_Artificial\gatos_perros_pandas\animals\cats\cats_00420.jpg,animals\cats\cats_00420.jpg,cats,0,train
D:\GitHub\Universidad\Inteligencia_Artificial\gatos_perros_pandas\animals\panda\panda_00074.jpg,animals\panda\panda_00074.jpg,panda,2,train
D:\GitHub\Universidad\Inteligencia_Artificial\gatos_perros_pandas\animals\panda\panda_00572.jpg,animals\panda\panda_00572.jpg,panda,2,train
D:\GitHub\Universidad\Inteligencia_Artificial\gatos_perros_pandas\animals\cats\cats_00851.jpg,animals\cats\cats_00851.jpg,cats,0,train
D:\GitHub\Universidad\Inteligencia_Artificial\gatos_perros_pandas\animals\panda\panda_00003.jpg,animals\panda\panda_00003.jpg,panda,2,train
D:\GitHub\Universidad\Inteligencia_Artificial\gatos_perros_pandas\animals\cats\cats_00554.jpg,animals\cats\cats_00554.jpg,cats,0,train
D:\GitHub\Universidad\Inteligencia_Artificial\gatos_perros_pandas\animals\dogs\dogs_00265.jpg,animals\dogs\dogs_00265.jpg,dogs,1,train
D:\GitHub\Universidad\Inteligencia_Artificial\gatos_perros_pandas\animals\cats\cats_00049.jpg,animals\cats\cats_00049.jpg,cats,0,val
D:\GitHub\Universidad\Inteligencia_Artificial\gatos_perros_pandas\animals\panda\panda_00221.jpg,animals\panda\panda_00221.jpg,panda,2,test
D:\GitHub\Universidad\Inteligencia_Artificial\gatos_perros_pandas\animals\cats\cats_00535.jpg,animals\cats\cats_00535.jpg,cats,0,train
D:\GitHub\Universidad\Inteligencia_Artificial\gatos_perros_pandas\animals\dogs\dogs_00300.jpg,animals\dogs\dogs_00300.jpg,dogs,1,train
D:\GitHub\Universidad\Inteligencia_Artificial\gatos_perros_pandas\animals\panda\panda_00478.jpg,animals\panda\panda_00478.jpg,panda,2,train
D:\GitHub\Universidad\Inteligencia_Artificial\gatos_perros_pandas\animals\dogs\dogs_00950.jpg,animals\dogs\dogs_00950.jpg,dogs,1,train
D:\GitHub\Universidad\Inteligencia_Artificial\gatos_perros_pandas\animals\cats\cats_00644.jpg,animals\cats\cats_00644.jpg,cats,0,test
D:\GitHub\Universidad\Inteligencia_Artificial\gatos_perros_pandas\animals\cats\cats_00696.jpg,animals\cats\cats_00696.jpg,cats,0,train
D:\GitHub\Universidad\Inteligencia_Artificial\gatos_perros_pandas\animals\dogs\dogs_00968.jpg,animals\dogs\dogs_00968.jpg,dogs,1,val
D:\GitHub\Universidad\Inteligencia_Artificial\gatos_perros_pandas\animals\dogs\dogs_00005.jpg,animals\dogs\dogs_00005.jpg,dogs,1,train
D:\GitHub\Universidad\Inteligencia_Artificial\gatos_perros_pandas\animals\cats\cats_00617.jpg,animals\cats\cats_00617.jpg,cats,0,test
D:\GitHub\Universidad\Inteligencia_Artificial\gatos_perros_pandas\animals\cats\cats_00994.jpg,animals\cats\cats_00994.jpg,cats,0,train
D:\GitHub\Universidad\Inteligencia_Artificial\gatos_perros_pandas\animals\cats\cats_00350.jpg,animals\cats\cats_00350.jpg,cats,0,train
D:\GitHub\Universidad\Inteligencia_Artificial\gatos_perros_pandas\animals\dogs\dogs_00995.jpg,animals\dogs\dogs_00995.jpg,dogs,1,val
D:\GitHub\Universidad\Inteligencia_Artificial\gatos_perros_pandas\animals\panda\panda_00639.jpg,animals\panda\panda_00639.jpg,panda,2,train
D:\GitHub\Universidad\Inteligencia_Artificial\gatos_perros_pandas\animals\dogs\dogs_00757.jpg,animals\dogs\dogs_00757.jpg,dogs,1,train
D:\GitHub\Universidad\Inteligencia_Artificial\gatos_perros_pandas\animals\cats\cats_00126.jpg,animals\cats\cats_00126.jpg,cats,0,train
D:\GitHub\Universidad\Inteligencia_Artificial\gatos_perros_pandas\animals\cats\cats_00844.jpg,animals\cats\cats_00844.jpg,cats,0,train
D:\GitHub\Universidad\Inteligencia_Artificial\gatos_perros_pandas\animals\cats\cats_00013.jpg,animals\cats\cats_00013.jpg,cats,0,train
D:\GitHub\Universidad\Inteligencia_Artificial\gatos_perros_pandas\animals\dogs\dogs_00557.jpg,animals\dogs\dogs_00557.jpg,dogs,1,val
D:\GitHub\Universidad\Inteligencia_Artificial\gatos_perros_pandas\animals\cats\cats_00399.jpg,animals\cats\cats_00399.jpg,cats,0,train
D:\GitHub\Universidad\Inteligencia_Artificial\gatos_perros_pandas\animals\cats\cats_00854.jpg,animals\cats\cats_00854.jpg,cats,0,train
D:\GitHub\Universidad\Inteligencia_Artificial\gatos_perros_pandas\animals\dogs\dogs_00129.jpg,animals\dogs\dogs_00129.jpg,dogs,1,train
D:\GitHub\Universidad\Inteligencia_Artificial\gatos_perros_pandas\animals\panda\panda_00247.jpg,animals\panda\panda_00247.jpg,panda,2,test
D:\GitHub\Universidad\Inteligencia_Artificial\gatos_perros_pandas\animals\panda\panda_00265.jpg,animals\panda\panda_00265.jpg,panda,2,train
D:\GitHub\Universidad\Inteligencia_Artificial\gatos_perros_pandas\animals\cats\cats_00435.jpg,animals\cats\cats_00435.jpg,cats,0,train
D:\GitHub\Universidad\Inteligencia_Artificial\gatos_perros_pandas\animals\dogs\dogs_00638.jpg,animals\dogs\dogs_00638.jpg,dogs,1,test
D:\GitHub\Universidad\Inteligencia_Artificial\gatos_perros_pandas\animals\dogs\dogs_00273.jpg,animals\dogs\dogs_00273.jpg,dogs,1,test
D:\GitHub\Universidad\Inteligencia_Artificial\gatos_perros_pandas\animals\cats\cats_00707.jpg,animals\cats\cats_00707.jpg,cats,0,val
D:\GitHub\Universidad\Inteligencia_Artificial\gatos_perros_pandas\animals\dogs\dogs_00909.jpg,animals\dogs\dogs_00909.jpg,dogs,1,train
D:\GitHub\Universidad\Inteligencia_Artificial\gatos_perros_pandas\animals\dogs\dogs_00589.jpg,animals\dogs\dogs_00589.jpg,dogs,1,train
D:\GitHub\Universidad\Inteligencia_Artificial\gatos_perros_pandas\animals\panda\panda_00201.jpg,animals\panda\panda_00201.jpg,panda,2,train
D:\GitHub\Universidad\Inteligencia_Artificial\gatos_perros_pandas\animals\panda\panda_00632.jpg,animals\panda\panda_00632.jpg,panda,2,train
D:\GitHub\Universidad\Inteligencia_Artificial\gatos_perros_pandas\animals\panda\panda_00174.jpg,animals\panda\panda_00174.jpg,panda,2,train
D:\GitHub\Universidad\Inteligencia_Artificial\gatos_perros_pandas\animals\panda\panda_00668.jpg,animals\panda\panda_00668.jpg,panda,2,train
D:\GitHub\Universidad\Inteligencia_Artificial\gatos_perros_pandas\animals\dogs\dogs_00290.jpg,animals\dogs\dogs_00290.jpg,dogs,1,test
D:\GitHub\Universidad\Inteligencia_Artificial\gatos_perros_pandas\animals\panda\panda_00134.jpg,animals\panda\panda_00134.jpg,panda,2,train
D:\GitHub\Universidad\Inteligencia_Artificial\gatos_perros_pandas\animals\dogs\dogs_00440.jpg,animals\dogs\dogs_00440.jpg,dogs,1,train
D:\GitHub\Universidad\Inteligencia_Artificial\gatos_perros_pandas\animals\dogs\dogs_00133.jpg,animals\dogs\dogs_00133.jpg,dogs,1,train
D:\GitHub\Universidad\Inteligencia_Artificial\gatos_perros_pandas\animals\dogs\dogs_00363.jpg,animals\dogs\dogs_00363.jpg,dogs,1,train
D:\GitHub\Universidad\Inteligencia_Artificial\gatos_perros_pandas\animals\dogs\dogs_00897.jpg,animals\dogs\dogs_00897.jpg,dogs,1,train
D:\GitHub\Universidad\Inteligencia_Artificial\gatos_perros_pandas\animals\dogs\dogs_00014.jpg,animals\dogs\dogs_00014.jpg,dogs,1,train
D:\GitHub\Universidad\Inteligencia_Artificial\gatos_perros_pandas\animals\cats\cats_00520.jpg,animals\cats\cats_00520.jpg,cats,0,val
D:\GitHub\Universidad\Inteligencia_Artificial\gatos_perros_pandas\animals\panda\panda_00423.jpg,animals\panda\panda_00423.jpg,panda,2,train
D:\GitHub\Universidad\Inteligencia_Artificial\gatos_perros_pandas\animals\cats\cats_00376.jpg,animals\cats\cats_00376.jpg,cats,0,train
D:\GitHub\Universidad\Inteligencia_Artificial\gatos_perros_pandas\animals\dogs\dogs_00426.jpg,animals\dogs\dogs_00426.jpg,dogs,1,val
D:\GitHub\Universidad\Inteligencia_Artificial\gatos_perros_pandas\animals\panda\panda_00132.jpg,animals\panda\panda_00132.jpg,panda,2,train
D:\GitHub\Universidad\Inteligencia_Artificial\gatos_perros_pandas\animals\dogs\dogs_00718.jpg,animals\dogs\dogs_00718.jpg,dogs,1,train
D:\GitHub\Universidad\Inteligencia_Artificial\gatos_perros_pandas\animals\cats\cats_00818.jpg,animals\cats\cats_00818.jpg,cats,0,train
D:\GitHub\Universidad\Inteligencia_Artificial\gatos_perros_pandas\animals\panda\panda_00893.jpg,animals\panda\panda_00893.jpg,panda,2,train
D:\GitHub\Universidad\Inteligencia_Artificial\gatos_perros_pandas\animals\dogs\dogs_00895.jpg,animals\dogs\dogs_00895.jpg,dogs,1,train
D:\GitHub\Universidad\Inteligencia_Artificial\gatos_perros_pandas\animals\panda\panda_00239.jpg,animals\panda\panda_00239.jpg,panda,2,train
D:\GitHub\Universidad\Inteligencia_Artificial\gatos_perros_pandas\animals\panda\panda_00892.jpg,animals\panda\panda_00892.jpg,panda,2,train
D:\GitHub\Universidad\Inteligencia_Artificial\gatos_perros_pandas\animals\dogs\dogs_00522.jpg,animals\dogs\dogs_00522.jpg,dogs,1,val
D:\GitHub\Universidad\Inteligencia_Artificial\gatos_perros_pandas\animals\panda\panda_00167.jpg,animals\panda\panda_00167.jpg,panda,2,train
D:\GitHub\Universidad\Inteligencia_Artificial\gatos_perros_pandas\animals\panda\panda_00380.jpg,animals\panda\panda_00380.jpg,panda,2,val
D:\GitHub\Universidad\Inteligencia_Artificial\gatos_perros_pandas\animals\panda\panda_00924.jpg,animals\panda\panda_00924.jpg,panda,2,train
D:\GitHub\Universidad\Inteligencia_Artificial\gatos_perros_pandas\animals\panda\panda_00122.jpg,animals\panda\panda_00122.jpg,panda,2,train
D:\GitHub\Universidad\Inteligencia_Artificial\gatos_perros_pandas\animals\dogs\dogs_00184.jpg,animals\dogs\dogs_00184.jpg,dogs,1,train
D:\GitHub\Universidad\Inteligencia_Artificial\gatos_perros_pandas\animals\dogs\dogs_00488.jpg,animals\dogs\dogs_00488.jpg,dogs,1,train
D:\GitHub\Universidad\Inteligencia_Artificial\gatos_perros_pandas\animals\cats\cats_00014.jpg,animals\cats\cats_00014.jpg,cats,0,train
D:\GitHub\Universidad\Inteligencia_Artificial\gatos_perros_pandas\animals\cats\cats_00138.jpg,animals\cats\cats_00138.jpg,cats,0,train
D:\GitHub\Universidad\Inteligencia_Artificial\gatos_perros_pandas\animals\dogs\dogs_00502.jpg,animals\dogs\dogs_00502.jpg,dogs,1,val
D:\GitHub\Universidad\Inteligencia_Artificial\gatos_perros_pandas\animals\dogs\dogs_00301.jpg,animals\dogs\dogs_00301.jpg,dogs,1,val
D:\GitHub\Universidad\Inteligencia_Artificial\gatos_perros_pandas\animals\cats\cats_00908.jpg,animals\cats\cats_00908.jpg,cats,0,test
D:\GitHub\Universidad\Inteligencia_Artificial\gatos_perros_pandas\animals\cats\cats_00695.jpg,animals\cats\cats_00695.jpg,cats,0,train
D:\GitHub\Universidad\Inteligencia_Artificial\gatos_perros_pandas\animals\panda\panda_00197.jpg,animals\panda\panda_00197.jpg,panda,2,train
D:\GitHub\Universidad\Inteligencia_Artificial\gatos_perros_pandas\animals\panda\panda_00130.jpg,animals\panda\panda_00130.jpg,panda,2,val
D:\GitHub\Universidad\Inteligencia_Artificial\gatos_perros_pandas\animals\panda\panda_00436.jpg,animals\panda\panda_00436.jpg,panda,2,train
D:\GitHub\Universidad\Inteligencia_Artificial\gatos_perros_pandas\animals\dogs\dogs_00643.jpg,animals\dogs\dogs_00643.jpg,dogs,1,train
D:\GitHub\Universidad\Inteligencia_Artificial\gatos_perros_pandas\animals\cats\cats_00936.jpg,animals\cats\cats_00936.jpg,cats,0,train
D:\GitHub\Universidad\Inteligencia_Artificial\gatos_perros_pandas\animals\panda\panda_00725.jpg,animals\panda\panda_00725.jpg,panda,2,train
D:\GitHub\Universidad\Inteligencia_Artificial\gatos_perros_pandas\animals\dogs\dogs_00345.jpg,animals\dogs\dogs_00345.jpg,dogs,1,train
D:\GitHub\Universidad\Inteligencia_Artificial\gatos_perros_pandas\animals\dogs\dogs_00841.jpg,animals\dogs\dogs_00841.jpg,dogs,1,train
D:\GitHub\Universidad\Inteligencia_Artificial\gatos_perros_pandas\animals\panda\panda_00133.jpg,animals\panda\panda_00133.jpg,panda,2,val
D:\GitHub\Universidad\Inteligencia_Artificial\gatos_perros_pandas\animals\panda\panda_00264.jpg,animals\panda\panda_00264.jpg,panda,2,train
D:\GitHub\Universidad\Inteligencia_Artificial\gatos_perros_pandas\animals\cats\cats_00124.jpg,animals\cats\cats_00124.jpg,cats,0,val
D:\GitHub\Universidad\Inteligencia_Artificial\gatos_perros_pandas\animals\panda\panda_00935.jpg,animals\panda\panda_00935.jpg,panda,2,train
D:\GitHub\Universidad\Inteligencia_Artificial\gatos_perros_pandas\animals\cats\cats_00500.jpg,animals\cats\cats_00500.jpg,cats,0,train
D:\GitHub\Universidad\Inteligencia_Artificial\gatos_perros_pandas\animals\panda\panda_00443.jpg,animals\panda\panda_00443.jpg,panda,2,train
D:\GitHub\Universidad\Inteligencia_Artificial\gatos_perros_pandas\animals\cats\cats_00370.jpg,animals\cats\cats_00370.jpg,cats,0,train
D:\GitHub\Universidad\Inteligencia_Artificial\gatos_perros_pandas\animals\cats\cats_00621.jpg,animals\cats\cats_00621.jpg,cats,0,train
D:\GitHub\Universidad\Inteligencia_Artificial\gatos_perros_pandas\animals\cats\cats_00981.jpg,animals\cats\cats_00981.jpg,cats,0,train
D:\GitHub\Universidad\Inteligencia_Artificial\gatos_perros_pandas\animals\cats\cats_00640.jpg,animals\cats\cats_00640.jpg,cats,0,train
D:\GitHub\Universidad\Inteligencia_Artificial\gatos_perros_pandas\animals\dogs\dogs_00023.jpg,animals\dogs\dogs_00023.jpg,dogs,1,train
D:\GitHub\Universidad\Inteligencia_Artificial\gatos_perros_pandas\animals\dogs\dogs_00988.jpg,animals\dogs\dogs_00988.jpg,dogs,1,train
D:\GitHub\Universidad\Inteligencia_Artificial\gatos_perros_pandas\animals\dogs\dogs_00406.jpg,animals\dogs\dogs_00406.jpg,dogs,1,train
D:\GitHub\Universidad\Inteligencia_Artificial\gatos_perros_pandas\animals\cats\cats_00411.jpg,animals\cats\cats_00411.jpg,cats,0,test
D:\GitHub\Universidad\Inteligencia_Artificial\gatos_perros_pandas\animals\cats\cats_00604.jpg,animals\cats\cats_00604.jpg,cats,0,test
D:\GitHub\Universidad\Inteligencia_Artificial\gatos_perros_pandas\animals\panda\panda_00918.jpg,animals\panda\panda_00918.jpg,panda,2,train
D:\GitHub\Universidad\Inteligencia_Artificial\gatos_perros_pandas\animals\dogs\dogs_00408.jpg,animals\dogs\dogs_00408.jpg,dogs,1,val
D:\GitHub\Universidad\Inteligencia_Artificial\gatos_perros_pandas\animals\panda\panda_00895.jpg,animals\panda\panda_00895.jpg,panda,2,test
D:\GitHub\Universidad\Inteligencia_Artificial\gatos_perros_pandas\animals\panda\panda_00657.jpg,animals\panda\panda_00657.jpg,panda,2,train
D:\GitHub\Universidad\Inteligencia_Artificial\gatos_perros_pandas\animals\cats\cats_00264.jpg,animals\cats\cats_00264.jpg,cats,0,train
D:\GitHub\Universidad\Inteligencia_Artificial\gatos_perros_pandas\animals\dogs\dogs_00008.jpg,animals\dogs\dogs_00008.jpg,dogs,1,train
D:\GitHub\Universidad\Inteligencia_Artificial\gatos_perros_pandas\animals\panda\panda_00781.jpg,animals\panda\panda_00781.jpg,panda,2,train
D:\GitHub\Universidad\Inteligencia_Artificial\gatos_perros_pandas\animals\dogs\dogs_00535.jpg,animals\dogs\dogs_00535.jpg,dogs,1,train
D:\GitHub\Universidad\Inteligencia_Artificial\gatos_perros_pandas\animals\panda\panda_00362.jpg,animals\panda\panda_00362.jpg,panda,2,test
D:\GitHub\Universidad\Inteligencia_Artificial\gatos_perros_pandas\animals\dogs\dogs_00385.jpg,animals\dogs\dogs_00385.jpg,dogs,1,train
D:\GitHub\Universidad\Inteligencia_Artificial\gatos_perros_pandas\animals\cats\cats_00311.jpg,animals\cats\cats_00311.jpg,cats,0,train
D:\GitHub\Universidad\Inteligencia_Artificial\gatos_perros_pandas\animals\dogs\dogs_00158.jpg,animals\dogs\dogs_00158.jpg,dogs,1,val
D:\GitHub\Universidad\Inteligencia_Artificial\gatos_perros_pandas\animals\cats\cats_00437.jpg,animals\cats\cats_00437.jpg,cats,0,train
D:\GitHub\Universidad\Inteligencia_Artificial\gatos_perros_pandas\animals\dogs\dogs_00203.jpg,animals\dogs\dogs_00203.jpg,dogs,1,test
D:\GitHub\Universidad\Inteligencia_Artificial\gatos_perros_pandas\animals\cats\cats_00779.jpg,animals\cats\cats_00779.jpg,cats,0,train
D:\GitHub\Universidad\Inteligencia_Artificial\gatos_perros_pandas\animals\dogs\dogs_00257.jpg,animals\dogs\dogs_00257.jpg,dogs,1,test
D:\GitHub\Universidad\Inteligencia_Artificial\gatos_perros_pandas\animals\cats\cats_00538.jpg,animals\cats\cats_00538.jpg,cats,0,train
D:\GitHub\Universidad\Inteligencia_Artificial\gatos_perros_pandas\animals\cats\cats_00045.jpg,animals\cats\cats_00045.jpg,cats,0,test
D:\GitHub\Universidad\Inteligencia_Artificial\gatos_perros_pandas\animals\dogs\dogs_00637.jpg,animals\dogs\dogs_00637.jpg,dogs,1,train
D:\GitHub\Universidad\Inteligencia_Artificial\gatos_perros_pandas\animals\panda\panda_00145.jpg,animals\panda\panda_00145.jpg,panda,2,train
D:\GitHub\Universidad\Inteligencia_Artificial\gatos_perros_pandas\animals\cats\cats_00223.jpg,animals\cats\cats_00223.jpg,cats,0,train
D:\GitHub\Universidad\Inteligencia_Artificial\gatos_perros_pandas\animals\panda\panda_00999.jpg,animals\panda\panda_00999.jpg,panda,2,train
D:\GitHub\Universidad\Inteligencia_Artificial\gatos_perros_pandas\animals\dogs\dogs_00983.jpg,animals\dogs\dogs_00983.jpg,dogs,1,train
D:\GitHub\Universidad\Inteligencia_Artificial\gatos_perros_pandas\animals\cats\cats_00778.jpg,animals\cats\cats_00778.jpg,cats,0,test
D:\GitHub\Universidad\Inteligencia_Artificial\gatos_perros_pandas\animals\dogs\dogs_00789.jpg,animals\dogs\dogs_00789.jpg,dogs,1,train
D:\GitHub\Universidad\Inteligencia_Artificial\gatos_perros_pandas\animals\dogs\dogs_00186.jpg,animals\dogs\dogs_00186.jpg,dogs,1,test
D:\GitHub\Universidad\Inteligencia_Artificial\gatos_perros_pandas\animals\dogs\dogs_00025.jpg,animals\dogs\dogs_00025.jpg,dogs,1,train
D:\GitHub\Universidad\Inteligencia_Artificial\gatos_perros_pandas\animals\panda\panda_00769.jpg,animals\panda\panda_00769.jpg,panda,2,val
D:\GitHub\Universidad\Inteligencia_Artificial\gatos_perros_pandas\animals\dogs\dogs_00607.jpg,animals\dogs\dogs_00607.jpg,dogs,1,train
D:\GitHub\Universidad\Inteligencia_Artificial\gatos_perros_pandas\animals\dogs\dogs_00122.jpg,animals\dogs\dogs_00122.jpg,dogs,1,train
D:\GitHub\Universidad\Inteligencia_Artificial\gatos_perros_pandas\animals\cats\cats_00585.jpg,animals\cats\cats_00585.jpg,cats,0,val
D:\GitHub\Universidad\Inteligencia_Artificial\gatos_perros_pandas\animals\panda\panda_00717.jpg,animals\panda\panda_00717.jpg,panda,2,train
D:\GitHub\Universidad\Inteligencia_Artificial\gatos_perros_pandas\animals\panda\panda_00078.jpg,animals\panda\panda_00078.jpg,panda,2,train
D:\GitHub\Universidad\Inteligencia_Artificial\gatos_perros_pandas\animals\cats\cats_00766.jpg,animals\cats\cats_00766.jpg,cats,0,train
D:\GitHub\Universidad\Inteligencia_Artificial\gatos_perros_pandas\animals\panda\panda_00363.jpg,animals\panda\panda_00363.jpg,panda,2,train
D:\GitHub\Universidad\Inteligencia_Artificial\gatos_perros_pandas\animals\dogs\dogs_00646.jpg,animals\dogs\dogs_00646.jpg,dogs,1,val
D:\GitHub\Universidad\Inteligencia_Artificial\gatos_perros_pandas\animals\cats\cats_00296.jpg,animals\cats\cats_00296.jpg,cats,0,train
D:\GitHub\Universidad\Inteligencia_Artificial\gatos_perros_pandas\animals\panda\panda_00990.jpg,animals\panda\panda_00990.jpg,panda,2,train
D:\GitHub\Universidad\Inteligencia_Artificial\gatos_perros_pandas\animals\cats\cats_00451.jpg,animals\cats\cats_00451.jpg,cats,0,train
D:\GitHub\Universidad\Inteligencia_Artificial\gatos_perros_pandas\animals\dogs\dogs_00966.jpg,animals\dogs\dogs_00966.jpg,dogs,1,train
D:\GitHub\Universidad\Inteligencia_Artificial\gatos_perros_pandas\animals\dogs\dogs_00511.jpg,animals\dogs\dogs_00511.jpg,dogs,1,test
D:\GitHub\Universidad\Inteligencia_Artificial\gatos_perros_pandas\animals\panda\panda_00838.jpg,animals\panda\panda_00838.jpg,panda,2,train
D:\GitHub\Universidad\Inteligencia_Artificial\gatos_perros_pandas\animals\cats\cats_00806.jpg,animals\cats\cats_00806.jpg,cats,0,train
D:\GitHub\Universidad\Inteligencia_Artificial\gatos_perros_pandas\animals\cats\cats_00598.jpg,animals\cats\cats_00598.jpg,cats,0,val
D:\GitHub\Universidad\Inteligencia_Artificial\gatos_perros_pandas\animals\cats\cats_00072.jpg,animals\cats\cats_00072.jpg,cats,0,test
D:\GitHub\Universidad\Inteligencia_Artificial\gatos_perros_pandas\animals\cats\cats_00880.jpg,animals\cats\cats_00880.jpg,cats,0,train
D:\GitHub\Universidad\Inteligencia_Artificial\gatos_perros_pandas\animals\cats\cats_00351.jpg,animals\cats\cats_00351.jpg,cats,0,train
D:\GitHub\Universidad\Inteligencia_Artificial\gatos_perros_pandas\animals\dogs\dogs_00236.jpg,animals\dogs\dogs_00236.jpg,dogs,1,train
D:\GitHub\Universidad\Inteligencia_Artificial\gatos_perros_pandas\animals\dogs\dogs_00583.jpg,animals\dogs\dogs_00583.jpg,dogs,1,test
D:\GitHub\Universidad\Inteligencia_Artificial\gatos_perros_pandas\animals\panda\panda_00679.jpg,animals\panda\panda_00679.jpg,panda,2,train
D:\GitHub\Universidad\Inteligencia_Artificial\gatos_perros_pandas\animals\dogs\dogs_00465.jpg,animals\dogs\dogs_00465.jpg,dogs,1,test
D:\GitHub\Universidad\Inteligencia_Artificial\gatos_perros_pandas\animals\dogs\dogs_00354.jpg,animals\dogs\dogs_00354.jpg,dogs,1,val
D:\GitHub\Universidad\Inteligencia_Artificial\gatos_perros_pandas\animals\cats\cats_00178.jpg,animals\cats\cats_00178.jpg,cats,0,train
D:\GitHub\Universidad\Inteligencia_Artificial\gatos_perros_pandas\animals\panda\panda_00649.jpg,animals\panda\panda_00649.jpg,panda,2,train
D:\GitHub\Universidad\Inteligencia_Artificial\gatos_perros_pandas\animals\panda\panda_00141.jpg,animals\panda\panda_00141.jpg,panda,2,val
D:\GitHub\Universidad\Inteligencia_Artificial\gatos_perros_pandas\animals\dogs\dogs_00834.jpg,animals\dogs\dogs_00834.jpg,dogs,1,test
D:\GitHub\Universidad\Inteligencia_Artificial\gatos_perros_pandas\animals\panda\panda_00442.jpg,animals\panda\panda_00442.jpg,panda,2,train
D:\GitHub\Universidad\Inteligencia_Artificial\gatos_perros_pandas\animals\dogs\dogs_00220.jpg,animals\dogs\dogs_00220.jpg,dogs,1,train
D:\GitHub\Universidad\Inteligencia_Artificial\gatos_perros_pandas\animals\panda\panda_00276.jpg,animals\panda\panda_00276.jpg,panda,2,train
D:\GitHub\Universidad\Inteligencia_Artificial\gatos_perros_pandas\animals\cats\cats_00222.jpg,animals\cats\cats_00222.jpg,cats,0,train
D:\GitHub\Universidad\Inteligencia_Artificial\gatos_perros_pandas\animals\panda\panda_00125.jpg,animals\panda\panda_00125.jpg,panda,2,test
D:\GitHub\Universidad\Inteligencia_Artificial\gatos_perros_pandas\animals\panda\panda_00722.jpg,animals\panda\panda_00722.jpg,panda,2,train
D:\GitHub\Universidad\Inteligencia_Artificial\gatos_perros_pandas\animals\panda\panda_00740.jpg,animals\panda\panda_00740.jpg,panda,2,train
D:\GitHub\Universidad\Inteligencia_Artificial\gatos_perros_pandas\animals\panda\panda_00289.jpg,animals\panda\panda_00289.jpg,panda,2,train
D:\GitHub\Universidad\Inteligencia_Artificial\gatos_perros_pandas\animals\dogs\dogs_00216.jpg,animals\dogs\dogs_00216.jpg,dogs,1,train
D:\GitHub\Universidad\Inteligencia_Artificial\gatos_perros_pandas\animals\panda\panda_00154.jpg,animals\panda\panda_00154.jpg,panda,2,test
D:\GitHub\Universidad\Inteligencia_Artificial\gatos_perros_pandas\animals\dogs\dogs_00558.jpg,animals\dogs\dogs_00558.jpg,dogs,1,test
D:\GitHub\Universidad\Inteligencia_Artificial\gatos_perros_pandas\animals\panda\panda_00581.jpg,animals\panda\panda_00581.jpg,panda,2,val
D:\GitHub\Universidad\Inteligencia_Artificial\gatos_perros_pandas\animals\panda\panda_00993.jpg,animals\panda\panda_00993.jpg,panda,2,train
D:\GitHub\Universidad\Inteligencia_Artificial\gatos_perros_pandas\animals\panda\panda_00654.jpg,animals\panda\panda_00654.jpg,panda,2,val
D:\GitHub\Universidad\Inteligencia_Artificial\gatos_perros_pandas\animals\cats\cats_00848.jpg,animals\cats\cats_00848.jpg,cats,0,train
D:\GitHub\Universidad\Inteligencia_Artificial\gatos_perros_pandas\animals\dogs\dogs_00141.jpg,animals\dogs\dogs_00141.jpg,dogs,1,train
D:\GitHub\Universidad\Inteligencia_Artificial\gatos_perros_pandas\animals\panda\panda_00904.jpg,animals\panda\panda_00904.jpg,panda,2,train
D:\GitHub\Universidad\Inteligencia_Artificial\gatos_perros_pandas\animals\dogs\dogs_00445.jpg,animals\dogs\dogs_00445.jpg,dogs,1,val
D:\GitHub\Universidad\Inteligencia_Artificial\gatos_perros_pandas\animals\dogs\dogs_00523.jpg,animals\dogs\dogs_00523.jpg,dogs,1,train
D:\GitHub\Universidad\Inteligencia_Artificial\gatos_perros_pandas\animals\cats\cats_00324.jpg,animals\cats\cats_00324.jpg,cats,0,test
D:\GitHub\Universidad\Inteligencia_Artificial\gatos_perros_pandas\animals\panda\panda_00609.jpg,animals\panda\panda_00609.jpg,panda,2,train
D:\GitHub\Universidad\Inteligencia_Artificial\gatos_perros_pandas\animals\cats\cats_00483.jpg,animals\cats\cats_00483.jpg,cats,0,train
D:\GitHub\Universidad\Inteligencia_Artificial\gatos_perros_pandas\animals\dogs\dogs_00086.jpg,animals\dogs\dogs_00086.jpg,dogs,1,train
D:\GitHub\Universidad\Inteligencia_Artificial\gatos_perros_pandas\animals\panda\panda_00464.jpg,animals\panda\panda_00464.jpg,panda,2,train
D:\GitHub\Universidad\Inteligencia_Artificial\gatos_perros_pandas\animals\dogs\dogs_00882.jpg,animals\dogs\dogs_00882.jpg,dogs,1,test
D:\GitHub\Universidad\Inteligencia_Artificial\gatos_perros_pandas\animals\cats\cats_00454.jpg,animals\cats\cats_00454.jpg,cats,0,train
D:\GitHub\Universidad\Inteligencia_Artificial\gatos_perros_pandas\animals\dogs\dogs_00049.jpg,animals\dogs\dogs_00049.jpg,dogs,1,train
D:\GitHub\Universidad\Inteligencia_Artificial\gatos_perros_pandas\animals\cats\cats_00378.jpg,animals\cats\cats_00378.jpg,cats,0,train
D:\GitHub\Universidad\Inteligencia_Artificial\gatos_perros_pandas\animals\cats\cats_00767.jpg,animals\cats\cats_00767.jpg,cats,0,train
D:\GitHub\Universidad\Inteligencia_Artificial\gatos_perros_pandas\animals\dogs\dogs_00473.jpg,animals\dogs\dogs_00473.jpg,dogs,1,val
D:\GitHub\Universidad\Inteligencia_Artificial\gatos_perros_pandas\animals\dogs\dogs_00664.jpg,animals\dogs\dogs_00664.jpg,dogs,1,test
D:\GitHub\Universidad\Inteligencia_Artificial\gatos_perros_pandas\animals\panda\panda_00826.jpg,animals\panda\panda_00826.jpg,panda,2,train
D:\GitHub\Universidad\Inteligencia_Artificial\gatos_perros_pandas\animals\dogs\dogs_00482.jpg,animals\dogs\dogs_00482.jpg,dogs,1,test
D:\GitHub\Universidad\Inteligencia_Artificial\gatos_perros_pandas\animals\cats\cats_00165.jpg,animals\cats\cats_00165.jpg,cats,0,train
D:\GitHub\Universidad\Inteligencia_Artificial\gatos_perros_pandas\animals\cats\cats_00104.jpg,animals\cats\cats_00104.jpg,cats,0,test
D:\GitHub\Universidad\Inteligencia_Artificial\gatos_perros_pandas\animals\dogs\dogs_00045.jpg,animals\dogs\dogs_00045.jpg,dogs,1,val
D:\GitHub\Universidad\Inteligencia_Artificial\gatos_perros_pandas\animals\cats\cats_00407.jpg,animals\cats\cats_00407.jpg,cats,0,train
D:\GitHub\Universidad\Inteligencia_Artificial\gatos_perros_pandas\animals\cats\cats_00281.jpg,animals\cats\cats_00281.jpg,cats,0,train
D:\GitHub\Universidad\Inteligencia_Artificial\gatos_perros_pandas\animals\panda\panda_00045.jpg,animals\panda\panda_00045.jpg,panda,2,test
D:\GitHub\Universidad\Inteligencia_Artificial\gatos_perros_pandas\animals\panda\panda_00238.jpg,animals\panda\panda_00238.jpg,panda,2,train
D:\GitHub\Universidad\Inteligencia_Artificial\gatos_perros_pandas\animals\cats\cats_00105.jpg,animals\cats\cats_00105.jpg,cats,0,test
D:\GitHub\Universidad\Inteligencia_Artificial\gatos_perros_pandas\animals\panda\panda_00624.jpg,animals\panda\panda_00624.jpg,panda,2,test
D:\GitHub\Universidad\Inteligencia_Artificial\gatos_perros_pandas\animals\cats\cats_00787.jpg,animals\cats\cats_00787.jpg,cats,0,test
D:\GitHub\Universidad\Inteligencia_Artificial\gatos_perros_pandas\animals\panda\panda_00489.jpg,animals\panda\panda_00489.jpg,panda,2,train
D:\GitHub\Universidad\Inteligencia_Artificial\gatos_perros_pandas\animals\dogs\dogs_00108.jpg,animals\dogs\dogs_00108.jpg,dogs,1,test
D:\GitHub\Universidad\Inteligencia_Artificial\gatos_perros_pandas\animals\dogs\dogs_00837.jpg,animals\dogs\dogs_00837.jpg,dogs,1,train
D:\GitHub\Universidad\Inteligencia_Artificial\gatos_perros_pandas\animals\cats\cats_00885.jpg,animals\cats\cats_00885.jpg,cats,0,train
D:\GitHub\Universidad\Inteligencia_Artificial\gatos_perros_pandas\animals\dogs\dogs_00358.jpg,animals\dogs\dogs_00358.jpg,dogs,1,train
D:\GitHub\Universidad\Inteligencia_Artificial\gatos_perros_pandas\animals\cats\cats_00960.jpg,animals\cats\cats_00960.jpg,cats,0,train
D:\GitHub\Universidad\Inteligencia_Artificial\gatos_perros_pandas\animals\cats\cats_00133.jpg,animals\cats\cats_00133.jpg,cats,0,train
D:\GitHub\Universidad\Inteligencia_Artificial\gatos_perros_pandas\animals\cats\cats_00001.jpg,animals\cats\cats_00001.jpg,cats,0,val
D:\GitHub\Universidad\Inteligencia_Artificial\gatos_perros_pandas\animals\cats\cats_00151.jpg,animals\cats\cats_00151.jpg,cats,0,train
D:\GitHub\Universidad\Inteligencia_Artificial\gatos_perros_pandas\animals\dogs\dogs_00509.jpg,animals\dogs\dogs_00509.jpg,dogs,1,train
D:\GitHub\Universidad\Inteligencia_Artificial\gatos_perros_pandas\animals\dogs\dogs_00144.jpg,animals\dogs\dogs_00144.jpg,dogs,1,train
D:\GitHub\Universidad\Inteligencia_Artificial\gatos_perros_pandas\animals\dogs\dogs_00416.jpg,animals\dogs\dogs_00416.jpg,dogs,1,train
D:\GitHub\Universidad\Inteligencia_Artificial\gatos_perros_pandas\animals\dogs\dogs_00467.jpg,animals\dogs\dogs_00467.jpg,dogs,1,val
D:\GitHub\Universidad\Inteligencia_Artificial\gatos_perros_pandas\animals\cats\cats_00862.jpg,animals\cats\cats_00862.jpg,cats,0,train
D:\GitHub\Universidad\Inteligencia_Artificial\gatos_perros_pandas\animals\cats\cats_00526.jpg,animals\cats\cats_00526.jpg,cats,0,train
D:\GitHub\Universidad\Inteligencia_Artificial\gatos_perros_pandas\animals\panda\panda_00084.jpg,animals\panda\panda_00084.jpg,panda,2,train
D:\GitHub\Universidad\Inteligencia_Artificial\gatos_perros_pandas\animals\cats\cats_00018.jpg,animals\cats\cats_00018.jpg,cats,0,train
D:\GitHub\Universidad\Inteligencia_Artificial\gatos_perros_pandas\animals\panda\panda_00014.jpg,animals\panda\panda_00014.jpg,panda,2,train
D:\GitHub\Universidad\Inteligencia_Artificial\gatos_perros_pandas\animals\cats\cats_00774.jpg,animals\cats\cats_00774.jpg,cats,0,val
D:\GitHub\Universidad\Inteligencia_Artificial\gatos_perros_pandas\animals\cats\cats_00690.jpg,animals\cats\cats_00690.jpg,cats,0,train
D:\GitHub\Universidad\Inteligencia_Artificial\gatos_perros_pandas\animals\panda\panda_00152.jpg,animals\panda\panda_00152.jpg,panda,2,train
D:\GitHub\Universidad\Inteligencia_Artificial\gatos_perros_pandas\animals\cats\cats_00443.jpg,animals\cats\cats_00443.jpg,cats,0,train
D:\GitHub\Universidad\Inteligencia_Artificial\gatos_perros_pandas\animals\cats\cats_00911.jpg,animals\cats\cats_00911.jpg,cats,0,train
D:\GitHub\Universidad\Inteligencia_Artificial\gatos_perros_pandas\animals\dogs\dogs_00139.jpg,animals\dogs\dogs_00139.jpg,dogs,1,train
D:\GitHub\Universidad\Inteligencia_Artificial\gatos_perros_pandas\animals\cats\cats_00358.jpg,animals\cats\cats_00358.jpg,cats,0,train
D:\GitHub\Universidad\Inteligencia_Artificial\gatos_perros_pandas\animals\dogs\dogs_00626.jpg,animals\dogs\dogs_00626.jpg,dogs,1,train
D:\GitHub\Universidad\Inteligencia_Artificial\gatos_perros_pandas\animals\cats\cats_00234.jpg,animals\cats\cats_00234.jpg,cats,0,test
D:\GitHub\Universidad\Inteligencia_Artificial\gatos_perros_pandas\animals\panda\panda_00847.jpg,animals\panda\panda_00847.jpg,panda,2,train
D:\GitHub\Universidad\Inteligencia_Artificial\gatos_perros_pandas\animals\panda\panda_00570.jpg,animals\panda\panda_00570.jpg,panda,2,train
D:\GitHub\Universidad\Inteligencia_Artificial\gatos_perros_pandas\animals\cats\cats_00713.jpg,animals\cats\cats_00713.jpg,cats,0,train
D:\GitHub\Universidad\Inteligencia_Artificial\gatos_perros_pandas\animals\dogs\dogs_00588.jpg,animals\dogs\dogs_00588.jpg,dogs,1,train
D:\GitHub\Universidad\Inteligencia_Artificial\gatos_perros_pandas\animals\panda\panda_00675.jpg,animals\panda\panda_00675.jpg,panda,2,train
D:\GitHub\Universidad\Inteligencia_Artificial\gatos_perros_pandas\animals\cats\cats_00093.jpg,animals\cats\cats_00093.jpg,cats,0,train
D:\GitHub\Universidad\Inteligencia_Artificial\gatos_perros_pandas\animals\cats\cats_00139.jpg,animals\cats\cats_00139.jpg,cats,0,train
D:\GitHub\Universidad\Inteligencia_Artificial\gatos_perros_pandas\animals\panda\panda_00670.jpg,animals\panda\panda_00670.jpg,panda,2,train
D:\GitHub\Universidad\Inteligencia_Artificial\gatos_perros_pandas\animals\cats\cats_00368.jpg,animals\cats\cats_00368.jpg,cats,0,test
D:\GitHub\Universidad\Inteligencia_Artificial\gatos_perros_pandas\animals\panda\panda_00459.jpg,animals\panda\panda_00459.jpg,panda,2,train
D:\GitHub\Universidad\Inteligencia_Artificial\gatos_perros_pandas\animals\dogs\dogs_00739.jpg,animals\dogs\dogs_00739.jpg,dogs,1,train
D:\GitHub\Universidad\Inteligencia_Artificial\gatos_perros_pandas\animals\panda\panda_00254.jpg,animals\panda\panda_00254.jpg,panda,2,train
D:\GitHub\Universidad\Inteligencia_Artificial\gatos_perros_pandas\animals\cats\cats_00963.jpg,animals\cats\cats_00963.jpg,cats,0,train
D:\GitHub\Universidad\Inteligencia_Artificial\gatos_perros_pandas\animals\cats\cats_00472.jpg,animals\cats\cats_00472.jpg,cats,0,train
D:\GitHub\Universidad\Inteligencia_Artificial\gatos_perros_pandas\animals\panda\panda_00016.jpg,animals\panda\panda_00016.jpg,panda,2,train
D:\GitHub\Universidad\Inteligencia_Artificial\gatos_perros_pandas\animals\dogs\dogs_00142.jpg,animals\dogs\dogs_00142.jpg,dogs,1,train
D:\GitHub\Universidad\Inteligencia_Artificial\gatos_perros_pandas\animals\cats\cats_00692.jpg,animals\cats\cats_00692.jpg,cats,0,train
D:\GitHub\Universidad\Inteligencia_Artificial\gatos_perros_pandas\animals\cats\cats_00872.jpg,animals\cats\cats_00872.jpg,cats,0,train
D:\GitHub\Universidad\Inteligencia_Artificial\gatos_perros_pandas\animals\panda\panda_00482.jpg,animals\panda\panda_00482.jpg,panda,2,test
D:\GitHub\Universidad\Inteligencia_Artificial\gatos_perros_pandas\animals\dogs\dogs_00276.jpg,animals\dogs\dogs_00276.jpg,dogs,1,test
D:\GitHub\Universidad\Inteligencia_Artificial\gatos_perros_pandas\animals\cats\cats_00462.jpg,animals\cats\cats_00462.jpg,cats,0,train
D:\GitHub\Universidad\Inteligencia_Artificial\gatos_perros_pandas\animals\panda\panda_00926.jpg,animals\panda\panda_00926.jpg,panda,2,train
D:\GitHub\Universidad\Inteligencia_Artificial\gatos_perros_pandas\animals\panda\panda_00099.jpg,animals\panda\panda_00099.jpg,panda,2,train
D:\GitHub\Universidad\Inteligencia_Artificial\gatos_perros_pandas\animals\panda\panda_00284.jpg,animals\panda\panda_00284.jpg,panda,2,train
D:\GitHub\Universidad\Inteligencia_Artificial\gatos_perros_pandas\animals\cats\cats_00237.jpg,animals\cats\cats_00237.jpg,cats,0,train
D:\GitHub\Universidad\Inteligencia_Artificial\gatos_perros_pandas\animals\cats\cats_00754.jpg,animals\cats\cats_00754.jpg,cats,0,val
D:\GitHub\Universidad\Inteligencia_Artificial\gatos_perros_pandas\animals\panda\panda_00192.jpg,animals\panda\panda_00192.jpg,panda,2,test
D:\GitHub\Universidad\Inteligencia_Artificial\gatos_perros_pandas\animals\dogs\dogs_00518.jpg,animals\dogs\dogs_00518.jpg,dogs,1,train
D:\GitHub\Universidad\Inteligencia_Artificial\gatos_perros_pandas\animals\panda\panda_00692.jpg,animals\panda\panda_00692.jpg,panda,2,train
D:\GitHub\Universidad\Inteligencia_Artificial\gatos_perros_pandas\animals\dogs\dogs_00076.jpg,animals\dogs\dogs_00076.jpg,dogs,1,train
D:\GitHub\Universidad\Inteligencia_Artificial\gatos_perros_pandas\animals\panda\panda_00184.jpg,animals\panda\panda_00184.jpg,panda,2,train
D:\GitHub\Universidad\Inteligencia_Artificial\gatos_perros_pandas\animals\panda\panda_00262.jpg,animals\panda\panda_00262.jpg,panda,2,train
D:\GitHub\Universidad\Inteligencia_Artificial\gatos_perros_pandas\animals\dogs\dogs_00022.jpg,animals\dogs\dogs_00022.jpg,dogs,1,test
D:\GitHub\Universidad\Inteligencia_Artificial\gatos_perros_pandas\animals\cats\cats_00077.jpg,animals\cats\cats_00077.jpg,cats,0,train
D:\GitHub\Universidad\Inteligencia_Artificial\gatos_perros_pandas\animals\cats\cats_00583.jpg,animals\cats\cats_00583.jpg,cats,0,train
D:\GitHub\Universidad\Inteligencia_Artificial\gatos_perros_pandas\animals\cats\cats_00147.jpg,animals\cats\cats_00147.jpg,cats,0,test
D:\GitHub\Universidad\Inteligencia_Artificial\gatos_perros_pandas\animals\panda\panda_00320.jpg,animals\panda\panda_00320.jpg,panda,2,train
D:\GitHub\Universidad\Inteligencia_Artificial\gatos_perros_pandas\animals\cats\cats_00331.jpg,animals\cats\cats_00331.jpg,cats,0,train
D:\GitHub\Universidad\Inteligencia_Artificial\gatos_perros_pandas\animals\dogs\dogs_00376.jpg,animals\dogs\dogs_00376.jpg,dogs,1,train
D:\GitHub\Universidad\Inteligencia_Artificial\gatos_perros_pandas\animals\cats\cats_00843.jpg,animals\cats\cats_00843.jpg,cats,0,train
D:\GitHub\Universidad\Inteligencia_Artificial\gatos_perros_pandas\animals\panda\panda_00426.jpg,animals\panda\panda_00426.jpg,panda,2,train
D:\GitHub\Universidad\Inteligencia_Artificial\gatos_perros_pandas\animals\dogs\dogs_00584.jpg,animals\dogs\dogs_00584.jpg,dogs,1,train
D:\GitHub\Universidad\Inteligencia_Artificial\gatos_perros_pandas\animals\dogs\dogs_00835.jpg,animals\dogs\dogs_00835.jpg,dogs,1,train
D:\GitHub\Universidad\Inteligencia_Artificial\gatos_perros_pandas\animals\panda\panda_00462.jpg,animals\panda\panda_00462.jpg,panda,2,train
D:\GitHub\Universidad\Inteligencia_Artificial\gatos_perros_pandas\animals\cats\cats_00164.jpg,animals\cats\cats_00164.jpg,cats,0,test
D:\GitHub\Universidad\Inteligencia_Artificial\gatos_perros_pandas\animals\cats\cats_00465.jpg,animals\cats\cats_00465.jpg,cats,0,test
D:\GitHub\Universidad\Inteligencia_Artificial\gatos_perros_pandas\animals\panda\panda_00714.jpg,animals\panda\panda_00714.jpg,panda,2,train
D:\GitHub\Universidad\Inteligencia_Artificial\gatos_perros_pandas\animals\panda\panda_00932.jpg,animals\panda\panda_00932.jpg,panda,2,test
D:\GitHub\Universidad\Inteligencia_Artificial\gatos_perros_pandas\animals\cats\cats_00782.jpg,animals\cats\cats_00782.jpg,cats,0,test
D:\GitHub\Universidad\Inteligencia_Artificial\gatos_perros_pandas\animals\cats\cats_00873.jpg,animals\cats\cats_00873.jpg,cats,0,val
D:\GitHub\Universidad\Inteligencia_Artificial\gatos_perros_pandas\animals\panda\panda_00168.jpg,animals\panda\panda_00168.jpg,panda,2,train
D:\GitHub\Universidad\Inteligencia_Artificial\gatos_perros_pandas\animals\dogs\dogs_00824.jpg,animals\dogs\dogs_00824.jpg,dogs,1,test
D:\GitHub\Universidad\Inteligencia_Artificial\gatos_perros_pandas\animals\dogs\dogs_00491.jpg,animals\dogs\dogs_00491.jpg,dogs,1,train
D:\GitHub\Universidad\Inteligencia_Artificial\gatos_perros_pandas\animals\dogs\dogs_00537.jpg,animals\dogs\dogs_00537.jpg,dogs,1,train
D:\GitHub\Universidad\Inteligencia_Artificial\gatos_perros_pandas\animals\dogs\dogs_00397.jpg,animals\dogs\dogs_00397.jpg,dogs,1,train
D:\GitHub\Universidad\Inteligencia_Artificial\gatos_perros_pandas\animals\dogs\dogs_00536.jpg,animals\dogs\dogs_00536.jpg,dogs,1,train
D:\GitHub\Universidad\Inteligencia_Artificial\gatos_perros_pandas\animals\panda\panda_00229.jpg,animals\panda\panda_00229.jpg,panda,2,train
D:\GitHub\Universidad\Inteligencia_Artificial\gatos_perros_pandas\animals\dogs\dogs_00017.jpg,animals\dogs\dogs_00017.jpg,dogs,1,train
D:\GitHub\Universidad\Inteligencia_Artificial\gatos_perros_pandas\animals\cats\cats_00452.jpg,animals\cats\cats_00452.jpg,cats,0,train
D:\GitHub\Universidad\Inteligencia_Artificial\gatos_perros_pandas\animals\panda\panda_00252.jpg,animals\panda\panda_00252.jpg,panda,2,train
D:\GitHub\Universidad\Inteligencia_Artificial\gatos_perros_pandas\animals\dogs\dogs_00551.jpg,animals\dogs\dogs_00551.jpg,dogs,1,train
D:\GitHub\Universidad\Inteligencia_Artificial\gatos_perros_pandas\animals\panda\panda_00757.jpg,animals\panda\panda_00757.jpg,panda,2,train
D:\GitHub\Universidad\Inteligencia_Artificial\gatos_perros_pandas\animals\dogs\dogs_00832.jpg,animals\dogs\dogs_00832.jpg,dogs,1,train
D:\GitHub\Universidad\Inteligencia_Artificial\gatos_perros_pandas\animals\panda\panda_00040.jpg,animals\panda\panda_00040.jpg,panda,2,train
D:\GitHub\Universidad\Inteligencia_Artificial\gatos_perros_pandas\animals\cats\cats_00196.jpg,animals\cats\cats_00196.jpg,cats,0,train
D:\GitHub\Universidad\Inteligencia_Artificial\gatos_perros_pandas\animals\dogs\dogs_00548.jpg,animals\dogs\dogs_00548.jpg,dogs,1,train
D:\GitHub\Universidad\Inteligencia_Artificial\gatos_perros_pandas\animals\panda\panda_00917.jpg,animals\panda\panda_00917.jpg,panda,2,train
D:\GitHub\Universidad\Inteligencia_Artificial\gatos_perros_pandas\animals\dogs\dogs_00138.jpg,animals\dogs\dogs_00138.jpg,dogs,1,train
D:\GitHub\Universidad\Inteligencia_Artificial\gatos_perros_pandas\animals\dogs\dogs_00795.jpg,animals\dogs\dogs_00795.jpg,dogs,1,train
D:\GitHub\Universidad\Inteligencia_Artificial\gatos_perros_pandas\animals\panda\panda_00805.jpg,animals\panda\panda_00805.jpg,panda,2,train
D:\GitHub\Universidad\Inteligencia_Artificial\gatos_perros_pandas\animals\panda\panda_00559.jpg,animals\panda\panda_00559.jpg,panda,2,val
D:\GitHub\Universidad\Inteligencia_Artificial\gatos_perros_pandas\animals\panda\panda_00598.jpg,animals\panda\panda_00598.jpg,panda,2,train
D:\GitHub\Universidad\Inteligencia_Artificial\gatos_perros_pandas\animals\panda\panda_00568.jpg,animals\panda\panda_00568.jpg,panda,2,test
D:\GitHub\Universidad\Inteligencia_Artificial\gatos_perros_pandas\animals\dogs\dogs_00591.jpg,animals\dogs\dogs_00591.jpg,dogs,1,test
D:\GitHub\Universidad\Inteligencia_Artificial\gatos_perros_pandas\animals\dogs\dogs_00170.jpg,animals\dogs\dogs_00170.jpg,dogs,1,test
D:\GitHub\Universidad\Inteligencia_Artificial\gatos_perros_pandas\animals\panda\panda_00648.jpg,animals\panda\panda_00648.jpg,panda,2,test
D:\GitHub\Universidad\Inteligencia_Artificial\gatos_perros_pandas\animals\dogs\dogs_00680.jpg,animals\dogs\dogs_00680.jpg,dogs,1,val
D:\GitHub\Universidad\Inteligencia_Artificial\gatos_perros_pandas\animals\panda\panda_00119.jpg,animals\panda\panda_00119.jpg,panda,2,train
D:\GitHub\Universidad\Inteligencia_Artificial\gatos_perros_pandas\animals\cats\cats_00812.jpg,animals\cats\cats_00812.jpg,cats,0,val
D:\GitHub\Universidad\Inteligencia_Artificial\gatos_perros_pandas\animals\dogs\dogs_00313.jpg,animals\dogs\dogs_00313.jpg,dogs,1,train
D:\GitHub\Universidad\Inteligencia_Artificial\gatos_perros_pandas\animals\cats\cats_00519.jpg,animals\cats\cats_00519.jpg,cats,0,train
D:\GitHub\Universidad\Inteligencia_Artificial\gatos_perros_pandas\animals\cats\cats_00148.jpg,animals\cats\cats_00148.jpg,cats,0,train
D:\GitHub\Universidad\Inteligencia_Artificial\gatos_perros_pandas\animals\panda\panda_00748.jpg,animals\panda\panda_00748.jpg,panda,2,train
D:\GitHub\Universidad\Inteligencia_Artificial\gatos_perros_pandas\animals\dogs\dogs_00375.jpg,animals\dogs\dogs_00375.jpg,dogs,1,train
D:\GitHub\Universidad\Inteligencia_Artificial\gatos_perros_pandas\animals\dogs\dogs_00103.jpg,animals\dogs\dogs_00103.jpg,dogs,1,val
D:\GitHub\Universidad\Inteligencia_Artificial\gatos_perros_pandas\animals\dogs\dogs_00059.jpg,animals\dogs\dogs_00059.jpg,dogs,1,train
D:\GitHub\Universidad\Inteligencia_Artificial\gatos_perros_pandas\animals\dogs\dogs_00980.jpg,animals\dogs\dogs_00980.jpg,dogs,1,train
D:\GitHub\Universidad\Inteligencia_Artificial\gatos_perros_pandas\animals\cats\cats_00825.jpg,animals\cats\cats_00825.jpg,cats,0,test
D:\GitHub\Universidad\Inteligencia_Artificial\gatos_perros_pandas\animals\panda\panda_00066.jpg,animals\panda\panda_00066.jpg,panda,2,train
D:\GitHub\Universidad\Inteligencia_Artificial\gatos_perros_pandas\animals\panda\panda_00566.jpg,animals\panda\panda_00566.jpg,panda,2,train
D:\GitHub\Universidad\Inteligencia_Artificial\gatos_perros_pandas\animals\dogs\dogs_00260.jpg,animals\dogs\dogs_00260.jpg,dogs,1,train
D:\GitHub\Universidad\Inteligencia_Artificial\gatos_perros_pandas\animals\panda\panda_00209.jpg,animals\panda\panda_00209.jpg,panda,2,train
D:\GitHub\Universidad\Inteligencia_Artificial\gatos_perros_pandas\animals\panda\panda_00113.jpg,animals\panda\panda_00113.jpg,panda,2,train
D:\GitHub\Universidad\Inteligencia_Artificial\gatos_perros_pandas\animals\panda\panda_00107.jpg,animals\panda\panda_00107.jpg,panda,2,test
D:\GitHub\Universidad\Inteligencia_Artificial\gatos_perros_pandas\animals\dogs\dogs_00504.jpg,animals\dogs\dogs_00504.jpg,dogs,1,test
D:\GitHub\Universidad\Inteligencia_Artificial\gatos_perros_pandas\animals\dogs\dogs_00264.jpg,animals\dogs\dogs_00264.jpg,dogs,1,train
D:\GitHub\Universidad\Inteligencia_Artificial\gatos_perros_pandas\animals\panda\panda_00274.jpg,animals\panda\panda_00274.jpg,panda,2,val
D:\GitHub\Universidad\Inteligencia_Artificial\gatos_perros_pandas\animals\dogs\dogs_00901.jpg,animals\dogs\dogs_00901.jpg,dogs,1,train
D:\GitHub\Universidad\Inteligencia_Artificial\gatos_perros_pandas\animals\cats\cats_00446.jpg,animals\cats\cats_00446.jpg,cats,0,val
D:\GitHub\Universidad\Inteligencia_Artificial\gatos_perros_pandas\animals\cats\cats_00113.jpg,animals\cats\cats_00113.jpg,cats,0,val
D:\GitHub\Universidad\Inteligencia_Artificial\gatos_perros_pandas\animals\dogs\dogs_00190.jpg,animals\dogs\dogs_00190.jpg,dogs,1,train
D:\GitHub\Universidad\Inteligencia_Artificial\gatos_perros_pandas\animals\panda\panda_00678.jpg,animals\panda\panda_00678.jpg,panda,2,train
D:\GitHub\Universidad\Inteligencia_Artificial\gatos_perros_pandas\animals\dogs\dogs_00877.jpg,animals\dogs\dogs_00877.jpg,dogs,1,train
D:\GitHub\Universidad\Inteligencia_Artificial\gatos_perros_pandas\animals\dogs\dogs_00948.jpg,animals\dogs\dogs_00948.jpg,dogs,1,train
D:\GitHub\Universidad\Inteligencia_Artificial\gatos_perros_pandas\animals\dogs\dogs_00413.jpg,animals\dogs\dogs_00413.jpg,dogs,1,test
D:\GitHub\Universidad\Inteligencia_Artificial\gatos_perros_pandas\animals\cats\cats_00254.jpg,animals\cats\cats_00254.jpg,cats,0,val
D:\GitHub\Universidad\Inteligencia_Artificial\gatos_perros_pandas\animals\cats\cats_00549.jpg,animals\cats\cats_00549.jpg,cats,0,train
D:\GitHub\Universidad\Inteligencia_Artificial\gatos_perros_pandas\animals\dogs\dogs_00494.jpg,animals\dogs\dogs_00494.jpg,dogs,1,train
D:\GitHub\Universidad\Inteligencia_Artificial\gatos_perros_pandas\animals\panda\panda_00316.jpg,animals\panda\panda_00316.jpg,panda,2,train
D:\GitHub\Universidad\Inteligencia_Artificial\gatos_perros_pandas\animals\dogs\dogs_00478.jpg,animals\dogs\dogs_00478.jpg,dogs,1,train
D:\GitHub\Universidad\Inteligencia_Artificial\gatos_perros_pandas\animals\panda\panda_00047.jpg,animals\panda\panda_00047.jpg,panda,2,train
D:\GitHub\Universidad\Inteligencia_Artificial\gatos_perros_pandas\animals\panda\panda_00795.jpg,animals\panda\panda_00795.jpg,panda,2,test
D:\GitHub\Universidad\Inteligencia_Artificial\gatos_perros_pandas\animals\cats\cats_00747.jpg,animals\cats\cats_00747.jpg,cats,0,test
D:\GitHub\Universidad\Inteligencia_Artificial\gatos_perros_pandas\animals\panda\panda_00742.jpg,animals\panda\panda_00742.jpg,panda,2,train
D:\GitHub\Universidad\Inteligencia_Artificial\gatos_perros_pandas\animals\cats\cats_00773.jpg,animals\cats\cats_00773.jpg,cats,0,train
D:\GitHub\Universidad\Inteligencia_Artificial\gatos_perros_pandas\animals\dogs\dogs_00769.jpg,animals\dogs\dogs_00769.jpg,dogs,1,train
D:\GitHub\Universidad\Inteligencia_Artificial\gatos_perros_pandas\animals\panda\panda_00553.jpg,animals\panda\panda_00553.jpg,panda,2,train
D:\GitHub\Universidad\Inteligencia_Artificial\gatos_perros_pandas\animals\panda\panda_00220.jpg,animals\panda\panda_00220.jpg,panda,2,val
D:\GitHub\Universidad\Inteligencia_Artificial\gatos_perros_pandas\animals\dogs\dogs_00305.jpg,animals\dogs\dogs_00305.jpg,dogs,1,train
D:\GitHub\Universidad\Inteligencia_Artificial\gatos_perros_pandas\animals\cats\cats_00810.jpg,animals\cats\cats_00810.jpg,cats,0,train
D:\GitHub\Universidad\Inteligencia_Artificial\gatos_perros_pandas\animals\panda\panda_00539.jpg,animals\panda\panda_00539.jpg,panda,2,test
D:\GitHub\Universidad\Inteligencia_Artificial\gatos_perros_pandas\animals\cats\cats_00090.jpg,animals\cats\cats_00090.jpg,cats,0,test
D:\GitHub\Universidad\Inteligencia_Artificial\gatos_perros_pandas\animals\dogs\dogs_00976.jpg,animals\dogs\dogs_00976.jpg,dogs,1,train
D:\GitHub\Universidad\Inteligencia_Artificial\gatos_perros_pandas\animals\cats\cats_00394.jpg,animals\cats\cats_00394.jpg,cats,0,train
D:\GitHub\Universidad\Inteligencia_Artificial\gatos_perros_pandas\animals\panda\panda_00471.jpg,animals\panda\panda_00471.jpg,panda,2,train
D:\GitHub\Universidad\Inteligencia_Artificial\gatos_perros_pandas\animals\dogs\dogs_00252.jpg,animals\dogs\dogs_00252.jpg,dogs,1,train
D:\GitHub\Universidad\Inteligencia_Artificial\gatos_perros_pandas\animals\cats\cats_00046.jpg,animals\cats\cats_00046.jpg,cats,0,train
D:\GitHub\Universidad\Inteligencia_Artificial\gatos_perros_pandas\animals\panda\panda_00106.jpg,animals\panda\panda_00106.jpg,panda,2,val
D:\GitHub\Universidad\Inteligencia_Artificial\gatos_perros_pandas\animals\cats\cats_00800.jpg,animals\cats\cats_00800.jpg,cats,0,train
D:\GitHub\Universidad\Inteligencia_Artificial\gatos_perros_pandas\animals\panda\panda_00573.jpg,animals\panda\panda_00573.jpg,panda,2,train
D:\GitHub\Universidad\Inteligencia_Artificial\gatos_perros_pandas\animals\cats\cats_00449.jpg,animals\cats\cats_00449.jpg,cats,0,val
D:\GitHub\Universidad\Inteligencia_Artificial\gatos_perros_pandas\animals\dogs\dogs_00799.jpg,animals\dogs\dogs_00799.jpg,dogs,1,train
D:\GitHub\Universidad\Inteligencia_Artificial\gatos_perros_pandas\animals\cats\cats_00015.jpg,animals\cats\cats_00015.jpg,cats,0,train
D:\GitHub\Universidad\Inteligencia_Artificial\gatos_perros_pandas\animals\cats\cats_00941.jpg,animals\cats\cats_00941.jpg,cats,0,train
D:\GitHub\Universidad\Inteligencia_Artificial\gatos_perros_pandas\animals\cats\cats_00078.jpg,animals\cats\cats_00078.jpg,cats,0,train
D:\GitHub\Universidad\Inteligencia_Artificial\gatos_perros_pandas\animals\cats\cats_00988.jpg,animals\cats\cats_00988.jpg,cats,0,train
D:\GitHub\Universidad\Inteligencia_Artificial\gatos_perros_pandas\animals\panda\panda_00158.jpg,animals\panda\panda_00158.jpg,panda,2,val
D:\GitHub\Universidad\Inteligencia_Artificial\gatos_perros_pandas\animals\dogs\dogs_00930.jpg,animals\dogs\dogs_00930.jpg,dogs,1,test
D:\GitHub\Universidad\Inteligencia_Artificial\gatos_perros_pandas\animals\panda\panda_00402.jpg,animals\panda\panda_00402.jpg,panda,2,train
D:\GitHub\Universidad\Inteligencia_Artificial\gatos_perros_pandas\animals\cats\cats_00539.jpg,animals\cats\cats_00539.jpg,cats,0,train
D:\GitHub\Universidad\Inteligencia_Artificial\gatos_perros_pandas\animals\cats\cats_00593.jpg,animals\cats\cats_00593.jpg,cats,0,train
D:\GitHub\Universidad\Inteligencia_Artificial\gatos_perros_pandas\animals\panda\panda_00658.jpg,animals\panda\panda_00658.jpg,panda,2,train
D:\GitHub\Universidad\Inteligencia_Artificial\gatos_perros_pandas\animals\cats\cats_00011.jpg,animals\cats\cats_00011.jpg,cats,0,train
D:\GitHub\Universidad\Inteligencia_Artificial\gatos_perros_pandas\animals\cats\cats_00288.jpg,animals\cats\cats_00288.jpg,cats,0,train
D:\GitHub\Universidad\Inteligencia_Artificial\gatos_perros_pandas\animals\cats\cats_00205.jpg,animals\cats\cats_00205.jpg,cats,0,train
D:\GitHub\Universidad\Inteligencia_Artificial\gatos_perros_pandas\animals\panda\panda_00177.jpg,animals\panda\panda_00177.jpg,panda,2,val
D:\GitHub\Universidad\Inteligencia_Artificial\gatos_perros_pandas\animals\dogs\dogs_00631.jpg,animals\dogs\dogs_00631.jpg,dogs,1,train
D:\GitHub\Universidad\Inteligencia_Artificial\gatos_perros_pandas\animals\panda\panda_00039.jpg,animals\panda\panda_00039.jpg,panda,2,train
D:\GitHub\Universidad\Inteligencia_Artificial\gatos_perros_pandas\animals\panda\panda_00726.jpg,animals\panda\panda_00726.jpg,panda,2,train
D:\GitHub\Universidad\Inteligencia_Artificial\gatos_perros_pandas\animals\panda\panda_00451.jpg,animals\panda\panda_00451.jpg,panda,2,test
D:\GitHub\Universidad\Inteligencia_Artificial\gatos_perros_pandas\animals\panda\panda_00753.jpg,animals\panda\panda_00753.jpg,panda,2,test
D:\GitHub\Universidad\Inteligencia_Artificial\gatos_perros_pandas\animals\panda\panda_00150.jpg,animals\panda\panda_00150.jpg,panda,2,train
D:\GitHub\Universidad\Inteligencia_Artificial\gatos_perros_pandas\animals\cats\cats_00086.jpg,animals\cats\cats_00086.jpg,cats,0,train
D:\GitHub\Universidad\Inteligencia_Artificial\gatos_perros_pandas\animals\cats\cats_00153.jpg,animals\cats\cats_00153.jpg,cats,0,train
D:\GitHub\Universidad\Inteligencia_Artificial\gatos_perros_pandas\animals\panda\panda_00291.jpg,animals\panda\panda_00291.jpg,panda,2,train
D:\GitHub\Universidad\Inteligencia_Artificial\gatos_perros_pandas\animals\dogs\dogs_00531.jpg,animals\dogs\dogs_00531.jpg,dogs,1,test
D:\GitHub\Universidad\Inteligencia_Artificial\gatos_perros_pandas\animals\panda\panda_00927.jpg,animals\panda\panda_00927.jpg,panda,2,test
D:\GitHub\Universidad\Inteligencia_Artificial\gatos_perros_pandas\animals\dogs\dogs_00870.jpg,animals\dogs\dogs_00870.jpg,dogs,1,train
D:\GitHub\Universidad\Inteligencia_Artificial\gatos_perros_pandas\animals\panda\panda_00175.jpg,animals\panda\panda_00175.jpg,panda,2,train
D:\GitHub\Universidad\Inteligencia_Artificial\gatos_perros_pandas\animals\cats\cats_00749.jpg,animals\cats\cats_00749.jpg,cats,0,train
D:\GitHub\Universidad\Inteligencia_Artificial\gatos_perros_pandas\animals\cats\cats_00459.jpg,animals\cats\cats_00459.jpg,cats,0,train
D:\GitHub\Universidad\Inteligencia_Artificial\gatos_perros_pandas\animals\panda\panda_00948.jpg,animals\panda\panda_00948.jpg,panda,2,train
D:\GitHub\Universidad\Inteligencia_Artificial\gatos_perros_pandas\animals\dogs\dogs_00720.jpg,animals\dogs\dogs_00720.jpg,dogs,1,test
D:\GitHub\Universidad\Inteligencia_Artificial\gatos_perros_pandas\animals\cats\cats_00377.jpg,animals\cats\cats_00377.jpg,cats,0,train
D:\GitHub\Universidad\Inteligencia_Artificial\gatos_perros_pandas\animals\panda\panda_00966.jpg,animals\panda\panda_00966.jpg,panda,2,train
D:\GitHub\Universidad\Inteligencia_Artificial\gatos_perros_pandas\animals\dogs\dogs_00040.jpg,animals\dogs\dogs_00040.jpg,dogs,1,train
D:\GitHub\Universidad\Inteligencia_Artificial\gatos_perros_pandas\animals\panda\panda_00752.jpg,animals\panda\panda_00752.jpg,panda,2,train
D:\GitHub\Universidad\Inteligencia_Artificial\gatos_perros_pandas\animals\cats\cats_00379.jpg,animals\cats\cats_00379.jpg,cats,0,train
D:\GitHub\Universidad\Inteligencia_Artificial\gatos_perros_pandas\animals\panda\panda_00022.jpg,animals\panda\panda_00022.jpg,panda,2,train
D:\GitHub\Universidad\Inteligencia_Artificial\gatos_perros_pandas\animals\cats\cats_00279.jpg,animals\cats\cats_00279.jpg,cats,0,train
D:\GitHub\Universidad\Inteligencia_Artificial\gatos_perros_pandas\animals\panda\panda_00727.jpg,animals\panda\panda_00727.jpg,panda,2,val
D:\GitHub\Universidad\Inteligencia_Artificial\gatos_perros_pandas\animals\cats\cats_00891.jpg,animals\cats\cats_00891.jpg,cats,0,test
D:\GitHub\Universidad\Inteligencia_Artificial\gatos_perros_pandas\animals\cats\cats_00795.jpg,animals\cats\cats_00795.jpg,cats,0,test
D:\GitHub\Universidad\Inteligencia_Artificial\gatos_perros_pandas\animals\cats\cats_00897.jpg,animals\cats\cats_00897.jpg,cats,0,train
D:\GitHub\Universidad\Inteligencia_Artificial\gatos_perros_pandas\animals\panda\panda_00183.jpg,animals\panda\panda_00183.jpg,panda,2,train
D:\GitHub\Universidad\Inteligencia_Artificial\gatos_perros_pandas\animals\panda\panda_00334.jpg,animals\panda\panda_00334.jpg,panda,2,train
D:\GitHub\Universidad\Inteligencia_Artificial\gatos_perros_pandas\animals\panda\panda_00530.jpg,animals\panda\panda_00530.jpg,panda,2,train
D:\GitHub\Universidad\Inteligencia_Artificial\gatos_perros_pandas\animals\cats\cats_00980.jpg,animals\cats\cats_00980.jpg,cats,0,train
D:\GitHub\Universidad\Inteligencia_Artificial\gatos_perros_pandas\animals\cats\cats_00623.jpg,animals\cats\cats_00623.jpg,cats,0,train
D:\GitHub\Universidad\Inteligencia_Artificial\gatos_perros_pandas\animals\dogs\dogs_00357.jpg,animals\dogs\dogs_00357.jpg,dogs,1,test
D:\GitHub\Universidad\Inteligencia_Artificial\gatos_perros_pandas\animals\dogs\dogs_00143.jpg,animals\dogs\dogs_00143.jpg,dogs,1,train
D:\GitHub\Universidad\Inteligencia_Artificial\gatos_perros_pandas\animals\dogs\dogs_00706.jpg,animals\dogs\dogs_00706.jpg,dogs,1,test
D:\GitHub\Universidad\Inteligencia_Artificial\gatos_perros_pandas\animals\dogs\dogs_00833.jpg,animals\dogs\dogs_00833.jpg,dogs,1,train
D:\GitHub\Universidad\Inteligencia_Artificial\gatos_perros_pandas\animals\cats\cats_00525.jpg,animals\cats\cats_00525.jpg,cats,0,train
D:\GitHub\Universidad\Inteligencia_Artificial\gatos_perros_pandas\animals\dogs\dogs_00421.jpg,animals\dogs\dogs_00421.jpg,dogs,1,val
D:\GitHub\Universidad\Inteligencia_Artificial\gatos_perros_pandas\animals\dogs\dogs_00827.jpg,animals\dogs\dogs_00827.jpg,dogs,1,train
D:\GitHub\Universidad\Inteligencia_Artificial\gatos_perros_pandas\animals\dogs\dogs_00615.jpg,animals\dogs\dogs_00615.jpg,dogs,1,train
D:\GitHub\Universidad\Inteligencia_Artificial\gatos_perros_pandas\animals\panda\panda_00416.jpg,animals\panda\panda_00416.jpg,panda,2,val
D:\GitHub\Universidad\Inteligencia_Artificial\gatos_perros_pandas\animals\cats\cats_00712.jpg,animals\cats\cats_00712.jpg,cats,0,train
D:\GitHub\Universidad\Inteligencia_Artificial\gatos_perros_pandas\animals\dogs\dogs_00530.jpg,animals\dogs\dogs_00530.jpg,dogs,1,train
D:\GitHub\Universidad\Inteligencia_Artificial\gatos_perros_pandas\animals\cats\cats_00272.jpg,animals\cats\cats_00272.jpg,cats,0,test
D:\GitHub\Universidad\Inteligencia_Artificial\gatos_perros_pandas\animals\panda\panda_00186.jpg,animals\panda\panda_00186.jpg,panda,2,train
D:\GitHub\Universidad\Inteligencia_Artificial\gatos_perros_pandas\animals\cats\cats_00634.jpg,animals\cats\cats_00634.jpg,cats,0,test
D:\GitHub\Universidad\Inteligencia_Artificial\gatos_perros_pandas\animals\panda\panda_00218.jpg,animals\panda\panda_00218.jpg,panda,2,train
D:\GitHub\Universidad\Inteligencia_Artificial\gatos_perros_pandas\animals\panda\panda_00068.jpg,animals\panda\panda_00068.jpg,panda,2,val
D:\GitHub\Universidad\Inteligencia_Artificial\gatos_perros_pandas\animals\dogs\dogs_00560.jpg,animals\dogs\dogs_00560.jpg,dogs,1,train
D:\GitHub\Universidad\Inteligencia_Artificial\gatos_perros_pandas\animals\dogs\dogs_00442.jpg,animals\dogs\dogs_00442.jpg,dogs,1,val
D:\GitHub\Universidad\Inteligencia_Artificial\gatos_perros_pandas\animals\panda\panda_00772.jpg,animals\panda\panda_00772.jpg,panda,2,test
D:\GitHub\Universidad\Inteligencia_Artificial\gatos_perros_pandas\animals\dogs\dogs_00126.jpg,animals\dogs\dogs_00126.jpg,dogs,1,train
D:\GitHub\Universidad\Inteligencia_Artificial\gatos_perros_pandas\animals\cats\cats_00490.jpg,animals\cats\cats_00490.jpg,cats,0,train
D:\GitHub\Universidad\Inteligencia_Artificial\gatos_perros_pandas\animals\dogs\dogs_00448.jpg,animals\dogs\dogs_00448.jpg,dogs,1,train
D:\GitHub\Universidad\Inteligencia_Artificial\gatos_perros_pandas\animals\cats\cats_00201.jpg,animals\cats\cats_00201.jpg,cats,0,train
D:\GitHub\Universidad\Inteligencia_Artificial\gatos_perros_pandas\animals\cats\cats_00215.jpg,animals\cats\cats_00215.jpg,cats,0,test
D:\GitHub\Universidad\Inteligencia_Artificial\gatos_perros_pandas\animals\dogs\dogs_00130.jpg,animals\dogs\dogs_00130.jpg,dogs,1,val
D:\GitHub\Universidad\Inteligencia_Artificial\gatos_perros_pandas\animals\cats\cats_00051.jpg,animals\cats\cats_00051.jpg,cats,0,train
D:\GitHub\Universidad\Inteligencia_Artificial\gatos_perros_pandas\animals\dogs\dogs_00378.jpg,animals\dogs\dogs_00378.jpg,dogs,1,train
D:\GitHub\Universidad\Inteligencia_Artificial\gatos_perros_pandas\animals\dogs\dogs_00332.jpg,animals\dogs\dogs_00332.jpg,dogs,1,test
D:\GitHub\Universidad\Inteligencia_Artificial\gatos_perros_pandas\animals\dogs\dogs_00840.jpg,animals\dogs\dogs_00840.jpg,dogs,1,train
D:\GitHub\Universidad\Inteligencia_Artificial\gatos_perros_pandas\animals\cats\cats_00036.jpg,animals\cats\cats_00036.jpg,cats,0,train
D:\GitHub\Universidad\Inteligencia_Artificial\gatos_perros_pandas\animals\cats\cats_00372.jpg,animals\cats\cats_00372.jpg,cats,0,val
D:\GitHub\Universidad\Inteligencia_Artificial\gatos_perros_pandas\animals\dogs\dogs_00900.jpg,animals\dogs\dogs_00900.jpg,dogs,1,train
D:\GitHub\Universidad\Inteligencia_Artificial\gatos_perros_pandas\animals\panda\panda_00761.jpg,animals\panda\panda_00761.jpg,panda,2,train
D:\GitHub\Universidad\Inteligencia_Artificial\gatos_perros_pandas\animals\panda\panda_00994.jpg,animals\panda\panda_00994.jpg,panda,2,train
D:\GitHub\Universidad\Inteligencia_Artificial\gatos_perros_pandas\animals\panda\panda_00212.jpg,animals\panda\panda_00212.jpg,panda,2,train
D:\GitHub\Universidad\Inteligencia_Artificial\gatos_perros_pandas\animals\cats\cats_00566.jpg,animals\cats\cats_00566.jpg,cats,0,test
D:\GitHub\Universidad\Inteligencia_Artificial\gatos_perros_pandas\animals\cats\cats_00762.jpg,animals\cats\cats_00762.jpg,cats,0,train
D:\GitHub\Universidad\Inteligencia_Artificial\gatos_perros_pandas\animals\cats\cats_00463.jpg,animals\cats\cats_00463.jpg,cats,0,val
D:\GitHub\Universidad\Inteligencia_Artificial\gatos_perros_pandas\animals\dogs\dogs_00678.jpg,animals\dogs\dogs_00678.jpg,dogs,1,test
D:\GitHub\Universidad\Inteligencia_Artificial\gatos_perros_pandas\animals\dogs\dogs_00978.jpg,animals\dogs\dogs_00978.jpg,dogs,1,train
D:\GitHub\Universidad\Inteligencia_Artificial\gatos_perros_pandas\animals\cats\cats_00505.jpg,animals\cats\cats_00505.jpg,cats,0,train
D:\GitHub\Universidad\Inteligencia_Artificial\gatos_perros_pandas\animals\dogs\dogs_00997.jpg,animals\dogs\dogs_00997.jpg,dogs,1,train
D:\GitHub\Universidad\Inteligencia_Artificial\gatos_perros_pandas\animals\dogs\dogs_00928.jpg,animals\dogs\dogs_00928.jpg,dogs,1,val
D:\GitHub\Universidad\Inteligencia_Artificial\gatos_perros_pandas\animals\panda\panda_00327.jpg,animals\panda\panda_00327.jpg,panda,2,train
D:\GitHub\Universidad\Inteligencia_Artificial\gatos_perros_pandas\animals\panda\panda_00087.jpg,animals\panda\panda_00087.jpg,panda,2,train
D:\GitHub\Universidad\Inteligencia_Artificial\gatos_perros_pandas\animals\dogs\dogs_00927.jpg,animals\dogs\dogs_00927.jpg,dogs,1,train
D:\GitHub\Universidad\Inteligencia_Artificial\gatos_perros_pandas\animals\cats\cats_00214.jpg,animals\cats\cats_00214.jpg,cats,0,train
D:\GitHub\Universidad\Inteligencia_Artificial\gatos_perros_pandas\animals\dogs\dogs_00052.jpg,animals\dogs\dogs_00052.jpg,dogs,1,train
D:\GitHub\Universidad\Inteligencia_Artificial\gatos_perros_pandas\animals\dogs\dogs_00800.jpg,animals\dogs\dogs_00800.jpg,dogs,1,train
D:\GitHub\Universidad\Inteligencia_Artificial\gatos_perros_pandas\animals\dogs\dogs_00801.jpg,animals\dogs\dogs_00801.jpg,dogs,1,train
D:\GitHub\Universidad\Inteligencia_Artificial\gatos_perros_pandas\animals\panda\panda_00735.jpg,animals\panda\panda_00735.jpg,panda,2,val
D:\GitHub\Universidad\Inteligencia_Artificial\gatos_perros_pandas\animals\dogs\dogs_00843.jpg,animals\dogs\dogs_00843.jpg,dogs,1,train
D:\GitHub\Universidad\Inteligencia_Artificial\gatos_perros_pandas\animals\dogs\dogs_00334.jpg,animals\dogs\dogs_00334.jpg,dogs,1,train
D:\GitHub\Universidad\Inteligencia_Artificial\gatos_perros_pandas\animals\panda\panda_00894.jpg,animals\panda\panda_00894.jpg,panda,2,val
D:\GitHub\Universidad\Inteligencia_Artificial\gatos_perros_pandas\animals\cats\cats_00561.jpg,animals\cats\cats_00561.jpg,cats,0,train
D:\GitHub\Universidad\Inteligencia_Artificial\gatos_perros_pandas\animals\dogs\dogs_00316.jpg,animals\dogs\dogs_00316.jpg,dogs,1,train
D:\GitHub\Universidad\Inteligencia_Artificial\gatos_perros_pandas\animals\cats\cats_00716.jpg,animals\cats\cats_00716.jpg,cats,0,train
D:\GitHub\Universidad\Inteligencia_Artificial\gatos_perros_pandas\animals\cats\cats_00383.jpg,animals\cats\cats_00383.jpg,cats,0,val
D:\GitHub\Universidad\Inteligencia_Artificial\gatos_perros_pandas\animals\panda\panda_00098.jpg,animals\panda\panda_00098.jpg,panda,2,train
D:\GitHub\Universidad\Inteligencia_Artificial\gatos_perros_pandas\animals\dogs\dogs_00063.jpg,animals\dogs\dogs_00063.jpg,dogs,1,train
D:\GitHub\Universidad\Inteligencia_Artificial\gatos_perros_pandas\animals\panda\panda_00853.jpg,animals\panda\panda_00853.jpg,panda,2,train
D:\GitHub\Universidad\Inteligencia_Artificial\gatos_perros_pandas\animals\cats\cats_00877.jpg,animals\cats\cats_00877.jpg,cats,0,train
D:\GitHub\Universidad\Inteligencia_Artificial\gatos_perros_pandas\animals\cats\cats_00934.jpg,animals\cats\cats_00934.jpg,cats,0,val
D:\GitHub\Universidad\Inteligencia_Artificial\gatos_perros_pandas\animals\panda\panda_00723.jpg,animals\panda\panda_00723.jpg,panda,2,train
D:\GitHub\Universidad\Inteligencia_Artificial\gatos_perros_pandas\animals\cats\cats_00032.jpg,animals\cats\cats_00032.jpg,cats,0,train
D:\GitHub\Universidad\Inteligencia_Artificial\gatos_perros_pandas\animals\dogs\dogs_00328.jpg,animals\dogs\dogs_00328.jpg,dogs,1,train
D:\GitHub\Universidad\Inteligencia_Artificial\gatos_perros_pandas\animals\panda\panda_00916.jpg,animals\panda\panda_00916.jpg,panda,2,val
D:\GitHub\Universidad\Inteligencia_Artificial\gatos_perros_pandas\animals\cats\cats_00314.jpg,animals\cats\cats_00314.jpg,cats,0,train
D:\GitHub\Universidad\Inteligencia_Artificial\gatos_perros_pandas\animals\dogs\dogs_00662.jpg,animals\dogs\dogs_00662.jpg,dogs,1,train
D:\GitHub\Universidad\Inteligencia_Artificial\gatos_perros_pandas\animals\cats\cats_00841.jpg,animals\cats\cats_00841.jpg,cats,0,train
D:\GitHub\Universidad\Inteligencia_Artificial\gatos_perros_pandas\animals\dogs\dogs_00572.jpg,animals\dogs\dogs_00572.jpg,dogs,1,train
D:\GitHub\Universidad\Inteligencia_Artificial\gatos_perros_pandas\animals\dogs\dogs_00969.jpg,animals\dogs\dogs_00969.jpg,dogs,1,val
D:\GitHub\Universidad\Inteligencia_Artificial\gatos_perros_pandas\animals\dogs\dogs_00849.jpg,animals\dogs\dogs_00849.jpg,dogs,1,train
D:\GitHub\Universidad\Inteligencia_Artificial\gatos_perros_pandas\animals\dogs\dogs_00120.jpg,animals\dogs\dogs_00120.jpg,dogs,1,train
D:\GitHub\Universidad\Inteligencia_Artificial\gatos_perros_pandas\animals\dogs\dogs_00838.jpg,animals\dogs\dogs_00838.jpg,dogs,1,val
D:\GitHub\Universidad\Inteligencia_Artificial\gatos_perros_pandas\animals\dogs\dogs_00456.jpg,animals\dogs\dogs_00456.jpg,dogs,1,train
D:\GitHub\Universidad\Inteligencia_Artificial\gatos_perros_pandas\animals\dogs\dogs_00812.jpg,animals\dogs\dogs_00812.jpg,dogs,1,test
D:\GitHub\Universidad\Inteligencia_Artificial\gatos_perros_pandas\animals\panda\panda_00879.jpg,animals\panda\panda_00879.jpg,panda,2,val
D:\GitHub\Universidad\Inteligencia_Artificial\gatos_perros_pandas\animals\panda\panda_00731.jpg,animals\panda\panda_00731.jpg,panda,2,val
D:\GitHub\Universidad\Inteligencia_Artificial\gatos_perros_pandas\animals\cats\cats_00002.jpg,animals\cats\cats_00002.jpg,cats,0,train
D:\GitHub\Universidad\Inteligencia_Artificial\gatos_perros_pandas\animals\dogs\dogs_00986.jpg,animals\dogs\dogs_00986.jpg,dogs,1,train
D:\GitHub\Universidad\Inteligencia_Artificial\gatos_perros_pandas\animals\panda\panda_00680.jpg,animals\panda\panda_00680.jpg,panda,2,train
D:\GitHub\Universidad\Inteligencia_Artificial\gatos_perros_pandas\animals\panda\panda_00782.jpg,animals\panda\panda_00782.jpg,panda,2,train
D:\GitHub\Universidad\Inteligencia_Artificial\gatos_perros_pandas\animals\panda\panda_00534.jpg,animals\panda\panda_00534.jpg,panda,2,train
D:\GitHub\Universidad\Inteligencia_Artificial\gatos_perros_pandas\animals\dogs\dogs_00762.jpg,animals\dogs\dogs_00762.jpg,dogs,1,train
D:\GitHub\Universidad\Inteligencia_Artificial\gatos_perros_pandas\animals\panda\panda_00493.jpg,animals\panda\panda_00493.jpg,panda,2,train
D:\GitHub\Universidad\Inteligencia_Artificial\gatos_perros_pandas\animals\cats\cats_00740.jpg,animals\cats\cats_00740.jpg,cats,0,val
D:\GitHub\Universidad\Inteligencia_Artificial\gatos_perros_pandas\animals\cats\cats_00507.jpg,animals\cats\cats_00507.jpg,cats,0,train
D:\GitHub\Universidad\Inteligencia_Artificial\gatos_perros_pandas\animals\cats\cats_00901.jpg,animals\cats\cats_00901.jpg,cats,0,train
D:\GitHub\Universidad\Inteligencia_Artificial\gatos_perros_pandas\animals\panda\panda_00705.jpg,animals\panda\panda_00705.jpg,panda,2,train
D:\GitHub\Universidad\Inteligencia_Artificial\gatos_perros_pandas\animals\cats\cats_00635.jpg,animals\cats\cats_00635.jpg,cats,0,train
D:\GitHub\Universidad\Inteligencia_Artificial\gatos_perros_pandas\animals\dogs\dogs_00035.jpg,animals\dogs\dogs_00035.jpg,dogs,1,train
D:\GitHub\Universidad\Inteligencia_Artificial\gatos_perros_pandas\animals\cats\cats_00637.jpg,animals\cats\cats_00637.jpg,cats,0,train
D:\GitHub\Universidad\Inteligencia_Artificial\gatos_perros_pandas\animals\panda\panda_00828.jpg,animals\panda\panda_00828.jpg,panda,2,train
D:\GitHub\Universidad\Inteligencia_Artificial\gatos_perros_pandas\animals\dogs\dogs_00864.jpg,animals\dogs\dogs_00864.jpg,dogs,1,train
D:\GitHub\Universidad\Inteligencia_Artificial\gatos_perros_pandas\animals\dogs\dogs_00738.jpg,animals\dogs\dogs_00738.jpg,dogs,1,train
D:\GitHub\Universidad\Inteligencia_Artificial\gatos_perros_pandas\animals\panda\panda_00387.jpg,animals\panda\panda_00387.jpg,panda,2,train
D:\GitHub\Universidad\Inteligencia_Artificial\gatos_perros_pandas\animals\dogs\dogs_00622.jpg,animals\dogs\dogs_00622.jpg,dogs,1,train
D:\GitHub\Universidad\Inteligencia_Artificial\gatos_perros_pandas\animals\dogs\dogs_00888.jpg,animals\dogs\dogs_00888.jpg,dogs,1,train
D:\GitHub\Universidad\Inteligencia_Artificial\gatos_perros_pandas\animals\dogs\dogs_00389.jpg,animals\dogs\dogs_00389.jpg,dogs,1,train
D:\GitHub\Universidad\Inteligencia_Artificial\gatos_perros_pandas\animals\dogs\dogs_01000.jpg,animals\dogs\dogs_01000.jpg,dogs,1,test
D:\GitHub\Universidad\Inteligencia_Artificial\gatos_perros_pandas\animals\cats\cats_00257.jpg,animals\cats\cats_00257.jpg,cats,0,train
D:\GitHub\Universidad\Inteligencia_Artificial\gatos_perros_pandas\animals\panda\panda_00951.jpg,animals\panda\panda_00951.jpg,panda,2,train
D:\GitHub\Universidad\Inteligencia_Artificial\gatos_perros_pandas\animals\cats\cats_00694.jpg,animals\cats\cats_00694.jpg,cats,0,train
D:\GitHub\Universidad\Inteligencia_Artificial\gatos_perros_pandas\animals\cats\cats_00736.jpg,animals\cats\cats_00736.jpg,cats,0,test
D:\GitHub\Universidad\Inteligencia_Artificial\gatos_perros_pandas\animals\cats\cats_00819.jpg,animals\cats\cats_00819.jpg,cats,0,train
D:\GitHub\Universidad\Inteligencia_Artificial\gatos_perros_pandas\animals\dogs\dogs_00253.jpg,animals\dogs\dogs_00253.jpg,dogs,1,train
D:\GitHub\Universidad\Inteligencia_Artificial\gatos_perros_pandas\animals\dogs\dogs_00780.jpg,animals\dogs\dogs_00780.jpg,dogs,1,train
D:\GitHub\Universidad\Inteligencia_Artificial\gatos_perros_pandas\animals\panda\panda_00988.jpg,animals\panda\panda_00988.jpg,panda,2,val
D:\GitHub\Universidad\Inteligencia_Artificial\gatos_perros_pandas\animals\cats\cats_00103.jpg,animals\cats\cats_00103.jpg,cats,0,train
D:\GitHub\Universidad\Inteligencia_Artificial\gatos_perros_pandas\animals\dogs\dogs_00124.jpg,animals\dogs\dogs_00124.jpg,dogs,1,train
D:\GitHub\Universidad\Inteligencia_Artificial\gatos_perros_pandas\animals\dogs\dogs_00438.jpg,animals\dogs\dogs_00438.jpg,dogs,1,train
D:\GitHub\Universidad\Inteligencia_Artificial\gatos_perros_pandas\animals\panda\panda_00792.jpg,animals\panda\panda_00792.jpg,panda,2,val
D:\GitHub\Universidad\Inteligencia_Artificial\gatos_perros_pandas\animals\panda\panda_00704.jpg,animals\panda\panda_00704.jpg,panda,2,train
D:\GitHub\Universidad\Inteligencia_Artificial\gatos_perros_pandas\animals\cats\cats_00847.jpg,animals\cats\cats_00847.jpg,cats,0,train
D:\GitHub\Universidad\Inteligencia_Artificial\gatos_perros_pandas\animals\dogs\dogs_00939.jpg,animals\dogs\dogs_00939.jpg,dogs,1,train
D:\GitHub\Universidad\Inteligencia_Artificial\gatos_perros_pandas\animals\dogs\dogs_00235.jpg,animals\dogs\dogs_00235.jpg,dogs,1,test
D:\GitHub\Universidad\Inteligencia_Artificial\gatos_perros_pandas\animals\cats\cats_00385.jpg,animals\cats\cats_00385.jpg,cats,0,train
D:\GitHub\Universidad\Inteligencia_Artificial\gatos_perros_pandas\animals\cats\cats_00661.jpg,animals\cats\cats_00661.jpg,cats,0,train
D:\GitHub\Universidad\Inteligencia_Artificial\gatos_perros_pandas\animals\cats\cats_00998.jpg,animals\cats\cats_00998.jpg,cats,0,train
D:\GitHub\Universidad\Inteligencia_Artificial\gatos_perros_pandas\animals\cats\cats_00939.jpg,animals\cats\cats_00939.jpg,cats,0,val
D:\GitHub\Universidad\Inteligencia_Artificial\gatos_perros_pandas\animals\cats\cats_00130.jpg,animals\cats\cats_00130.jpg,cats,0,train
D:\GitHub\Universidad\Inteligencia_Artificial\gatos_perros_pandas\animals\cats\cats_00027.jpg,animals\cats\cats_00027.jpg,cats,0,train
D:\GitHub\Universidad\Inteligencia_Artificial\gatos_perros_pandas\animals\panda\panda_00271.jpg,animals\panda\panda_00271.jpg,panda,2,train
D:\GitHub\Universidad\Inteligencia_Artificial\gatos_perros_pandas\animals\panda\panda_00719.jpg,animals\panda\panda_00719.jpg,panda,2,train
D:\GitHub\Universidad\Inteligencia_Artificial\gatos_perros_pandas\animals\panda\panda_00230.jpg,animals\panda\panda_00230.jpg,panda,2,val
D:\GitHub\Universidad\Inteligencia_Artificial\gatos_perros_pandas\animals\panda\panda_00136.jpg,animals\panda\panda_00136.jpg,panda,2,train
D:\GitHub\Universidad\Inteligencia_Artificial\gatos_perros_pandas\animals\panda\panda_00871.jpg,animals\panda\panda_00871.jpg,panda,2,train
D:\GitHub\Universidad\Inteligencia_Artificial\gatos_perros_pandas\animals\dogs\dogs_00495.jpg,animals\dogs\dogs_00495.jpg,dogs,1,val
D:\GitHub\Universidad\Inteligencia_Artificial\gatos_perros_pandas\animals\cats\cats_00530.jpg,animals\cats\cats_00530.jpg,cats,0,val
D:\GitHub\Universidad\Inteligencia_Artificial\gatos_perros_pandas\animals\panda\panda_00310.jpg,animals\panda\panda_00310.jpg,panda,2,train
D:\GitHub\Universidad\Inteligencia_Artificial\gatos_perros_pandas\animals\panda\panda_00954.jpg,animals\panda\panda_00954.jpg,panda,2,val
D:\GitHub\Universidad\Inteligencia_Artificial\gatos_perros_pandas\animals\panda\panda_00305.jpg,animals\panda\panda_00305.jpg,panda,2,train
D:\GitHub\Universidad\Inteligencia_Artificial\gatos_perros_pandas\animals\dogs\dogs_00714.jpg,animals\dogs\dogs_00714.jpg,dogs,1,train
D:\GitHub\Universidad\Inteligencia_Artificial\gatos_perros_pandas\animals\panda\panda_00824.jpg,animals\panda\panda_00824.jpg,panda,2,train
D:\GitHub\Universidad\Inteligencia_Artificial\gatos_perros_pandas\animals\dogs\dogs_00489.jpg,animals\dogs\dogs_00489.jpg,dogs,1,train
D:\GitHub\Universidad\Inteligencia_Artificial\gatos_perros_pandas\animals\cats\cats_00060.jpg,animals\cats\cats_00060.jpg,cats,0,val
D:\GitHub\Universidad\Inteligencia_Artificial\gatos_perros_pandas\animals\panda\panda_00820.jpg,animals\panda\panda_00820.jpg,panda,2,train
D:\GitHub\Universidad\Inteligencia_Artificial\gatos_perros_pandas\animals\cats\cats_00493.jpg,animals\cats\cats_00493.jpg,cats,0,train
D:\GitHub\Universidad\Inteligencia_Artificial\gatos_perros_pandas\animals\dogs\dogs_00613.jpg,animals\dogs\dogs_00613.jpg,dogs,1,test
D:\GitHub\Universidad\Inteligencia_Artificial\gatos_perros_pandas\animals\cats\cats_00339.jpg,animals\cats\cats_00339.jpg,cats,0,val
D:\GitHub\Universidad\Inteligencia_Artificial\gatos_perros_pandas\animals\cats\cats_00717.jpg,animals\cats\cats_00717.jpg,cats,0,train
D:\GitHub\Universidad\Inteligencia_Artificial\gatos_perros_pandas\animals\panda\panda_00967.jpg,animals\panda\panda_00967.jpg,panda,2,val
D:\GitHub\Universidad\Inteligencia_Artificial\gatos_perros_pandas\animals\cats\cats_00270.jpg,animals\cats\cats_00270.jpg,cats,0,val
D:\GitHub\Universidad\Inteligencia_Artificial\gatos_perros_pandas\animals\dogs\dogs_00449.jpg,animals\dogs\dogs_00449.jpg,dogs,1,test
D:\GitHub\Universidad\Inteligencia_Artificial\gatos_perros_pandas\animals\panda\panda_00595.jpg,animals\panda\panda_00595.jpg,panda,2,train
D:\GitHub\Universidad\Inteligencia_Artificial\gatos_perros_pandas\animals\cats\cats_00784.jpg,animals\cats\cats_00784.jpg,cats,0,train
D:\GitHub\Universidad\Inteligencia_Artificial\gatos_perros_pandas\animals\panda\panda_00246.jpg,animals\panda\panda_00246.jpg,panda,2,train
D:\GitHub\Universidad\Inteligencia_Artificial\gatos_perros_pandas\animals\cats\cats_00648.jpg,animals\cats\cats_00648.jpg,cats,0,train
D:\GitHub\Universidad\Inteligencia_Artificial\gatos_perros_pandas\animals\panda\panda_00963.jpg,animals\panda\panda_00963.jpg,panda,2,test
D:\GitHub\Universidad\Inteligencia_Artificial\gatos_perros_pandas\animals\dogs\dogs_00553.jpg,animals\dogs\dogs_00553.jpg,dogs,1,test
D:\GitHub\Universidad\Inteligencia_Artificial\gatos_perros_pandas\animals\cats\cats_00590.jpg,animals\cats\cats_00590.jpg,cats,0,train
D:\GitHub\Universidad\Inteligencia_Artificial\gatos_perros_pandas\animals\dogs\dogs_00269.jpg,animals\dogs\dogs_00269.jpg,dogs,1,train
D:\GitHub\Universidad\Inteligencia_Artificial\gatos_perros_pandas\animals\cats\cats_00457.jpg,animals\cats\cats_00457.jpg,cats,0,train
D:\GitHub\Universidad\Inteligencia_Artificial\gatos_perros_pandas\animals\dogs\dogs_00243.jpg,animals\dogs\dogs_00243.jpg,dogs,1,train
D:\GitHub\Universidad\Inteligencia_Artificial\gatos_perros_pandas\animals\panda\panda_00138.jpg,animals\panda\panda_00138.jpg,panda,2,train
D:\GitHub\Universidad\Inteligencia_Artificial\gatos_perros_pandas\animals\cats\cats_00504.jpg,animals\cats\cats_00504.jpg,cats,0,train
D:\GitHub\Universidad\Inteligencia_Artificial\gatos_perros_pandas\animals\dogs\dogs_00106.jpg,animals\dogs\dogs_00106.jpg,dogs,1,train
D:\GitHub\Universidad\Inteligencia_Artificial\gatos_perros_pandas\animals\cats\cats_00301.jpg,animals\cats\cats_00301.jpg,cats,0,test
D:\GitHub\Universidad\Inteligencia_Artificial\gatos_perros_pandas\animals\panda\panda_00790.jpg,animals\panda\panda_00790.jpg,panda,2,train
D:\GitHub\Universidad\Inteligencia_Artificial\gatos_perros_pandas\animals\cats\cats_00188.jpg,animals\cats\cats_00188.jpg,cats,0,train
D:\GitHub\Universidad\Inteligencia_Artificial\gatos_perros_pandas\animals\dogs\dogs_00058.jpg,animals\dogs\dogs_00058.jpg,dogs,1,val
D:\GitHub\Universidad\Inteligencia_Artificial\gatos_perros_pandas\animals\dogs\dogs_00994.jpg,animals\dogs\dogs_00994.jpg,dogs,1,train
D:\GitHub\Universidad\Inteligencia_Artificial\gatos_perros_pandas\animals\panda\panda_00567.jpg,animals\panda\panda_00567.jpg,panda,2,train
D:\GitHub\Universidad\Inteligencia_Artificial\gatos_perros_pandas\animals\cats\cats_00739.jpg,animals\cats\cats_00739.jpg,cats,0,val
D:\GitHub\Universidad\Inteligencia_Artificial\gatos_perros_pandas\animals\cats\cats_00699.jpg,animals\cats\cats_00699.jpg,cats,0,val
D:\GitHub\Universidad\Inteligencia_Artificial\gatos_perros_pandas\animals\dogs\dogs_00924.jpg,animals\dogs\dogs_00924.jpg,dogs,1,val
D:\GitHub\Universidad\Inteligencia_Artificial\gatos_perros_pandas\animals\dogs\dogs_00423.jpg,animals\dogs\dogs_00423.jpg,dogs,1,train
D:\GitHub\Universidad\Inteligencia_Artificial\gatos_perros_pandas\animals\dogs\dogs_00248.jpg,animals\dogs\dogs_00248.jpg,dogs,1,train
D:\GitHub\Universidad\Inteligencia_Artificial\gatos_perros_pandas\animals\dogs\dogs_00463.jpg,animals\dogs\dogs_00463.jpg,dogs,1,train
D:\GitHub\Universidad\Inteligencia_Artificial\gatos_perros_pandas\animals\panda\panda_00439.jpg,animals\panda\panda_00439.jpg,panda,2,train
D:\GitHub\Universidad\Inteligencia_Artificial\gatos_perros_pandas\animals\dogs\dogs_00779.jpg,animals\dogs\dogs_00779.jpg,dogs,1,test
D:\GitHub\Universidad\Inteligencia_Artificial\gatos_perros_pandas\animals\panda\panda_00690.jpg,animals\panda\panda_00690.jpg,panda,2,train
D:\GitHub\Universidad\Inteligencia_Artificial\gatos_perros_pandas\animals\panda\panda_00207.jpg,animals\panda\panda_00207.jpg,panda,2,test
D:\GitHub\Universidad\Inteligencia_Artificial\gatos_perros_pandas\animals\cats\cats_00277.jpg,animals\cats\cats_00277.jpg,cats,0,test
D:\GitHub\Universidad\Inteligencia_Artificial\gatos_perros_pandas\animals\dogs\dogs_00204.jpg,animals\dogs\dogs_00204.jpg,dogs,1,train
D:\GitHub\Universidad\Inteligencia_Artificial\gatos_perros_pandas\animals\cats\cats_00541.jpg,animals\cats\cats_00541.jpg,cats,0,val
D:\GitHub\Universidad\Inteligencia_Artificial\gatos_perros_pandas\animals\panda\panda_00687.jpg,animals\panda\panda_00687.jpg,panda,2,train
D:\GitHub\Universidad\Inteligencia_Artificial\gatos_perros_pandas\animals\panda\panda_00640.jpg,animals\panda\panda_00640.jpg,panda,2,train
D:\GitHub\Universidad\Inteligencia_Artificial\gatos_perros_pandas\animals\cats\cats_00191.jpg,animals\cats\cats_00191.jpg,cats,0,train
D:\GitHub\Universidad\Inteligencia_Artificial\gatos_perros_pandas\animals\cats\cats_00607.jpg,animals\cats\cats_00607.jpg,cats,0,train
D:\GitHub\Universidad\Inteligencia_Artificial\gatos_perros_pandas\animals\panda\panda_00798.jpg,animals\panda\panda_00798.jpg,panda,2,test
D:\GitHub\Universidad\Inteligencia_Artificial\gatos_perros_pandas\animals\dogs\dogs_00367.jpg,animals\dogs\dogs_00367.jpg,dogs,1,train
D:\GitHub\Universidad\Inteligencia_Artificial\gatos_perros_pandas\animals\panda\panda_00543.jpg,animals\panda\panda_00543.jpg,panda,2,val
D:\GitHub\Universidad\Inteligencia_Artificial\gatos_perros_pandas\animals\panda\panda_00103.jpg,animals\panda\panda_00103.jpg,panda,2,train
D:\GitHub\Universidad\Inteligencia_Artificial\gatos_perros_pandas\animals\panda\panda_00162.jpg,animals\panda\panda_00162.jpg,panda,2,val
D:\GitHub\Universidad\Inteligencia_Artificial\gatos_perros_pandas\animals\dogs\dogs_00121.jpg,animals\dogs\dogs_00121.jpg,dogs,1,val
D:\GitHub\Universidad\Inteligencia_Artificial\gatos_perros_pandas\animals\cats\cats_00776.jpg,animals\cats\cats_00776.jpg,cats,0,train
D:\GitHub\Universidad\Inteligencia_Artificial\gatos_perros_pandas\animals\panda\panda_00339.jpg,animals\panda\panda_00339.jpg,panda,2,train
D:\GitHub\Universidad\Inteligencia_Artificial\gatos_perros_pandas\animals\panda\panda_00562.jpg,animals\panda\panda_00562.jpg,panda,2,test
D:\GitHub\Universidad\Inteligencia_Artificial\gatos_perros_pandas\animals\panda\panda_00839.jpg,animals\panda\panda_00839.jpg,panda,2,train
D:\GitHub\Universidad\Inteligencia_Artificial\gatos_perros_pandas\animals\dogs\dogs_00337.jpg,animals\dogs\dogs_00337.jpg,dogs,1,val
D:\GitHub\Universidad\Inteligencia_Artificial\gatos_perros_pandas\animals\dogs\dogs_00336.jpg,animals\dogs\dogs_00336.jpg,dogs,1,train
D:\GitHub\Universidad\Inteligencia_Artificial\gatos_perros_pandas\animals\cats\cats_00681.jpg,animals\cats\cats_00681.jpg,cats,0,train
D:\GitHub\Universidad\Inteligencia_Artificial\gatos_perros_pandas\animals\panda\panda_00507.jpg,animals\panda\panda_00507.jpg,panda,2,train
D:\GitHub\Universidad\Inteligencia_Artificial\gatos_perros_pandas\animals\dogs\dogs_00922.jpg,animals\dogs\dogs_00922.jpg,dogs,1,train
D:\GitHub\Universidad\Inteligencia_Artificial\gatos_perros_pandas\animals\dogs\dogs_00521.jpg,animals\dogs\dogs_00521.jpg,dogs,1,val
D:\GitHub\Universidad\Inteligencia_Artificial\gatos_perros_pandas\animals\cats\cats_00970.jpg,animals\cats\cats_00970.jpg,cats,0,train
D:\GitHub\Universidad\Inteligencia_Artificial\gatos_perros_pandas\animals\dogs\dogs_00961.jpg,animals\dogs\dogs_00961.jpg,dogs,1,train
D:\GitHub\Universidad\Inteligencia_Artificial\gatos_perros_pandas\animals\dogs\dogs_00293.jpg,animals\dogs\dogs_00293.jpg,dogs,1,train
D:\GitHub\Universidad\Inteligencia_Artificial\gatos_perros_pandas\animals\cats\cats_00428.jpg,animals\cats\cats_00428.jpg,cats,0,train
D:\GitHub\Universidad\Inteligencia_Artificial\gatos_perros_pandas\animals\panda\panda_00964.jpg,animals\panda\panda_00964.jpg,panda,2,test
D:\GitHub\Universidad\Inteligencia_Artificial\gatos_perros_pandas\animals\dogs\dogs_00602.jpg,animals\dogs\dogs_00602.jpg,dogs,1,test
D:\GitHub\Universidad\Inteligencia_Artificial\gatos_perros_pandas\animals\cats\cats_00924.jpg,animals\cats\cats_00924.jpg,cats,0,train
D:\GitHub\Universidad\Inteligencia_Artificial\gatos_perros_pandas\animals\cats\cats_00415.jpg,animals\cats\cats_00415.jpg,cats,0,train
D:\GitHub\Universidad\Inteligencia_Artificial\gatos_perros_pandas\animals\panda\panda_00615.jpg,animals\panda\panda_00615.jpg,panda,2,train
D:\GitHub\Universidad\Inteligencia_Artificial\gatos_perros_pandas\animals\panda\panda_00863.jpg,animals\panda\panda_00863.jpg,panda,2,train
D:\GitHub\Universidad\Inteligencia_Artificial\gatos_perros_pandas\animals\panda\panda_00674.jpg,animals\panda\panda_00674.jpg,panda,2,train
D:\GitHub\Universidad\Inteligencia_Artificial\gatos_perros_pandas\animals\dogs\dogs_00865.jpg,animals\dogs\dogs_00865.jpg,dogs,1,train
D:\GitHub\Universidad\Inteligencia_Artificial\gatos_perros_pandas\animals\dogs\dogs_00043.jpg,animals\dogs\dogs_00043.jpg,dogs,1,train
D:\GitHub\Universidad\Inteligencia_Artificial\gatos_perros_pandas\animals\cats\cats_00616.jpg,animals\cats\cats_00616.jpg,cats,0,train
D:\GitHub\Universidad\Inteligencia_Artificial\gatos_perros_pandas\animals\dogs\dogs_00920.jpg,animals\dogs\dogs_00920.jpg,dogs,1,train
D:\GitHub\Universidad\Inteligencia_Artificial\gatos_perros_pandas\animals\panda\panda_00412.jpg,animals\panda\panda_00412.jpg,panda,2,train
D:\GitHub\Universidad\Inteligencia_Artificial\gatos_perros_pandas\animals\panda\panda_00055.jpg,animals\panda\panda_00055.jpg,panda,2,train
D:\GitHub\Universidad\Inteligencia_Artificial\gatos_perros_pandas\animals\cats\cats_00971.jpg,animals\cats\cats_00971.jpg,cats,0,test
D:\GitHub\Universidad\Inteligencia_Artificial\gatos_perros_pandas\animals\cats\cats_00558.jpg,animals\cats\cats_00558.jpg,cats,0,train
D:\GitHub\Universidad\Inteligencia_Artificial\gatos_perros_pandas\animals\panda\panda_00223.jpg,animals\panda\panda_00223.jpg,panda,2,train
D:\GitHub\Universidad\Inteligencia_Artificial\gatos_perros_pandas\animals\dogs\dogs_00046.jpg,animals\dogs\dogs_00046.jpg,dogs,1,train
D:\GitHub\Universidad\Inteligencia_Artificial\gatos_perros_pandas\animals\panda\panda_00848.jpg,animals\panda\panda_00848.jpg,panda,2,train
D:\GitHub\Universidad\Inteligencia_Artificial\gatos_perros_pandas\animals\dogs\dogs_00810.jpg,animals\dogs\dogs_00810.jpg,dogs,1,train
D:\GitHub\Universidad\Inteligencia_Artificial\gatos_perros_pandas\animals\cats\cats_00413.jpg,animals\cats\cats_00413.jpg,cats,0,train
D:\GitHub\Universidad\Inteligencia_Artificial\gatos_perros_pandas\animals\cats\cats_00738.jpg,animals\cats\cats_00738.jpg,cats,0,train
D:\GitHub\Universidad\Inteligencia_Artificial\gatos_perros_pandas\animals\panda\panda_00864.jpg,animals\panda\panda_00864.jpg,panda,2,train
D:\GitHub\Universidad\Inteligencia_Artificial\gatos_perros_pandas\animals\panda\panda_00504.jpg,animals\panda\panda_00504.jpg,panda,2,train
D:\GitHub\Universidad\Inteligencia_Artificial\gatos_perros_pandas\animals\cats\cats_00557.jpg,animals\cats\cats_00557.jpg,cats,0,train
D:\GitHub\Universidad\Inteligencia_Artificial\gatos_perros_pandas\animals\cats\cats_00551.jpg,animals\cats\cats_00551.jpg,cats,0,train
D:\GitHub\Universidad\Inteligencia_Artificial\gatos_perros_pandas\animals\panda\panda_00789.jpg,animals\panda\panda_00789.jpg,panda,2,train
D:\GitHub\Universidad\Inteligencia_Artificial\gatos_perros_pandas\animals\dogs\dogs_00931.jpg,animals\dogs\dogs_00931.jpg,dogs,1,test
D:\GitHub\Universidad\Inteligencia_Artificial\gatos_perros_pandas\animals\dogs\dogs_00331.jpg,animals\dogs\dogs_00331.jpg,dogs,1,test
D:\GitHub\Universidad\Inteligencia_Artificial\gatos_perros_pandas\animals\cats\cats_00501.jpg,animals\cats\cats_00501.jpg,cats,0,val
D:\GitHub\Universidad\Inteligencia_Artificial\gatos_perros_pandas\animals\dogs\dogs_00942.jpg,animals\dogs\dogs_00942.jpg,dogs,1,train
D:\GitHub\Universidad\Inteligencia_Artificial\gatos_perros_pandas\animals\dogs\dogs_00137.jpg,animals\dogs\dogs_00137.jpg,dogs,1,train
D:\GitHub\Universidad\Inteligencia_Artificial\gatos_perros_pandas\animals\panda\panda_00857.jpg,animals\panda\panda_00857.jpg,panda,2,test
D:\GitHub\Universidad\Inteligencia_Artificial\gatos_perros_pandas\animals\dogs\dogs_00539.jpg,animals\dogs\dogs_00539.jpg,dogs,1,val
D:\GitHub\Universidad\Inteligencia_Artificial\gatos_perros_pandas\animals\panda\panda_00199.jpg,animals\panda\panda_00199.jpg,panda,2,train
D:\GitHub\Universidad\Inteligencia_Artificial\gatos_perros_pandas\animals\panda\panda_00907.jpg,animals\panda\panda_00907.jpg,panda,2,train
D:\GitHub\Universidad\Inteligencia_Artificial\gatos_perros_pandas\animals\cats\cats_00228.jpg,animals\cats\cats_00228.jpg,cats,0,train
D:\GitHub\Universidad\Inteligencia_Artificial\gatos_perros_pandas\animals\dogs\dogs_00599.jpg,animals\dogs\dogs_00599.jpg,dogs,1,train
D:\GitHub\Universidad\Inteligencia_Artificial\gatos_perros_pandas\animals\panda\panda_00842.jpg,animals\panda\panda_00842.jpg,panda,2,train
D:\GitHub\Universidad\Inteligencia_Artificial\gatos_perros_pandas\animals\dogs\dogs_00054.jpg,animals\dogs\dogs_00054.jpg,dogs,1,train
D:\GitHub\Universidad\Inteligencia_Artificial\gatos_perros_pandas\animals\cats\cats_00789.jpg,animals\cats\cats_00789.jpg,cats,0,train
D:\GitHub\Universidad\Inteligencia_Artificial\gatos_perros_pandas\animals\dogs\dogs_00677.jpg,animals\dogs\dogs_00677.jpg,dogs,1,train
D:\GitHub\Universidad\Inteligencia_Artificial\gatos_perros_pandas\animals\cats\cats_00353.jpg,animals\cats\cats_00353.jpg,cats,0,test
D:\GitHub\Universidad\Inteligencia_Artificial\gatos_perros_pandas\animals\panda\panda_00650.jpg,animals\panda\panda_00650.jpg,panda,2,train
D:\GitHub\Universidad\Inteligencia_Artificial\gatos_perros_pandas\animals\cats\cats_00947.jpg,animals\cats\cats_00947.jpg,cats,0,val
D:\GitHub\Universidad\Inteligencia_Artificial\gatos_perros_pandas\animals\cats\cats_00200.jpg,animals\cats\cats_00200.jpg,cats,0,train
D:\GitHub\Universidad\Inteligencia_Artificial\gatos_perros_pandas\animals\cats\cats_00735.jpg,animals\cats\cats_00735.jpg,cats,0,val
D:\GitHub\Universidad\Inteligencia_Artificial\gatos_perros_pandas\animals\dogs\dogs_00726.jpg,animals\dogs\dogs_00726.jpg,dogs,1,train
D:\GitHub\Universidad\Inteligencia_Artificial\gatos_perros_pandas\animals\dogs\dogs_00802.jpg,animals\dogs\dogs_00802.jpg,dogs,1,train
D:\GitHub\Universidad\Inteligencia_Artificial\gatos_perros_pandas\animals\panda\panda_00072.jpg,animals\panda\panda_00072.jpg,panda,2,train
D:\GitHub\Universidad\Inteligencia_Artificial\gatos_perros_pandas\animals\cats\cats_00145.jpg,animals\cats\cats_00145.jpg,cats,0,train
D:\GitHub\Universidad\Inteligencia_Artificial\gatos_perros_pandas\animals\dogs\dogs_00098.jpg,animals\dogs\dogs_00098.jpg,dogs,1,train
D:\GitHub\Universidad\Inteligencia_Artificial\gatos_perros_pandas\animals\dogs\dogs_00709.jpg,animals\dogs\dogs_00709.jpg,dogs,1,train
D:\GitHub\Universidad\Inteligencia_Artificial\gatos_perros_pandas\animals\cats\cats_00715.jpg,animals\cats\cats_00715.jpg,cats,0,test
D:\GitHub\Universidad\Inteligencia_Artificial\gatos_perros_pandas\animals\panda\panda_00561.jpg,animals\panda\panda_00561.jpg,panda,2,train
D:\GitHub\Universidad\Inteligencia_Artificial\gatos_perros_pandas\animals\cats\cats_00073.jpg,animals\cats\cats_00073.jpg,cats,0,val
D:\GitHub\Universidad\Inteligencia_Artificial\gatos_perros_pandas\animals\dogs\dogs_00829.jpg,animals\dogs\dogs_00829.jpg,dogs,1,train
D:\GitHub\Universidad\Inteligencia_Artificial\gatos_perros_pandas\animals\cats\cats_00225.jpg,animals\cats\cats_00225.jpg,cats,0,test
D:\GitHub\Universidad\Inteligencia_Artificial\gatos_perros_pandas\animals\panda\panda_00080.jpg,animals\panda\panda_00080.jpg,panda,2,train
D:\GitHub\Universidad\Inteligencia_Artificial\gatos_perros_pandas\animals\cats\cats_00244.jpg,animals\cats\cats_00244.jpg,cats,0,val
D:\GitHub\Universidad\Inteligencia_Artificial\gatos_perros_pandas\animals\panda\panda_00405.jpg,animals\panda\panda_00405.jpg,panda,2,train
D:\GitHub\Universidad\Inteligencia_Artificial\gatos_perros_pandas\animals\dogs\dogs_00476.jpg,animals\dogs\dogs_00476.jpg,dogs,1,train
D:\GitHub\Universidad\Inteligencia_Artificial\gatos_perros_pandas\animals\dogs\dogs_00793.jpg,animals\dogs\dogs_00793.jpg,dogs,1,train
D:\GitHub\Universidad\Inteligencia_Artificial\gatos_perros_pandas\animals\dogs\dogs_00693.jpg,animals\dogs\dogs_00693.jpg,dogs,1,train
D:\GitHub\Universidad\Inteligencia_Artificial\gatos_perros_pandas\animals\panda\panda_00297.jpg,animals\panda\panda_00297.jpg,panda,2,train
D:\GitHub\Universidad\Inteligencia_Artificial\gatos_perros_pandas\animals\dogs\dogs_00916.jpg,animals\dogs\dogs_00916.jpg,dogs,1,val
D:\GitHub\Universidad\Inteligencia_Artificial\gatos_perros_pandas\animals\dogs\dogs_00436.jpg,animals\dogs\dogs_00436.jpg,dogs,1,test
D:\GitHub\Universidad\Inteligencia_Artificial\gatos_perros_pandas\animals\panda\panda_00995.jpg,animals\panda\panda_00995.jpg,panda,2,train
D:\GitHub\Universidad\Inteligencia_Artificial\gatos_perros_pandas\animals\cats\cats_00921.jpg,animals\cats\cats_00921.jpg,cats,0,train
D:\GitHub\Universidad\Inteligencia_Artificial\gatos_perros_pandas\animals\cats\cats_00189.jpg,animals\cats\cats_00189.jpg,cats,0,train
D:\GitHub\Universidad\Inteligencia_Artificial\gatos_perros_pandas\animals\cats\cats_00964.jpg,animals\cats\cats_00964.jpg,cats,0,val
D:\GitHub\Universidad\Inteligencia_Artificial\gatos_perros_pandas\animals\dogs\dogs_00224.jpg,animals\dogs\dogs_00224.jpg,dogs,1,train
D:\GitHub\Universidad\Inteligencia_Artificial\gatos_perros_pandas\animals\panda\panda_00560.jpg,animals\panda\panda_00560.jpg,panda,2,test
D:\GitHub\Universidad\Inteligencia_Artificial\gatos_perros_pandas\animals\panda\panda_00974.jpg,animals\panda\panda_00974.jpg,panda,2,train
D:\GitHub\Universidad\Inteligencia_Artificial\gatos_perros_pandas\animals\panda\panda_00496.jpg,animals\panda\panda_00496.jpg,panda,2,train
D:\GitHub\Universidad\Inteligencia_Artificial\gatos_perros_pandas\animals\panda\panda_00564.jpg,animals\panda\panda_00564.jpg,panda,2,val
D:\GitHub\Universidad\Inteligencia_Artificial\gatos_perros_pandas\animals\dogs\dogs_00093.jpg,animals\dogs\dogs_00093.jpg,dogs,1,val
D:\GitHub\Universidad\Inteligencia_Artificial\gatos_perros_pandas\animals\dogs\dogs_00611.jpg,animals\dogs\dogs_00611.jpg,dogs,1,train
D:\GitHub\Universidad\Inteligencia_Artificial\gatos_perros_pandas\animals\cats\cats_00193.jpg,animals\cats\cats_00193.jpg,cats,0,train
D:\GitHub\Universidad\Inteligencia_Artificial\gatos_perros_pandas\animals\cats\cats_00332.jpg,animals\cats\cats_00332.jpg,cats,0,val
D:\GitHub\Universidad\Inteligencia_Artificial\gatos_perros_pandas\animals\panda\panda_00582.jpg,animals\panda\panda_00582.jpg,panda,2,train
D:\GitHub\Universidad\Inteligencia_Artificial\gatos_perros_pandas\animals\dogs\dogs_00311.jpg,animals\dogs\dogs_00311.jpg,dogs,1,train
D:\GitHub\Universidad\Inteligencia_Artificial\gatos_perros_pandas\animals\dogs\dogs_00686.jpg,animals\dogs\dogs_00686.jpg,dogs,1,train
D:\GitHub\Universidad\Inteligencia_Artificial\gatos_perros_pandas\animals\panda\panda_00836.jpg,animals\panda\panda_00836.jpg,panda,2,train
D:\GitHub\Universidad\Inteligencia_Artificial\gatos_perros_pandas\animals\dogs\dogs_00990.jpg,animals\dogs\dogs_00990.jpg,dogs,1,val
D:\GitHub\Universidad\Inteligencia_Artificial\gatos_perros_pandas\animals\cats\cats_00146.jpg,animals\cats\cats_00146.jpg,cats,0,train
D:\GitHub\Universidad\Inteligencia_Artificial\gatos_perros_pandas\animals\panda\panda_00458.jpg,animals\panda\panda_00458.jpg,panda,2,val
D:\GitHub\Universidad\Inteligencia_Artificial\gatos_perros_pandas\animals\panda\panda_00821.jpg,animals\panda\panda_00821.jpg,panda,2,val
D:\GitHub\Universidad\Inteligencia_Artificial\gatos_perros_pandas\animals\dogs\dogs_00159.jpg,animals\dogs\dogs_00159.jpg,dogs,1,val
D:\GitHub\Universidad\Inteligencia_Artificial\gatos_perros_pandas\animals\panda\panda_00636.jpg,animals\panda\panda_00636.jpg,panda,2,train
D:\GitHub\Universidad\Inteligencia_Artificial\gatos_perros_pandas\animals\dogs\dogs_00923.jpg,animals\dogs\dogs_00923.jpg,dogs,1,train
D:\GitHub\Universidad\Inteligencia_Artificial\gatos_perros_pandas\animals\dogs\dogs_00003.jpg,animals\dogs\dogs_00003.jpg,dogs,1,val
D:\GitHub\Universidad\Inteligencia_Artificial\gatos_perros_pandas\animals\panda\panda_00149.jpg,animals\panda\panda_00149.jpg,panda,2,train
D:\GitHub\Universidad\Inteligencia_Artificial\gatos_perros_pandas\animals\cats\cats_00087.jpg,animals\cats\cats_00087.jpg,cats,0,train
D:\GitHub\Universidad\Inteligencia_Artificial\gatos_perros_pandas\animals\cats\cats_00935.jpg,animals\cats\cats_00935.jpg,cats,0,train
D:\GitHub\Universidad\Inteligencia_Artificial\gatos_perros_pandas\animals\cats\cats_00837.jpg,animals\cats\cats_00837.jpg,cats,0,train
D:\GitHub\Universidad\Inteligencia_Artificial\gatos_perros_pandas\animals\cats\cats_00157.jpg,animals\cats\cats_00157.jpg,cats,0,val
D:\GitHub\Universidad\Inteligencia_Artificial\gatos_perros_pandas\animals\cats\cats_00320.jpg,animals\cats\cats_00320.jpg,cats,0,val
D:\GitHub\Universidad\Inteligencia_Artificial\gatos_perros_pandas\animals\dogs\dogs_00866.jpg,animals\dogs\dogs_00866.jpg,dogs,1,train
D:\GitHub\Universidad\Inteligencia_Artificial\gatos_perros_pandas\animals\dogs\dogs_00949.jpg,animals\dogs\dogs_00949.jpg,dogs,1,train
D:\GitHub\Universidad\Inteligencia_Artificial\gatos_perros_pandas\animals\dogs\dogs_00989.jpg,animals\dogs\dogs_00989.jpg,dogs,1,train
D:\GitHub\Universidad\Inteligencia_Artificial\gatos_perros_pandas\animals\dogs\dogs_00073.jpg,animals\dogs\dogs_00073.jpg,dogs,1,test
D:\GitHub\Universidad\Inteligencia_Artificial\gatos_perros_pandas\animals\dogs\dogs_00210.jpg,animals\dogs\dogs_00210.jpg,dogs,1,train
D:\GitHub\Universidad\Inteligencia_Artificial\gatos_perros_pandas\animals\panda\panda_00744.jpg,animals\panda\panda_00744.jpg,panda,2,train
D:\GitHub\Universidad\Inteligencia_Artificial\gatos_perros_pandas\animals\panda\panda_00991.jpg,animals\panda\panda_00991.jpg,panda,2,train
D:\GitHub\Universidad\Inteligencia_Artificial\gatos_perros_pandas\animals\dogs\dogs_00222.jpg,animals\dogs\dogs_00222.jpg,dogs,1,train
D:\GitHub\Universidad\Inteligencia_Artificial\gatos_perros_pandas\animals\dogs\dogs_00292.jpg,animals\dogs\dogs_00292.jpg,dogs,1,train
D:\GitHub\Universidad\Inteligencia_Artificial\gatos_perros_pandas\animals\cats\cats_00722.jpg,animals\cats\cats_00722.jpg,cats,0,test
D:\GitHub\Universidad\Inteligencia_Artificial\gatos_perros_pandas\animals\dogs\dogs_00940.jpg,animals\dogs\dogs_00940.jpg,dogs,1,val
D:\GitHub\Universidad\Inteligencia_Artificial\gatos_perros_pandas\animals\cats\cats_00929.jpg,animals\cats\cats_00929.jpg,cats,0,train
D:\GitHub\Universidad\Inteligencia_Artificial\gatos_perros_pandas\animals\dogs\dogs_00065.jpg,animals\dogs\dogs_00065.jpg,dogs,1,train
D:\GitHub\Universidad\Inteligencia_Artificial\gatos_perros_pandas\animals\cats\cats_00120.jpg,animals\cats\cats_00120.jpg,cats,0,train
D:\GitHub\Universidad\Inteligencia_Artificial\gatos_perros_pandas\animals\panda\panda_00455.jpg,animals\panda\panda_00455.jpg,panda,2,val
D:\GitHub\Universidad\Inteligencia_Artificial\gatos_perros_pandas\animals\dogs\dogs_00403.jpg,animals\dogs\dogs_00403.jpg,dogs,1,train
D:\GitHub\Universidad\Inteligencia_Artificial\gatos_perros_pandas\animals\cats\cats_00550.jpg,animals\cats\cats_00550.jpg,cats,0,test
D:\GitHub\Universidad\Inteligencia_Artificial\gatos_perros_pandas\animals\cats\cats_00340.jpg,animals\cats\cats_00340.jpg,cats,0,train
D:\GitHub\Universidad\Inteligencia_Artificial\gatos_perros_pandas\animals\dogs\dogs_00846.jpg,animals\dogs\dogs_00846.jpg,dogs,1,val
D:\GitHub\Universidad\Inteligencia_Artificial\gatos_perros_pandas\animals\panda\panda_00160.jpg,animals\panda\panda_00160.jpg,panda,2,train
D:\GitHub\Universidad\Inteligencia_Artificial\gatos_perros_pandas\animals\panda\panda_00808.jpg,animals\panda\panda_00808.jpg,panda,2,test
D:\GitHub\Universidad\Inteligencia_Artificial\gatos_perros_pandas\animals\cats\cats_00346.jpg,animals\cats\cats_00346.jpg,cats,0,train
D:\GitHub\Universidad\Inteligencia_Artificial\gatos_perros_pandas\animals\cats\cats_00833.jpg,animals\cats\cats_00833.jpg,cats,0,train
D:\GitHub\Universidad\Inteligencia_Artificial\gatos_perros_pandas\animals\panda\panda_00457.jpg,animals\panda\panda_00457.jpg,panda,2,val
D:\GitHub\Universidad\Inteligencia_Artificial\gatos_perros_pandas\animals\panda\panda_00181.jpg,animals\panda\panda_00181.jpg,panda,2,train
D:\GitHub\Universidad\Inteligencia_Artificial\gatos_perros_pandas\animals\cats\cats_00456.jpg,animals\cats\cats_00456.jpg,cats,0,train
D:\GitHub\Universidad\Inteligencia_Artificial\gatos_perros_pandas\animals\dogs\dogs_00532.jpg,animals\dogs\dogs_00532.jpg,dogs,1,test
D:\GitHub\Universidad\Inteligencia_Artificial\gatos_perros_pandas\animals\panda\panda_00768.jpg,animals\panda\panda_00768.jpg,panda,2,val
D:\GitHub\Universidad\Inteligencia_Artificial\gatos_perros_pandas\animals\dogs\dogs_00804.jpg,animals\dogs\dogs_00804.jpg,dogs,1,train
D:\GitHub\Universidad\Inteligencia_Artificial\gatos_perros_pandas\animals\panda\panda_00886.jpg,animals\panda\panda_00886.jpg,panda,2,train
D:\GitHub\Universidad\Inteligencia_Artificial\gatos_perros_pandas\animals\dogs\dogs_00244.jpg,animals\dogs\dogs_00244.jpg,dogs,1,train
D:\GitHub\Universidad\Inteligencia_Artificial\gatos_perros_pandas\animals\dogs\dogs_00510.jpg,animals\dogs\dogs_00510.jpg,dogs,1,train
D:\GitHub\Universidad\Inteligencia_Artificial\gatos_perros_pandas\animals\dogs\dogs_00663.jpg,animals\dogs\dogs_00663.jpg,dogs,1,train
D:\GitHub\Universidad\Inteligencia_Artificial\gatos_perros_pandas\animals\cats\cats_00756.jpg,animals\cats\cats_00756.jpg,cats,0,train
D:\GitHub\Universidad\Inteligencia_Artificial\gatos_perros_pandas\animals\panda\panda_00059.jpg,animals\panda\panda_00059.jpg,panda,2,val
D:\GitHub\Universidad\Inteligencia_Artificial\gatos_perros_pandas\animals\cats\cats_00569.jpg,animals\cats\cats_00569.jpg,cats,0,train
D:\GitHub\Universidad\Inteligencia_Artificial\gatos_perros_pandas\animals\dogs\dogs_00303.jpg,animals\dogs\dogs_00303.jpg,dogs,1,train
D:\GitHub\Universidad\Inteligencia_Artificial\gatos_perros_pandas\animals\dogs\dogs_00042.jpg,animals\dogs\dogs_00042.jpg,dogs,1,test
D:\GitHub\Universidad\Inteligencia_Artificial\gatos_perros_pandas\animals\panda\panda_00335.jpg,animals\panda\panda_00335.jpg,panda,2,train
D:\GitHub\Universidad\Inteligencia_Artificial\gatos_perros_pandas\animals\panda\panda_00006.jpg,animals\panda\panda_00006.jpg,panda,2,test
D:\GitHub\Universidad\Inteligencia_Artificial\gatos_perros_pandas\animals\dogs\dogs_00805.jpg,animals\dogs\dogs_00805.jpg,dogs,1,train
D:\GitHub\Universidad\Inteligencia_Artificial\gatos_perros_pandas\animals\panda\panda_00495.jpg,animals\panda\panda_00495.jpg,panda,2,train
D:\GitHub\Universidad\Inteligencia_Artificial\gatos_perros_pandas\animals\cats\cats_00850.jpg,animals\cats\cats_00850.jpg,cats,0,test
D:\GitHub\Universidad\Inteligencia_Artificial\gatos_perros_pandas\animals\dogs\dogs_00116.jpg,animals\dogs\dogs_00116.jpg,dogs,1,train
D:\GitHub\Universidad\Inteligencia_Artificial\gatos_perros_pandas\animals\dogs\dogs_00348.jpg,animals\dogs\dogs_00348.jpg,dogs,1,train
D:\GitHub\Universidad\Inteligencia_Artificial\gatos_perros_pandas\animals\cats\cats_00832.jpg,animals\cats\cats_00832.jpg,cats,0,val
D:\GitHub\Universidad\Inteligencia_Artificial\gatos_perros_pandas\animals\cats\cats_00421.jpg,animals\cats\cats_00421.jpg,cats,0,train
D:\GitHub\Universidad\Inteligencia_Artificial\gatos_perros_pandas\animals\dogs\dogs_00941.jpg,animals\dogs\dogs_00941.jpg,dogs,1,val
D:\GitHub\Universidad\Inteligencia_Artificial\gatos_perros_pandas\animals\dogs\dogs_00151.jpg,animals\dogs\dogs_00151.jpg,dogs,1,train
D:\GitHub\Universidad\Inteligencia_Artificial\gatos_perros_pandas\animals\dogs\dogs_00183.jpg,animals\dogs\dogs_00183.jpg,dogs,1,train
D:\GitHub\Universidad\Inteligencia_Artificial\gatos_perros_pandas\animals\cats\cats_00584.jpg,animals\cats\cats_00584.jpg,cats,0,train
D:\GitHub\Universidad\Inteligencia_Artificial\gatos_perros_pandas\animals\panda\panda_00118.jpg,animals\panda\panda_00118.jpg,panda,2,train
D:\GitHub\Universidad\Inteligencia_Artificial\gatos_perros_pandas\animals\cats\cats_00777.jpg,animals\cats\cats_00777.jpg,cats,0,train
D:\GitHub\Universidad\Inteligencia_Artificial\gatos_perros_pandas\animals\cats\cats_00248.jpg,animals\cats\cats_00248.jpg,cats,0,train
D:\GitHub\Universidad\Inteligencia_Artificial\gatos_perros_pandas\animals\cats\cats_00409.jpg,animals\cats\cats_00409.jpg,cats,0,val
D:\GitHub\Universidad\Inteligencia_Artificial\gatos_perros_pandas\animals\dogs\dogs_00816.jpg,animals\dogs\dogs_00816.jpg,dogs,1,train
D:\GitHub\Universidad\Inteligencia_Artificial\gatos_perros_pandas\animals\dogs\dogs_00691.jpg,animals\dogs\dogs_00691.jpg,dogs,1,test
D:\GitHub\Universidad\Inteligencia_Artificial\gatos_perros_pandas\animals\dogs\dogs_00145.jpg,animals\dogs\dogs_00145.jpg,dogs,1,train
D:\GitHub\Universidad\Inteligencia_Artificial\gatos_perros_pandas\animals\dogs\dogs_00109.jpg,animals\dogs\dogs_00109.jpg,dogs,1,train
D:\GitHub\Universidad\Inteligencia_Artificial\gatos_perros_pandas\animals\panda\panda_00266.jpg,animals\panda\panda_00266.jpg,panda,2,train
D:\GitHub\Universidad\Inteligencia_Artificial\gatos_perros_pandas\animals\dogs\dogs_00486.jpg,animals\dogs\dogs_00486.jpg,dogs,1,train
D:\GitHub\Universidad\Inteligencia_Artificial\gatos_perros_pandas\animals\cats\cats_00082.jpg,animals\cats\cats_00082.jpg,cats,0,test
D:\GitHub\Universidad\Inteligencia_Artificial\gatos_perros_pandas\animals\dogs\dogs_00457.jpg,animals\dogs\dogs_00457.jpg,dogs,1,train
D:\GitHub\Universidad\Inteligencia_Artificial\gatos_perros_pandas\animals\dogs\dogs_00105.jpg,animals\dogs\dogs_00105.jpg,dogs,1,train
D:\GitHub\Universidad\Inteligencia_Artificial\gatos_perros_pandas\animals\cats\cats_00792.jpg,animals\cats\cats_00792.jpg,cats,0,test
D:\GitHub\Universidad\Inteligencia_Artificial\gatos_perros_pandas\animals\dogs\dogs_00752.jpg,animals\dogs\dogs_00752.jpg,dogs,1,train
D:\GitHub\Universidad\Inteligencia_Artificial\gatos_perros_pandas\animals\dogs\dogs_00806.jpg,animals\dogs\dogs_00806.jpg,dogs,1,train
D:\GitHub\Universidad\Inteligencia_Artificial\gatos_perros_pandas\animals\dogs\dogs_00452.jpg,animals\dogs\dogs_00452.jpg,dogs,1,train
D:\GitHub\Universidad\Inteligencia_Artificial\gatos_perros_pandas\animals\cats\cats_00092.jpg,animals\cats\cats_00092.jpg,cats,0,train
D:\GitHub\Universidad\Inteligencia_Artificial\gatos_perros_pandas\animals\dogs\dogs_00287.jpg,animals\dogs\dogs_00287.jpg,dogs,1,train
D:\GitHub\Universidad\Inteligencia_Artificial\gatos_perros_pandas\animals\dogs\dogs_00984.jpg,animals\dogs\dogs_00984.jpg,dogs,1,val
D:\GitHub\Universidad\Inteligencia_Artificial\gatos_perros_pandas\animals\cats\cats_00691.jpg,animals\cats\cats_00691.jpg,cats,0,train
D:\GitHub\Universidad\Inteligencia_Artificial\gatos_perros_pandas\animals\dogs\dogs_00732.jpg,animals\dogs\dogs_00732.jpg,dogs,1,train
D:\GitHub\Universidad\Inteligencia_Artificial\gatos_perros_pandas\animals\dogs\dogs_00373.jpg,animals\dogs\dogs_00373.jpg,dogs,1,train
D:\GitHub\Universidad\Inteligencia_Artificial\gatos_perros_pandas\animals\cats\cats_00216.jpg,animals\cats\cats_00216.jpg,cats,0,train
D:\GitHub\Universidad\Inteligencia_Artificial\gatos_perros_pandas\animals\panda\panda_00309.jpg,animals\panda\panda_00309.jpg,panda,2,test
D:\GitHub\Universidad\Inteligencia_Artificial\gatos_perros_pandas\animals\panda\panda_00802.jpg,animals\panda\panda_00802.jpg,panda,2,train
D:\GitHub\Universidad\Inteligencia_Artificial\gatos_perros_pandas\animals\cats\cats_00400.jpg,animals\cats\cats_00400.jpg,cats,0,train
D:\GitHub\Universidad\Inteligencia_Artificial\gatos_perros_pandas\animals\dogs\dogs_00180.jpg,animals\dogs\dogs_00180.jpg,dogs,1,test
D:\GitHub\Universidad\Inteligencia_Artificial\gatos_perros_pandas\animals\dogs\dogs_00396.jpg,animals\dogs\dogs_00396.jpg,dogs,1,val
D:\GitHub\Universidad\Inteligencia_Artificial\gatos_perros_pandas\animals\panda\panda_00401.jpg,animals\panda\panda_00401.jpg,panda,2,train
D:\GitHub\Universidad\Inteligencia_Artificial\gatos_perros_pandas\animals\dogs\dogs_00084.jpg,animals\dogs\dogs_00084.jpg,dogs,1,train
D:\GitHub\Universidad\Inteligencia_Artificial\gatos_perros_pandas\animals\cats\cats_00007.jpg,animals\cats\cats_00007.jpg,cats,0,test
D:\GitHub\Universidad\Inteligencia_Artificial\gatos_perros_pandas\animals\dogs\dogs_00178.jpg,animals\dogs\dogs_00178.jpg,dogs,1,train
D:\GitHub\Universidad\Inteligencia_Artificial\gatos_perros_pandas\animals\dogs\dogs_00443.jpg,animals\dogs\dogs_00443.jpg,dogs,1,test
D:\GitHub\Universidad\Inteligencia_Artificial\gatos_perros_pandas\animals\panda\panda_00656.jpg,animals\panda\panda_00656.jpg,panda,2,train
D:\GitHub\Universidad\Inteligencia_Artificial\gatos_perros_pandas\animals\dogs\dogs_00368.jpg,animals\dogs\dogs_00368.jpg,dogs,1,val
D:\GitHub\Universidad\Inteligencia_Artificial\gatos_perros_pandas\animals\panda\panda_00333.jpg,animals\panda\panda_00333.jpg,panda,2,train
D:\GitHub\Universidad\Inteligencia_Artificial\gatos_perros_pandas\animals\cats\cats_00835.jpg,animals\cats\cats_00835.jpg,cats,0,val
D:\GitHub\Universidad\Inteligencia_Artificial\gatos_perros_pandas\animals\cats\cats_00249.jpg,animals\cats\cats_00249.jpg,cats,0,val
D:\GitHub\Universidad\Inteligencia_Artificial\gatos_perros_pandas\animals\panda\panda_00465.jpg,animals\panda\panda_00465.jpg,panda,2,train
D:\GitHub\Universidad\Inteligencia_Artificial\gatos_perros_pandas\animals\panda\panda_00652.jpg,animals\panda\panda_00652.jpg,panda,2,train
D:\GitHub\Universidad\Inteligencia_Artificial\gatos_perros_pandas\animals\cats\cats_00389.jpg,animals\cats\cats_00389.jpg,cats,0,test
D:\GitHub\Universidad\Inteligencia_Artificial\gatos_perros_pandas\animals\cats\cats_00618.jpg,animals\cats\cats_00618.jpg,cats,0,train
D:\GitHub\Universidad\Inteligencia_Artificial\gatos_perros_pandas\animals\dogs\dogs_00214.jpg,animals\dogs\dogs_00214.jpg,dogs,1,train
D:\GitHub\Universidad\Inteligencia_Artificial\gatos_perros_pandas\animals\dogs\dogs_00576.jpg,animals\dogs\dogs_00576.jpg,dogs,1,train
D:\GitHub\Universidad\Inteligencia_Artificial\gatos_perros_pandas\animals\dogs\dogs_00860.jpg,animals\dogs\dogs_00860.jpg,dogs,1,val
D:\GitHub\Universidad\Inteligencia_Artificial\gatos_perros_pandas\animals\dogs\dogs_00370.jpg,animals\dogs\dogs_00370.jpg,dogs,1,train
D:\GitHub\Universidad\Inteligencia_Artificial\gatos_perros_pandas\animals\panda\panda_00413.jpg,animals\panda\panda_00413.jpg,panda,2,train
D:\GitHub\Universidad\Inteligencia_Artificial\gatos_perros_pandas\animals\dogs\dogs_00153.jpg,animals\dogs\dogs_00153.jpg,dogs,1,test
D:\GitHub\Universidad\Inteligencia_Artificial\gatos_perros_pandas\animals\cats\cats_00556.jpg,animals\cats\cats_00556.jpg,cats,0,train
D:\GitHub\Universidad\Inteligencia_Artificial\gatos_perros_pandas\animals\panda\panda_00159.jpg,animals\panda\panda_00159.jpg,panda,2,train
D:\GitHub\Universidad\Inteligencia_Artificial\gatos_perros_pandas\animals\panda\panda_00139.jpg,animals\panda\panda_00139.jpg,panda,2,test
D:\GitHub\Universidad\Inteligencia_Artificial\gatos_perros_pandas\animals\cats\cats_00035.jpg,animals\cats\cats_00035.jpg,cats,0,train
D:\GitHub\Universidad\Inteligencia_Artificial\gatos_perros_pandas\animals\cats\cats_00364.jpg,animals\cats\cats_00364.jpg,cats,0,test
D:\GitHub\Universidad\Inteligencia_Artificial\gatos_perros_pandas\animals\panda\panda_00601.jpg,animals\panda\panda_00601.jpg,panda,2,train
D:\GitHub\Universidad\Inteligencia_Artificial\gatos_perros_pandas\animals\dogs\dogs_00809.jpg,animals\dogs\dogs_00809.jpg,dogs,1,train
D:\GitHub\Universidad\Inteligencia_Artificial\gatos_perros_pandas\animals\panda\panda_00827.jpg,animals\panda\panda_00827.jpg,panda,2,train
D:\GitHub\Universidad\Inteligencia_Artificial\gatos_perros_pandas\animals\cats\cats_00693.jpg,animals\cats\cats_00693.jpg,cats,0,test
D:\GitHub\Universidad\Inteligencia_Artificial\gatos_perros_pandas\animals\dogs\dogs_00338.jpg,animals\dogs\dogs_00338.jpg,dogs,1,test
D:\GitHub\Universidad\Inteligencia_Artificial\gatos_perros_pandas\animals\panda\panda_00214.jpg,animals\panda\panda_00214.jpg,panda,2,train
D:\GitHub\Universidad\Inteligencia_Artificial\gatos_perros_pandas\animals\dogs\dogs_00839.jpg,animals\dogs\dogs_00839.jpg,dogs,1,train
D:\GitHub\Universidad\Inteligencia_Artificial\gatos_perros_pandas\animals\cats\cats_00809.jpg,animals\cats\cats_00809.jpg,cats,0,val
D:\GitHub\Universidad\Inteligencia_Artificial\gatos_perros_pandas\animals\cats\cats_00879.jpg,animals\cats\cats_00879.jpg,cats,0,train
D:\GitHub\Universidad\Inteligencia_Artificial\gatos_perros_pandas\animals\panda\panda_00691.jpg,animals\panda\panda_00691.jpg,panda,2,train
D:\GitHub\Universidad\Inteligencia_Artificial\gatos_perros_pandas\animals\dogs\dogs_00666.jpg,animals\dogs\dogs_00666.jpg,dogs,1,val
D:\GitHub\Universidad\Inteligencia_Artificial\gatos_perros_pandas\animals\cats\cats_00763.jpg,animals\cats\cats_00763.jpg,cats,0,test
D:\GitHub\Universidad\Inteligencia_Artificial\gatos_perros_pandas\animals\panda\panda_00873.jpg,animals\panda\panda_00873.jpg,panda,2,train
D:\GitHub\Universidad\Inteligencia_Artificial\gatos_perros_pandas\animals\dogs\dogs_00610.jpg,animals\dogs\dogs_00610.jpg,dogs,1,test
D:\GitHub\Universidad\Inteligencia_Artificial\gatos_perros_pandas\animals\panda\panda_00584.jpg,animals\panda\panda_00584.jpg,panda,2,train
D:\GitHub\Universidad\Inteligencia_Artificial\gatos_perros_pandas\animals\cats\cats_00202.jpg,animals\cats\cats_00202.jpg,cats,0,train
D:\GitHub\Universidad\Inteligencia_Artificial\gatos_perros_pandas\animals\cats\cats_00927.jpg,animals\cats\cats_00927.jpg,cats,0,train
D:\GitHub\Universidad\Inteligencia_Artificial\gatos_perros_pandas\animals\cats\cats_00163.jpg,animals\cats\cats_00163.jpg,cats,0,train
D:\GitHub\Universidad\Inteligencia_Artificial\gatos_perros_pandas\animals\cats\cats_00323.jpg,animals\cats\cats_00323.jpg,cats,0,test
D:\GitHub\Universidad\Inteligencia_Artificial\gatos_perros_pandas\animals\cats\cats_00224.jpg,animals\cats\cats_00224.jpg,cats,0,test
D:\GitHub\Universidad\Inteligencia_Artificial\gatos_perros_pandas\animals\cats\cats_00974.jpg,animals\cats\cats_00974.jpg,cats,0,val
D:\GitHub\Universidad\Inteligencia_Artificial\gatos_perros_pandas\animals\cats\cats_00342.jpg,animals\cats\cats_00342.jpg,cats,0,train
D:\GitHub\Universidad\Inteligencia_Artificial\gatos_perros_pandas\animals\panda\panda_00111.jpg,animals\panda\panda_00111.jpg,panda,2,train
D:\GitHub\Universidad\Inteligencia_Artificial\gatos_perros_pandas\animals\cats\cats_00012.jpg,animals\cats\cats_00012.jpg,cats,0,val
D:\GitHub\Universidad\Inteligencia_Artificial\gatos_perros_pandas\animals\cats\cats_00567.jpg,animals\cats\cats_00567.jpg,cats,0,val
D:\GitHub\Universidad\Inteligencia_Artificial\gatos_perros_pandas\animals\dogs\dogs_00590.jpg,animals\dogs\dogs_00590.jpg,dogs,1,test
D:\GitHub\Universidad\Inteligencia_Artificial\gatos_perros_pandas\animals\dogs\dogs_00733.jpg,animals\dogs\dogs_00733.jpg,dogs,1,train
D:\GitHub\Universidad\Inteligencia_Artificial\gatos_perros_pandas\animals\dogs\dogs_00353.jpg,animals\dogs\dogs_00353.jpg,dogs,1,train
D:\GitHub\Universidad\Inteligencia_Artificial\gatos_perros_pandas\animals\panda\panda_00590.jpg,animals\panda\panda_00590.jpg,panda,2,train
D:\GitHub\Universidad\Inteligencia_Artificial\gatos_perros_pandas\animals\dogs\dogs_00347.jpg,animals\dogs\dogs_00347.jpg,dogs,1,val
D:\GitHub\Universidad\Inteligencia_Artificial\gatos_perros_pandas\animals\cats\cats_00961.jpg,animals\cats\cats_00961.jpg,cats,0,train
D:\GitHub\Universidad\Inteligencia_Artificial\gatos_perros_pandas\animals\cats\cats_00664.jpg,animals\cats\cats_00664.jpg,cats,0,test
D:\GitHub\Universidad\Inteligencia_Artificial\gatos_perros_pandas\animals\dogs\dogs_00062.jpg,animals\dogs\dogs_00062.jpg,dogs,1,test
D:\GitHub\Universidad\Inteligencia_Artificial\gatos_perros_pandas\animals\panda\panda_00481.jpg,animals\panda\panda_00481.jpg,panda,2,train
D:\GitHub\Universidad\Inteligencia_Artificial\gatos_perros_pandas\animals\dogs\dogs_00635.jpg,animals\dogs\dogs_00635.jpg,dogs,1,train
D:\GitHub\Universidad\Inteligencia_Artificial\gatos_perros_pandas\animals\panda\panda_00896.jpg,animals\panda\panda_00896.jpg,panda,2,train
D:\GitHub\Universidad\Inteligencia_Artificial\gatos_perros_pandas\animals\dogs\dogs_00266.jpg,animals\dogs\dogs_00266.jpg,dogs,1,train
D:\GitHub\Universidad\Inteligencia_Artificial\gatos_perros_pandas\animals\dogs\dogs_00697.jpg,animals\dogs\dogs_00697.jpg,dogs,1,train
D:\GitHub\Universidad\Inteligencia_Artificial\gatos_perros_pandas\animals\cats\cats_00475.jpg,animals\cats\cats_00475.jpg,cats,0,train
D:\GitHub\Universidad\Inteligencia_Artificial\gatos_perros_pandas\animals\panda\panda_00093.jpg,animals\panda\panda_00093.jpg,panda,2,train
D:\GitHub\Universidad\Inteligencia_Artificial\gatos_perros_pandas\animals\panda\panda_00172.jpg,animals\panda\panda_00172.jpg,panda,2,train
D:\GitHub\Universidad\Inteligencia_Artificial\gatos_perros_pandas\animals\cats\cats_00059.jpg,animals\cats\cats_00059.jpg,cats,0,train
D:\GitHub\Universidad\Inteligencia_Artificial\gatos_perros_pandas\animals\cats\cats_00828.jpg,animals\cats\cats_00828.jpg,cats,0,val
D:\GitHub\Universidad\Inteligencia_Artificial\gatos_perros_pandas\animals\panda\panda_00810.jpg,animals\panda\panda_00810.jpg,panda,2,train
D:\GitHub\Universidad\Inteligencia_Artificial\gatos_perros_pandas\animals\panda\panda_00521.jpg,animals\panda\panda_00521.jpg,panda,2,val
D:\GitHub\Universidad\Inteligencia_Artificial\gatos_perros_pandas\animals\panda\panda_00620.jpg,animals\panda\panda_00620.jpg,panda,2,val
D:\GitHub\Universidad\Inteligencia_Artificial\gatos_perros_pandas\animals\cats\cats_00962.jpg,animals\cats\cats_00962.jpg,cats,0,train
D:\GitHub\Universidad\Inteligencia_Artificial\gatos_perros_pandas\animals\cats\cats_00940.jpg,animals\cats\cats_00940.jpg,cats,0,train
D:\GitHub\Universidad\Inteligencia_Artificial\gatos_perros_pandas\animals\dogs\dogs_00155.jpg,animals\dogs\dogs_00155.jpg,dogs,1,train
D:\GitHub\Universidad\Inteligencia_Artificial\gatos_perros_pandas\animals\panda\panda_00851.jpg,animals\panda\panda_00851.jpg,panda,2,test
D:\GitHub\Universidad\Inteligencia_Artificial\gatos_perros_pandas\animals\cats\cats_00135.jpg,animals\cats\cats_00135.jpg,cats,0,train
D:\GitHub\Universidad\Inteligencia_Artificial\gatos_perros_pandas\animals\panda\panda_00550.jpg,animals\panda\panda_00550.jpg,panda,2,train
D:\GitHub\Universidad\Inteligencia_Artificial\gatos_perros_pandas\animals\cats\cats_00540.jpg,animals\cats\cats_00540.jpg,cats,0,train
D:\GitHub\Universidad\Inteligencia_Artificial\gatos_perros_pandas\animals\cats\cats_00341.jpg,animals\cats\cats_00341.jpg,cats,0,train
D:\GitHub\Universidad\Inteligencia_Artificial\gatos_perros_pandas\animals\dogs\dogs_00411.jpg,animals\dogs\dogs_00411.jpg,dogs,1,test
D:\GitHub\Universidad\Inteligencia_Artificial\gatos_perros_pandas\animals\dogs\dogs_00481.jpg,animals\dogs\dogs_00481.jpg,dogs,1,val
D:\GitHub\Universidad\Inteligencia_Artificial\gatos_perros_pandas\animals\dogs\dogs_00386.jpg,animals\dogs\dogs_00386.jpg,dogs,1,train
D:\GitHub\Universidad\Inteligencia_Artificial\gatos_perros_pandas\animals\panda\panda_00383.jpg,animals\panda\panda_00383.jpg,panda,2,test
D:\GitHub\Universidad\Inteligencia_Artificial\gatos_perros_pandas\animals\panda\panda_00210.jpg,animals\panda\panda_00210.jpg,panda,2,train
D:\GitHub\Universidad\Inteligencia_Artificial\gatos_perros_pandas\animals\dogs\dogs_00499.jpg,animals\dogs\dogs_00499.jpg,dogs,1,train
D:\GitHub\Universidad\Inteligencia_Artificial\gatos_perros_pandas\animals\panda\panda_00682.jpg,animals\panda\panda_00682.jpg,panda,2,train
D:\GitHub\Universidad\Inteligencia_Artificial\gatos_perros_pandas\animals\cats\cats_00606.jpg,animals\cats\cats_00606.jpg,cats,0,train
D:\GitHub\Universidad\Inteligencia_Artificial\gatos_perros_pandas\animals\panda\panda_00318.jpg,animals\panda\panda_00318.jpg,panda,2,test
D:\GitHub\Universidad\Inteligencia_Artificial\gatos_perros_pandas\animals\panda\panda_00064.jpg,animals\panda\panda_00064.jpg,panda,2,train
D:\GitHub\Universidad\Inteligencia_Artificial\gatos_perros_pandas\animals\panda\panda_00746.jpg,animals\panda\panda_00746.jpg,panda,2,train
D:\GitHub\Universidad\Inteligencia_Artificial\gatos_perros_pandas\animals\panda\panda_00484.jpg,animals\panda\panda_00484.jpg,panda,2,train
D:\GitHub\Universidad\Inteligencia_Artificial\gatos_perros_pandas\animals\panda\panda_00120.jpg,animals\panda\panda_00120.jpg,panda,2,train
D:\GitHub\Universidad\Inteligencia_Artificial\gatos_perros_pandas\animals\panda\panda_00532.jpg,animals\panda\panda_00532.jpg,panda,2,val
D:\GitHub\Universidad\Inteligencia_Artificial\gatos_perros_pandas\animals\panda\panda_00628.jpg,animals\panda\panda_00628.jpg,panda,2,train
D:\GitHub\Universidad\Inteligencia_Artificial\gatos_perros_pandas\animals\dogs\dogs_00393.jpg,animals\dogs\dogs_00393.jpg,dogs,1,val
D:\GitHub\Universidad\Inteligencia_Artificial\gatos_perros_pandas\animals\panda\panda_00020.jpg,animals\panda\panda_00020.jpg,panda,2,test
D:\GitHub\Universidad\Inteligencia_Artificial\gatos_perros_pandas\animals\cats\cats_00793.jpg,animals\cats\cats_00793.jpg,cats,0,train
D:\GitHub\Universidad\Inteligencia_Artificial\gatos_perros_pandas\animals\cats\cats_00874.jpg,animals\cats\cats_00874.jpg,cats,0,train
D:\GitHub\Universidad\Inteligencia_Artificial\gatos_perros_pandas\animals\panda\panda_00773.jpg,animals\panda\panda_00773.jpg,panda,2,train
D:\GitHub\Universidad\Inteligencia_Artificial\gatos_perros_pandas\animals\cats\cats_00506.jpg,animals\cats\cats_00506.jpg,cats,0,val
D:\GitHub\Universidad\Inteligencia_Artificial\gatos_perros_pandas\animals\panda\panda_00257.jpg,animals\panda\panda_00257.jpg,panda,2,train
D:\GitHub\Universidad\Inteligencia_Artificial\gatos_perros_pandas\animals\dogs\dogs_00341.jpg,animals\dogs\dogs_00341.jpg,dogs,1,val
D:\GitHub\Universidad\Inteligencia_Artificial\gatos_perros_pandas\animals\dogs\dogs_00742.jpg,animals\dogs\dogs_00742.jpg,dogs,1,train
D:\GitHub\Universidad\Inteligencia_Artificial\gatos_perros_pandas\animals\cats\cats_00620.jpg,animals\cats\cats_00620.jpg,cats,0,train
D:\GitHub\Universidad\Inteligencia_Artificial\gatos_perros_pandas\animals\cats\cats_00473.jpg,animals\cats\cats_00473.jpg,cats,0,train
D:\GitHub\Universidad\Inteligencia_Artificial\gatos_perros_pandas\animals\cats\cats_00336.jpg,animals\cats\cats_00336.jpg,cats,0,train
D:\GitHub\Universidad\Inteligencia_Artificial\gatos_perros_pandas\animals\dogs\dogs_00869.jpg,animals\dogs\dogs_00869.jpg,dogs,1,train
D:\GitHub\Universidad\Inteligencia_Artificial\gatos_perros_pandas\animals\cats\cats_00510.jpg,animals\cats\cats_00510.jpg,cats,0,train
D:\GitHub\Universidad\Inteligencia_Artificial\gatos_perros_pandas\animals\cats\cats_00440.jpg,animals\cats\cats_00440.jpg,cats,0,train
D:\GitHub\Universidad\Inteligencia_Artificial\gatos_perros_pandas\animals\panda\panda_00888.jpg,animals\panda\panda_00888.jpg,panda,2,val
D:\GitHub\Universidad\Inteligencia_Artificial\gatos_perros_pandas\animals\dogs\dogs_00286.jpg,animals\dogs\dogs_00286.jpg,dogs,1,train
D:\GitHub\Universidad\Inteligencia_Artificial\gatos_perros_pandas\animals\dogs\dogs_00593.jpg,animals\dogs\dogs_00593.jpg,dogs,1,train
D:\GitHub\Universidad\Inteligencia_Artificial\gatos_perros_pandas\animals\panda\panda_00633.jpg,animals\panda\panda_00633.jpg,panda,2,train
D:\GitHub\Universidad\Inteligencia_Artificial\gatos_perros_pandas\animals\dogs\dogs_00161.jpg,animals\dogs\dogs_00161.jpg,dogs,1,train
D:\GitHub\Universidad\Inteligencia_Artificial\gatos_perros_pandas\animals\panda\panda_00497.jpg,animals\panda\panda_00497.jpg,panda,2,train
D:\GitHub\Universidad\Inteligencia_Artificial\gatos_perros_pandas\animals\cats\cats_00453.jpg,animals\cats\cats_00453.jpg,cats,0,train
D:\GitHub\Universidad\Inteligencia_Artificial\gatos_perros_pandas\animals\dogs\dogs_00608.jpg,animals\dogs\dogs_00608.jpg,dogs,1,train
D:\GitHub\Universidad\Inteligencia_Artificial\gatos_perros_pandas\animals\panda\panda_00117.jpg,animals\panda\panda_00117.jpg,panda,2,val
D:\GitHub\Universidad\Inteligencia_Artificial\gatos_perros_pandas\animals\dogs\dogs_00010.jpg,animals\dogs\dogs_00010.jpg,dogs,1,train
D:\GitHub\Universidad\Inteligencia_Artificial\gatos_perros_pandas\animals\panda\panda_00812.jpg,animals\panda\panda_00812.jpg,panda,2,train
D:\GitHub\Universidad\Inteligencia_Artificial\gatos_perros_pandas\animals\cats\cats_00337.jpg,animals\cats\cats_00337.jpg,cats,0,train
D:\GitHub\Universidad\Inteligencia_Artificial\gatos_perros_pandas\animals\dogs\dogs_00071.jpg,animals\dogs\dogs_00071.jpg,dogs,1,val
D:\GitHub\Universidad\Inteligencia_Artificial\gatos_perros_pandas\animals\cats\cats_00711.jpg,animals\cats\cats_00711.jpg,cats,0,train
D:\GitHub\Universidad\Inteligencia_Artificial\gatos_perros_pandas\animals\dogs\dogs_00233.jpg,animals\dogs\dogs_00233.jpg,dogs,1,val
D:\GitHub\Universidad\Inteligencia_Artificial\gatos_perros_pandas\animals\cats\cats_00040.jpg,animals\cats\cats_00040.jpg,cats,0,train
D:\GitHub\Universidad\Inteligencia_Artificial\gatos_perros_pandas\animals\dogs\dogs_00272.jpg,animals\dogs\dogs_00272.jpg,dogs,1,val
D:\GitHub\Universidad\Inteligencia_Artificial\gatos_perros_pandas\animals\dogs\dogs_00032.jpg,animals\dogs\dogs_00032.jpg,dogs,1,train
D:\GitHub\Universidad\Inteligencia_Artificial\gatos_perros_pandas\animals\cats\cats_00020.jpg,animals\cats\cats_00020.jpg,cats,0,val
D:\GitHub\Universidad\Inteligencia_Artificial\gatos_perros_pandas\animals\panda\panda_00272.jpg,animals\panda\panda_00272.jpg,panda,2,train
D:\GitHub\Universidad\Inteligencia_Artificial\gatos_perros_pandas\animals\panda\panda_00834.jpg,animals\panda\panda_00834.jpg,panda,2,test
D:\GitHub\Universidad\Inteligencia_Artificial\gatos_perros_pandas\animals\panda\panda_00433.jpg,animals\panda\panda_00433.jpg,panda,2,train
D:\GitHub\Universidad\Inteligencia_Artificial\gatos_perros_pandas\animals\dogs\dogs_00855.jpg,animals\dogs\dogs_00855.jpg,dogs,1,train
D:\GitHub\Universidad\Inteligencia_Artificial\gatos_perros_pandas\animals\panda\panda_00341.jpg,animals\panda\panda_00341.jpg,panda,2,test
D:\GitHub\Universidad\Inteligencia_Artificial\gatos_perros_pandas\animals\dogs\dogs_00191.jpg,animals\dogs\dogs_00191.jpg,dogs,1,train
D:\GitHub\Universidad\Inteligencia_Artificial\gatos_perros_pandas\animals\dogs\dogs_00387.jpg,animals\dogs\dogs_00387.jpg,dogs,1,val
D:\GitHub\Universidad\Inteligencia_Artificial\gatos_perros_pandas\animals\panda\panda_00528.jpg,animals\panda\panda_00528.jpg,panda,2,test
D:\GitHub\Universidad\Inteligencia_Artificial\gatos_perros_pandas\animals\cats\cats_00849.jpg,animals\cats\cats_00849.jpg,cats,0,train
D:\GitHub\Universidad\Inteligencia_Artificial\gatos_perros_pandas\animals\panda\panda_00618.jpg,animals\panda\panda_00618.jpg,panda,2,val
D:\GitHub\Universidad\Inteligencia_Artificial\gatos_perros_pandas\animals\cats\cats_00422.jpg,animals\cats\cats_00422.jpg,cats,0,train
D:\GitHub\Universidad\Inteligencia_Artificial\gatos_perros_pandas\animals\dogs\dogs_00671.jpg,animals\dogs\dogs_00671.jpg,dogs,1,val
D:\GitHub\Universidad\Inteligencia_Artificial\gatos_perros_pandas\animals\dogs\dogs_00102.jpg,animals\dogs\dogs_00102.jpg,dogs,1,train
D:\GitHub\Universidad\Inteligencia_Artificial\gatos_perros_pandas\animals\cats\cats_00206.jpg,animals\cats\cats_00206.jpg,cats,0,val
D:\GitHub\Universidad\Inteligencia_Artificial\gatos_perros_pandas\animals\panda\panda_00703.jpg,animals\panda\panda_00703.jpg,panda,2,train
D:\GitHub\Universidad\Inteligencia_Artificial\gatos_perros_pandas\animals\panda\panda_00531.jpg,animals\panda\panda_00531.jpg,panda,2,val
D:\GitHub\Universidad\Inteligencia_Artificial\gatos_perros_pandas\animals\panda\panda_00137.jpg,animals\panda\panda_00137.jpg,panda,2,test
D:\GitHub\Universidad\Inteligencia_Artificial\gatos_perros_pandas\animals\dogs\dogs_00621.jpg,animals\dogs\dogs_00621.jpg,dogs,1,train
D:\GitHub\Universidad\Inteligencia_Artificial\gatos_perros_pandas\animals\panda\panda_00813.jpg,animals\panda\panda_00813.jpg,panda,2,test
D:\GitHub\Universidad\Inteligencia_Artificial\gatos_perros_pandas\animals\dogs\dogs_00935.jpg,animals\dogs\dogs_00935.jpg,dogs,1,train
D:\GitHub\Universidad\Inteligencia_Artificial\gatos_perros_pandas\animals\cats\cats_00958.jpg,animals\cats\cats_00958.jpg,cats,0,train
D:\GitHub\Universidad\Inteligencia_Artificial\gatos_perros_pandas\animals\cats\cats_00938.jpg,animals\cats\cats_00938.jpg,cats,0,train
D:\GitHub\Universidad\Inteligencia_Artificial\gatos_perros_pandas\animals\panda\panda_00555.jpg,animals\panda\panda_00555.jpg,panda,2,train
D:\GitHub\Universidad\Inteligencia_Artificial\gatos_perros_pandas\animals\dogs\dogs_00296.jpg,animals\dogs\dogs_00296.jpg,dogs,1,test
D:\GitHub\Universidad\Inteligencia_Artificial\gatos_perros_pandas\animals\panda\panda_00944.jpg,animals\panda\panda_00944.jpg,panda,2,val
D:\GitHub\Universidad\Inteligencia_Artificial\gatos_perros_pandas\animals\panda\panda_00038.jpg,animals\panda\panda_00038.jpg,panda,2,test
D:\GitHub\Universidad\Inteligencia_Artificial\gatos_perros_pandas\animals\panda\panda_00975.jpg,animals\panda\panda_00975.jpg,panda,2,val
D:\GitHub\Universidad\Inteligencia_Artificial\gatos_perros_pandas\animals\panda\panda_00227.jpg,animals\panda\panda_00227.jpg,panda,2,train
D:\GitHub\Universidad\Inteligencia_Artificial\gatos_perros_pandas\animals\dogs\dogs_00700.jpg,animals\dogs\dogs_00700.jpg,dogs,1,train
D:\GitHub\Universidad\Inteligencia_Artificial\gatos_perros_pandas\animals\dogs\dogs_00659.jpg,animals\dogs\dogs_00659.jpg,dogs,1,train
D:\GitHub\Universidad\Inteligencia_Artificial\gatos_perros_pandas\animals\cats\cats_00240.jpg,animals\cats\cats_00240.jpg,cats,0,train
D:\GitHub\Universidad\Inteligencia_Artificial\gatos_perros_pandas\animals\dogs\dogs_00538.jpg,animals\dogs\dogs_00538.jpg,dogs,1,train
D:\GitHub\Universidad\Inteligencia_Artificial\gatos_perros_pandas\animals\panda\panda_00187.jpg,animals\panda\panda_00187.jpg,panda,2,test
D:\GitHub\Universidad\Inteligencia_Artificial\gatos_perros_pandas\animals\dogs\dogs_00908.jpg,animals\dogs\dogs_00908.jpg,dogs,1,train
D:\GitHub\Universidad\Inteligencia_Artificial\gatos_perros_pandas\animals\dogs\dogs_00278.jpg,animals\dogs\dogs_00278.jpg,dogs,1,train
D:\GitHub\Universidad\Inteligencia_Artificial\gatos_perros_pandas\animals\panda\panda_00385.jpg,animals\panda\panda_00385.jpg,panda,2,train
D:\GitHub\Universidad\Inteligencia_Artificial\gatos_perros_pandas\animals\cats\cats_00081.jpg,animals\cats\cats_00081.jpg,cats,0,test
D:\GitHub\Universidad\Inteligencia_Artificial\gatos_perros_pandas\animals\cats\cats_00663.jpg,animals\cats\cats_00663.jpg,cats,0,train
D:\GitHub\Universidad\Inteligencia_Artificial\gatos_perros_pandas\animals\cats\cats_00642.jpg,animals\cats\cats_00642.jpg,cats,0,train
D:\GitHub\Universidad\Inteligencia_Artificial\gatos_perros_pandas\animals\cats\cats_00529.jpg,animals\cats\cats_00529.jpg,cats,0,train
D:\GitHub\Universidad\Inteligencia_Artificial\gatos_perros_pandas\animals\panda\panda_00770.jpg,animals\panda\panda_00770.jpg,panda,2,train
D:\GitHub\Universidad\Inteligencia_Artificial\gatos_perros_pandas\animals\panda\panda_00301.jpg,animals\panda\panda_00301.jpg,panda,2,test
D:\GitHub\Universidad\Inteligencia_Artificial\gatos_perros_pandas\animals\cats\cats_00241.jpg,animals\cats\cats_00241.jpg,cats,0,train
D:\GitHub\Universidad\Inteligencia_Artificial\gatos_perros_pandas\animals\dogs\dogs_00581.jpg,animals\dogs\dogs_00581.jpg,dogs,1,train
D:\GitHub\Universidad\Inteligencia_Artificial\gatos_perros_pandas\animals\panda\panda_00328.jpg,animals\panda\panda_00328.jpg,panda,2,val
D:\GitHub\Universidad\Inteligencia_Artificial\gatos_perros_pandas\animals\dogs\dogs_00255.jpg,animals\dogs\dogs_00255.jpg,dogs,1,train
D:\GitHub\Universidad\Inteligencia_Artificial\gatos_perros_pandas\animals\cats\cats_00996.jpg,animals\cats\cats_00996.jpg,cats,0,train
D:\GitHub\Universidad\Inteligencia_Artificial\gatos_perros_pandas\animals\panda\panda_00953.jpg,animals\panda\panda_00953.jpg,panda,2,val
D:\GitHub\Universidad\Inteligencia_Artificial\gatos_perros_pandas\animals\cats\cats_00673.jpg,animals\cats\cats_00673.jpg,cats,0,train
D:\GitHub\Universidad\Inteligencia_Artificial\gatos_perros_pandas\animals\panda\panda_00371.jpg,animals\panda\panda_00371.jpg,panda,2,val
D:\GitHub\Universidad\Inteligencia_Artificial\gatos_perros_pandas\animals\dogs\dogs_00820.jpg,animals\dogs\dogs_00820.jpg,dogs,1,train
D:\GitHub\Universidad\Inteligencia_Artificial\gatos_perros_pandas\animals\cats\cats_00408.jpg,animals\cats\cats_00408.jpg,cats,0,train
D:\GitHub\Universidad\Inteligencia_Artificial\gatos_perros_pandas\animals\cats\cats_00355.jpg,animals\cats\cats_00355.jpg,cats,0,train
D:\GitHub\Universidad\Inteligencia_Artificial\gatos_perros_pandas\animals\cats\cats_00597.jpg,animals\cats\cats_00597.jpg,cats,0,train
D:\GitHub\Universidad\Inteligencia_Artificial\gatos_perros_pandas\animals\panda\panda_00182.jpg,animals\panda\panda_00182.jpg,panda,2,train
D:\GitHub\Universidad\Inteligencia_Artificial\gatos_perros_pandas\animals\dogs\dogs_00226.jpg,animals\dogs\dogs_00226.jpg,dogs,1,train
D:\GitHub\Universidad\Inteligencia_Artificial\gatos_perros_pandas\animals\cats\cats_00169.jpg,animals\cats\cats_00169.jpg,cats,0,train
D:\GitHub\Universidad\Inteligencia_Artificial\gatos_perros_pandas\animals\cats\cats_00366.jpg,animals\cats\cats_00366.jpg,cats,0,train
D:\GitHub\Universidad\Inteligencia_Artificial\gatos_perros_pandas\animals\cats\cats_00129.jpg,animals\cats\cats_00129.jpg,cats,0,val
D:\GitHub\Universidad\Inteligencia_Artificial\gatos_perros_pandas\animals\panda\panda_00116.jpg,animals\panda\panda_00116.jpg,panda,2,train
D:\GitHub\Universidad\Inteligencia_Artificial\gatos_perros_pandas\animals\dogs\dogs_00574.jpg,animals\dogs\dogs_00574.jpg,dogs,1,train
D:\GitHub\Universidad\Inteligencia_Artificial\gatos_perros_pandas\animals\dogs\dogs_00600.jpg,animals\dogs\dogs_00600.jpg,dogs,1,test
D:\GitHub\Universidad\Inteligencia_Artificial\gatos_perros_pandas\animals\dogs\dogs_00288.jpg,animals\dogs\dogs_00288.jpg,dogs,1,train
D:\GitHub\Universidad\Inteligencia_Artificial\gatos_perros_pandas\animals\cats\cats_00166.jpg,animals\cats\cats_00166.jpg,cats,0,val
D:\GitHub\Universidad\Inteligencia_Artificial\gatos_perros_pandas\animals\panda\panda_00583.jpg,animals\panda\panda_00583.jpg,panda,2,train
D:\GitHub\Universidad\Inteligencia_Artificial\gatos_perros_pandas\animals\cats\cats_00864.jpg,animals\cats\cats_00864.jpg,cats,0,test
D:\GitHub\Universidad\Inteligencia_Artificial\gatos_perros_pandas\animals\panda\panda_00925.jpg,animals\panda\panda_00925.jpg,panda,2,test
D:\GitHub\Universidad\Inteligencia_Artificial\gatos_perros_pandas\animals\panda\panda_00050.jpg,animals\panda\panda_00050.jpg,panda,2,train
D:\GitHub\Universidad\Inteligencia_Artificial\gatos_perros_pandas\animals\panda\panda_00449.jpg,animals\panda\panda_00449.jpg,panda,2,val
D:\GitHub\Universidad\Inteligencia_Artificial\gatos_perros_pandas\animals\cats\cats_00168.jpg,animals\cats\cats_00168.jpg,cats,0,test
D:\GitHub\Universidad\Inteligencia_Artificial\gatos_perros_pandas\animals\dogs\dogs_00673.jpg,animals\dogs\dogs_00673.jpg,dogs,1,train
D:\GitHub\Universidad\Inteligencia_Artificial\gatos_perros_pandas\animals\cats\cats_00839.jpg,animals\cats\cats_00839.jpg,cats,0,train
D:\GitHub\Universidad\Inteligencia_Artificial\gatos_perros_pandas\animals\panda\panda_00669.jpg,animals\panda\panda_00669.jpg,panda,2,train
D:\GitHub\Universidad\Inteligencia_Artificial\gatos_perros_pandas\animals\dogs\dogs_00472.jpg,animals\dogs\dogs_00472.jpg,dogs,1,train
D:\GitHub\Universidad\Inteligencia_Artificial\gatos_perros_pandas\animals\cats\cats_00625.jpg,animals\cats\cats_00625.jpg,cats,0,train
D:\GitHub\Universidad\Inteligencia_Artificial\gatos_perros_pandas\animals\dogs\dogs_00400.jpg,animals\dogs\dogs_00400.jpg,dogs,1,train
D:\GitHub\Universidad\Inteligencia_Artificial\gatos_perros_pandas\animals\panda\panda_00005.jpg,animals\panda\panda_00005.jpg,panda,2,train
D:\GitHub\Universidad\Inteligencia_Artificial\gatos_perros_pandas\animals\panda\panda_00733.jpg,animals\panda\panda_00733.jpg,panda,2,train
D:\GitHub\Universidad\Inteligencia_Artificial\gatos_perros_pandas\animals\cats\cats_00653.jpg,animals\cats\cats_00653.jpg,cats,0,train
D:\GitHub\Universidad\Inteligencia_Artificial\gatos_perros_pandas\animals\panda\panda_00476.jpg,animals\panda\panda_00476.jpg,panda,2,test
D:\GitHub\Universidad\Inteligencia_Artificial\gatos_perros_pandas\animals\cats\cats_00524.jpg,animals\cats\cats_00524.jpg,cats,0,train
D:\GitHub\Universidad\Inteligencia_Artificial\gatos_perros_pandas\animals\dogs\dogs_00114.jpg,animals\dogs\dogs_00114.jpg,dogs,1,train
D:\GitHub\Universidad\Inteligencia_Artificial\gatos_perros_pandas\animals\dogs\dogs_00791.jpg,animals\dogs\dogs_00791.jpg,dogs,1,train
D:\GitHub\Universidad\Inteligencia_Artificial\gatos_perros_pandas\animals\cats\cats_00322.jpg,animals\cats\cats_00322.jpg,cats,0,train
D:\GitHub\Universidad\Inteligencia_Artificial\gatos_perros_pandas\animals\cats\cats_00381.jpg,animals\cats\cats_00381.jpg,cats,0,train
D:\GitHub\Universidad\Inteligencia_Artificial\gatos_perros_pandas\animals\dogs\dogs_00090.jpg,animals\dogs\dogs_00090.jpg,dogs,1,train
D:\GitHub\Universidad\Inteligencia_Artificial\gatos_perros_pandas\animals\panda\panda_00173.jpg,animals\panda\panda_00173.jpg,panda,2,train
D:\GitHub\Universidad\Inteligencia_Artificial\gatos_perros_pandas\animals\cats\cats_00115.jpg,animals\cats\cats_00115.jpg,cats,0,test
D:\GitHub\Universidad\Inteligencia_Artificial\gatos_perros_pandas\animals\panda\panda_00767.jpg,animals\panda\panda_00767.jpg,panda,2,train
D:\GitHub\Universidad\Inteligencia_Artificial\gatos_perros_pandas\animals\cats\cats_00704.jpg,animals\cats\cats_00704.jpg,cats,0,train
D:\GitHub\Universidad\Inteligencia_Artificial\gatos_perros_pandas\animals\panda\panda_00750.jpg,animals\panda\panda_00750.jpg,panda,2,train
D:\GitHub\Universidad\Inteligencia_Artificial\gatos_perros_pandas\animals\cats\cats_00629.jpg,animals\cats\cats_00629.jpg,cats,0,train
D:\GitHub\Universidad\Inteligencia_Artificial\gatos_perros_pandas\animals\panda\panda_00121.jpg,animals\panda\panda_00121.jpg,panda,2,val
D:\GitHub\Universidad\Inteligencia_Artificial\gatos_perros_pandas\animals\dogs\dogs_00685.jpg,animals\dogs\dogs_00685.jpg,dogs,1,train
D:\GitHub\Universidad\Inteligencia_Artificial\gatos_perros_pandas\animals\dogs\dogs_00661.jpg,animals\dogs\dogs_00661.jpg,dogs,1,train
D:\GitHub\Universidad\Inteligencia_Artificial\gatos_perros_pandas\animals\panda\panda_00043.jpg,animals\panda\panda_00043.jpg,panda,2,test
D:\GitHub\Universidad\Inteligencia_Artificial\gatos_perros_pandas\animals\cats\cats_00448.jpg,animals\cats\cats_00448.jpg,cats,0,train
D:\GitHub\Universidad\Inteligencia_Artificial\gatos_perros_pandas\animals\panda\panda_00914.jpg,animals\panda\panda_00914.jpg,panda,2,train
D:\GitHub\Universidad\Inteligencia_Artificial\gatos_perros_pandas\animals\cats\cats_00401.jpg,animals\cats\cats_00401.jpg,cats,0,train
D:\GitHub\Universidad\Inteligencia_Artificial\gatos_perros_pandas\animals\panda\panda_00353.jpg,animals\panda\panda_00353.jpg,panda,2,train
D:\GitHub\Universidad\Inteligencia_Artificial\gatos_perros_pandas\animals\panda\panda_00577.jpg,animals\panda\panda_00577.jpg,panda,2,train
D:\GitHub\Universidad\Inteligencia_Artificial\gatos_perros_pandas\animals\dogs\dogs_00211.jpg,animals\dogs\dogs_00211.jpg,dogs,1,train
D:\GitHub\Universidad\Inteligencia_Artificial\gatos_perros_pandas\animals\panda\panda_00086.jpg,animals\panda\panda_00086.jpg,panda,2,train
D:\GitHub\Universidad\Inteligencia_Artificial\gatos_perros_pandas\animals\dogs\dogs_00797.jpg,animals\dogs\dogs_00797.jpg,dogs,1,train
D:\GitHub\Universidad\Inteligencia_Artificial\gatos_perros_pandas\animals\panda\panda_00956.jpg,animals\panda\panda_00956.jpg,panda,2,train
D:\GitHub\Universidad\Inteligencia_Artificial\gatos_perros_pandas\animals\dogs\dogs_00001.jpg,animals\dogs\dogs_00001.jpg,dogs,1,train
D:\GitHub\Universidad\Inteligencia_Artificial\gatos_perros_pandas\animals\cats\cats_00531.jpg,animals\cats\cats_00531.jpg,cats,0,train
D:\GitHub\Universidad\Inteligencia_Artificial\gatos_perros_pandas\animals\cats\cats_00226.jpg,animals\cats\cats_00226.jpg,cats,0,test
D:\GitHub\Universidad\Inteligencia_Artificial\gatos_perros_pandas\animals\cats\cats_00397.jpg,animals\cats\cats_00397.jpg,cats,0,train
D:\GitHub\Universidad\Inteligencia_Artificial\gatos_perros_pandas\animals\dogs\dogs_00919.jpg,animals\dogs\dogs_00919.jpg,dogs,1,train
D:\GitHub\Universidad\Inteligencia_Artificial\gatos_perros_pandas\animals\dogs\dogs_00197.jpg,animals\dogs\dogs_00197.jpg,dogs,1,train
D:\GitHub\Universidad\Inteligencia_Artificial\gatos_perros_pandas\animals\panda\panda_00754.jpg,animals\panda\panda_00754.jpg,panda,2,val
D:\GitHub\Universidad\Inteligencia_Artificial\gatos_perros_pandas\animals\dogs\dogs_00427.jpg,animals\dogs\dogs_00427.jpg,dogs,1,train
D:\GitHub\Universidad\Inteligencia_Artificial\gatos_perros_pandas\animals\dogs\dogs_00555.jpg,animals\dogs\dogs_00555.jpg,dogs,1,val
D:\GitHub\Universidad\Inteligencia_Artificial\gatos_perros_pandas\animals\cats\cats_00829.jpg,animals\cats\cats_00829.jpg,cats,0,test
D:\GitHub\Universidad\Inteligencia_Artificial\gatos_perros_pandas\animals\cats\cats_00915.jpg,animals\cats\cats_00915.jpg,cats,0,train
D:\GitHub\Universidad\Inteligencia_Artificial\gatos_perros_pandas\animals\panda\panda_00915.jpg,animals\panda\panda_00915.jpg,panda,2,train
D:\GitHub\Universidad\Inteligencia_Artificial\gatos_perros_pandas\animals\cats\cats_00075.jpg,animals\cats\cats_00075.jpg,cats,0,train
D:\GitHub\Universidad\Inteligencia_Artificial\gatos_perros_pandas\animals\dogs\dogs_00612.jpg,animals\dogs\dogs_00612.jpg,dogs,1,train
D:\GitHub\Universidad\Inteligencia_Artificial\gatos_perros_pandas\animals\cats\cats_00701.jpg,animals\cats\cats_00701.jpg,cats,0,train
D:\GitHub\Universidad\Inteligencia_Artificial\gatos_perros_pandas\animals\cats\cats_00487.jpg,animals\cats\cats_00487.jpg,cats,0,val
D:\GitHub\Universidad\Inteligencia_Artificial\gatos_perros_pandas\animals\dogs\dogs_00047.jpg,animals\dogs\dogs_00047.jpg,dogs,1,train
D:\GitHub\Universidad\Inteligencia_Artificial\gatos_perros_pandas\animals\cats\cats_00672.jpg,animals\cats\cats_00672.jpg,cats,0,test
D:\GitHub\Universidad\Inteligencia_Artificial\gatos_perros_pandas\animals\dogs\dogs_00565.jpg,animals\dogs\dogs_00565.jpg,dogs,1,val
D:\GitHub\Universidad\Inteligencia_Artificial\gatos_perros_pandas\animals\dogs\dogs_00624.jpg,animals\dogs\dogs_00624.jpg,dogs,1,val
D:\GitHub\Universidad\Inteligencia_Artificial\gatos_perros_pandas\animals\panda\panda_00565.jpg,animals\panda\panda_00565.jpg,panda,2,val
D:\GitHub\Universidad\Inteligencia_Artificial\gatos_perros_pandas\animals\dogs\dogs_00648.jpg,animals\dogs\dogs_00648.jpg,dogs,1,train
D:\GitHub\Universidad\Inteligencia_Artificial\gatos_perros_pandas\animals\panda\panda_00981.jpg,animals\panda\panda_00981.jpg,panda,2,train
D:\GitHub\Universidad\Inteligencia_Artificial\gatos_perros_pandas\animals\panda\panda_00344.jpg,animals\panda\panda_00344.jpg,panda,2,train
D:\GitHub\Universidad\Inteligencia_Artificial\gatos_perros_pandas\animals\dogs\dogs_00306.jpg,animals\dogs\dogs_00306.jpg,dogs,1,val
D:\GitHub\Universidad\Inteligencia_Artificial\gatos_perros_pandas\animals\panda\panda_00069.jpg,animals\panda\panda_00069.jpg,panda,2,val
D:\GitHub\Universidad\Inteligencia_Artificial\gatos_perros_pandas\animals\dogs\dogs_00975.jpg,animals\dogs\dogs_00975.jpg,dogs,1,train
D:\GitHub\Universidad\Inteligencia_Artificial\gatos_perros_pandas\animals\panda\panda_00700.jpg,animals\panda\panda_00700.jpg,panda,2,train
D:\GitHub\Universidad\Inteligencia_Artificial\gatos_perros_pandas\animals\cats\cats_00805.jpg,animals\cats\cats_00805.jpg,cats,0,train
D:\GitHub\Universidad\Inteligencia_Artificial\gatos_perros_pandas\animals\dogs\dogs_00471.jpg,animals\dogs\dogs_00471.jpg,dogs,1,train
D:\GitHub\Universidad\Inteligencia_Artificial\gatos_perros_pandas\animals\cats\cats_00382.jpg,animals\cats\cats_00382.jpg,cats,0,train
D:\GitHub\Universidad\Inteligencia_Artificial\gatos_perros_pandas\animals\cats\cats_00010.jpg,animals\cats\cats_00010.jpg,cats,0,train
D:\GitHub\Universidad\Inteligencia_Artificial\gatos_perros_pandas\animals\panda\panda_00219.jpg,animals\panda\panda_00219.jpg,panda,2,train
D:\GitHub\Universidad\Inteligencia_Artificial\gatos_perros_pandas\animals\dogs\dogs_00519.jpg,animals\dogs\dogs_00519.jpg,dogs,1,train
D:\GitHub\Universidad\Inteligencia_Artificial\gatos_perros_pandas\animals\dogs\dogs_00460.jpg,animals\dogs\dogs_00460.jpg,dogs,1,train
D:\GitHub\Universidad\Inteligencia_Artificial\gatos_perros_pandas\animals\dogs\dogs_00420.jpg,animals\dogs\dogs_00420.jpg,dogs,1,val
D:\GitHub\Universidad\Inteligencia_Artificial\gatos_perros_pandas\animals\panda\panda_00868.jpg,animals\panda\panda_00868.jpg,panda,2,train
D:\GitHub\Universidad\Inteligencia_Artificial\gatos_perros_pandas\animals\dogs\dogs_00254.jpg,animals\dogs\dogs_00254.jpg,dogs,1,train
D:\GitHub\Universidad\Inteligencia_Artificial\gatos_perros_pandas\animals\dogs\dogs_00857.jpg,animals\dogs\dogs_00857.jpg,dogs,1,test
D:\GitHub\Universidad\Inteligencia_Artificial\gatos_perros_pandas\animals\cats\cats_00575.jpg,animals\cats\cats_00575.jpg,cats,0,test
D:\GitHub\Universidad\Inteligencia_Artificial\gatos_perros_pandas\animals\panda\panda_00060.jpg,animals\panda\panda_00060.jpg,panda,2,train
D:\GitHub\Universidad\Inteligencia_Artificial\gatos_perros_pandas\animals\panda\panda_00361.jpg,animals\panda\panda_00361.jpg,panda,2,test
D:\GitHub\Universidad\Inteligencia_Artificial\gatos_perros_pandas\animals\cats\cats_00276.jpg,animals\cats\cats_00276.jpg,cats,0,train
D:\GitHub\Universidad\Inteligencia_Artificial\gatos_perros_pandas\animals\cats\cats_00675.jpg,animals\cats\cats_00675.jpg,cats,0,val
D:\GitHub\Universidad\Inteligencia_Artificial\gatos_perros_pandas\animals\cats\cats_00172.jpg,animals\cats\cats_00172.jpg,cats,0,train
D:\GitHub\Universidad\Inteligencia_Artificial\gatos_perros_pandas\animals\dogs\dogs_00281.jpg,animals\dogs\dogs_00281.jpg,dogs,1,train
D:\GitHub\Universidad\Inteligencia_Artificial\gatos_perros_pandas\animals\panda\panda_00934.jpg,animals\panda\panda_00934.jpg,panda,2,train
D:\GitHub\Universidad\Inteligencia_Artificial\gatos_perros_pandas\animals\cats\cats_00494.jpg,animals\cats\cats_00494.jpg,cats,0,train
D:\GitHub\Universidad\Inteligencia_Artificial\gatos_perros_pandas\animals\dogs\dogs_00083.jpg,animals\dogs\dogs_00083.jpg,dogs,1,test
D:\GitHub\Universidad\Inteligencia_Artificial\gatos_perros_pandas\animals\panda\panda_00056.jpg,animals\panda\panda_00056.jpg,panda,2,train
D:\GitHub\Universidad\Inteligencia_Artificial\gatos_perros_pandas\animals\dogs\dogs_00679.jpg,animals\dogs\dogs_00679.jpg,dogs,1,test
D:\GitHub\Universidad\Inteligencia_Artificial\gatos_perros_pandas\animals\cats\cats_00650.jpg,animals\cats\cats_00650.jpg,cats,0,train
D:\GitHub\Universidad\Inteligencia_Artificial\gatos_perros_pandas\animals\cats\cats_00308.jpg,animals\cats\cats_00308.jpg,cats,0,train
D:\GitHub\Universidad\Inteligencia_Artificial\gatos_perros_pandas\animals\dogs\dogs_00089.jpg,animals\dogs\dogs_00089.jpg,dogs,1,train
D:\GitHub\Universidad\Inteligencia_Artificial\gatos_perros_pandas\animals\panda\panda_00390.jpg,animals\panda\panda_00390.jpg,panda,2,train
D:\GitHub\Universidad\Inteligencia_Artificial\gatos_perros_pandas\animals\panda\panda_00191.jpg,animals\panda\panda_00191.jpg,panda,2,val
D:\GitHub\Universidad\Inteligencia_Artificial\gatos_perros_pandas\animals\cats\cats_00280.jpg,animals\cats\cats_00280.jpg,cats,0,train
D:\GitHub\Universidad\Inteligencia_Artificial\gatos_perros_pandas\animals\dogs\dogs_00623.jpg,animals\dogs\dogs_00623.jpg,dogs,1,train
D:\GitHub\Universidad\Inteligencia_Artificial\gatos_perros_pandas\animals\dogs\dogs_00911.jpg,animals\dogs\dogs_00911.jpg,dogs,1,test
D:\GitHub\Universidad\Inteligencia_Artificial\gatos_perros_pandas\animals\cats\cats_00066.jpg,animals\cats\cats_00066.jpg,cats,0,val
D:\GitHub\Universidad\Inteligencia_Artificial\gatos_perros_pandas\animals\panda\panda_00713.jpg,animals\panda\panda_00713.jpg,panda,2,test
D:\GitHub\Universidad\Inteligencia_Artificial\gatos_perros_pandas\animals\cats\cats_00317.jpg,animals\cats\cats_00317.jpg,cats,0,train
D:\GitHub\Universidad\Inteligencia_Artificial\gatos_perros_pandas\animals\cats\cats_00261.jpg,animals\cats\cats_00261.jpg,cats,0,train
D:\GitHub\Universidad\Inteligencia_Artificial\gatos_perros_pandas\animals\panda\panda_00591.jpg,animals\panda\panda_00591.jpg,panda,2,train
D:\GitHub\Universidad\Inteligencia_Artificial\gatos_perros_pandas\animals\panda\panda_00882.jpg,animals\panda\panda_00882.jpg,panda,2,train
D:\GitHub\Universidad\Inteligencia_Artificial\gatos_perros_pandas\animals\dogs\dogs_00041.jpg,animals\dogs\dogs_00041.jpg,dogs,1,test
D:\GitHub\Universidad\Inteligencia_Artificial\gatos_perros_pandas\animals\dogs\dogs_00382.jpg,animals\dogs\dogs_00382.jpg,dogs,1,train
D:\GitHub\Universidad\Inteligencia_Artificial\gatos_perros_pandas\animals\dogs\dogs_00878.jpg,animals\dogs\dogs_00878.jpg,dogs,1,train
D:\GitHub\Universidad\Inteligencia_Artificial\gatos_perros_pandas\animals\dogs\dogs_00215.jpg,animals\dogs\dogs_00215.jpg,dogs,1,train
D:\GitHub\Universidad\Inteligencia_Artificial\gatos_perros_pandas\animals\panda\panda_00850.jpg,animals\panda\panda_00850.jpg,panda,2,train
D:\GitHub\Universidad\Inteligencia_Artificial\gatos_perros_pandas\animals\cats\cats_00209.jpg,animals\cats\cats_00209.jpg,cats,0,train
D:\GitHub\Universidad\Inteligencia_Artificial\gatos_perros_pandas\animals\panda\panda_00861.jpg,animals\panda\panda_00861.jpg,panda,2,val
D:\GitHub\Universidad\Inteligencia_Artificial\gatos_perros_pandas\animals\dogs\dogs_00541.jpg,animals\dogs\dogs_00541.jpg,dogs,1,train
D:\GitHub\Universidad\Inteligencia_Artificial\gatos_perros_pandas\animals\cats\cats_00600.jpg,animals\cats\cats_00600.jpg,cats,0,train
D:\GitHub\Universidad\Inteligencia_Artificial\gatos_perros_pandas\animals\panda\panda_00946.jpg,animals\panda\panda_00946.jpg,panda,2,train
D:\GitHub\Universidad\Inteligencia_Artificial\gatos_perros_pandas\animals\cats\cats_00865.jpg,animals\cats\cats_00865.jpg,cats,0,train
D:\GitHub\Universidad\Inteligencia_Artificial\gatos_perros_pandas\animals\cats\cats_00559.jpg,animals\cats\cats_00559.jpg,cats,0,test
D:\GitHub\Universidad\Inteligencia_Artificial\gatos_perros_pandas\animals\dogs\dogs_00836.jpg,animals\dogs\dogs_00836.jpg,dogs,1,val
D:\GitHub\Universidad\Inteligencia_Artificial\gatos_perros_pandas\animals\dogs\dogs_00428.jpg,animals\dogs\dogs_00428.jpg,dogs,1,train
D:\GitHub\Universidad\Inteligencia_Artificial\gatos_perros_pandas\animals\cats\cats_00210.jpg,animals\cats\cats_00210.jpg,cats,0,train
D:\GitHub\Universidad\Inteligencia_Artificial\gatos_perros_pandas\animals\cats\cats_00107.jpg,animals\cats\cats_00107.jpg,cats,0,train
D:\GitHub\Universidad\Inteligencia_Artificial\gatos_perros_pandas\animals\panda\panda_00541.jpg,animals\panda\panda_00541.jpg,panda,2,test
D:\GitHub\Universidad\Inteligencia_Artificial\gatos_perros_pandas\animals\dogs\dogs_00579.jpg,animals\dogs\dogs_00579.jpg,dogs,1,train
D:\GitHub\Universidad\Inteligencia_Artificial\gatos_perros_pandas\animals\dogs\dogs_00295.jpg,animals\dogs\dogs_00295.jpg,dogs,1,test
D:\GitHub\Universidad\Inteligencia_Artificial\gatos_perros_pandas\animals\dogs\dogs_00351.jpg,animals\dogs\dogs_00351.jpg,dogs,1,train
D:\GitHub\Universidad\Inteligencia_Artificial\gatos_perros_pandas\animals\panda\panda_00487.jpg,animals\panda\panda_00487.jpg,panda,2,train
D:\GitHub\Universidad\Inteligencia_Artificial\gatos_perros_pandas\animals\panda\panda_00088.jpg,animals\panda\panda_00088.jpg,panda,2,test
D:\GitHub\Universidad\Inteligencia_Artificial\gatos_perros_pandas\animals\dogs\dogs_00694.jpg,animals\dogs\dogs_00694.jpg,dogs,1,train
D:\GitHub\Universidad\Inteligencia_Artificial\gatos_perros_pandas\animals\cats\cats_00502.jpg,animals\cats\cats_00502.jpg,cats,0,train
D:\GitHub\Universidad\Inteligencia_Artificial\gatos_perros_pandas\animals\cats\cats_00303.jpg,animals\cats\cats_00303.jpg,cats,0,train
D:\GitHub\Universidad\Inteligencia_Artificial\gatos_perros_pandas\animals\dogs\dogs_00533.jpg,animals\dogs\dogs_00533.jpg,dogs,1,train
D:\GitHub\Universidad\Inteligencia_Artificial\gatos_perros_pandas\animals\panda\panda_00642.jpg,animals\panda\panda_00642.jpg,panda,2,train
D:\GitHub\Universidad\Inteligencia_Artificial\gatos_perros_pandas\animals\panda\panda_00958.jpg,animals\panda\panda_00958.jpg,panda,2,train
D:\GitHub\Universidad\Inteligencia_Artificial\gatos_perros_pandas\animals\dogs\dogs_00268.jpg,animals\dogs\dogs_00268.jpg,dogs,1,train
D:\GitHub\Universidad\Inteligencia_Artificial\gatos_perros_pandas\animals\dogs\dogs_00692.jpg,animals\dogs\dogs_00692.jpg,dogs,1,train
D:\GitHub\Universidad\Inteligencia_Artificial\gatos_perros_pandas\animals\panda\panda_00163.jpg,animals\panda\panda_00163.jpg,panda,2,train
D:\GitHub\Universidad\Inteligencia_Artificial\gatos_perros_pandas\animals\cats\cats_00349.jpg,animals\cats\cats_00349.jpg,cats,0,test
D:\GitHub\Universidad\Inteligencia_Artificial\gatos_perros_pandas\animals\panda\panda_00797.jpg,animals\panda\panda_00797.jpg,panda,2,train
D:\GitHub\Universidad\Inteligencia_Artificial\gatos_perros_pandas\animals\panda\panda_00940.jpg,animals\panda\panda_00940.jpg,panda,2,test
D:\GitHub\Universidad\Inteligencia_Artificial\gatos_perros_pandas\animals\cats\cats_00827.jpg,animals\cats\cats_00827.jpg,cats,0,test
D:\GitHub\Universidad\Inteligencia_Artificial\gatos_perros_pandas\animals\panda\panda_00617.jpg,animals\panda\panda_00617.jpg,panda,2,val
D:\GitHub\Universidad\Inteligencia_Artificial\gatos_perros_pandas\animals\cats\cats_00866.jpg,animals\cats\cats_00866.jpg,cats,0,val
D:\GitHub\Universidad\Inteligencia_Artificial\gatos_perros_pandas\animals\panda\panda_00446.jpg,animals\panda\panda_00446.jpg,panda,2,val
D:\GitHub\Universidad\Inteligencia_Artificial\gatos_perros_pandas\animals\panda\panda_00337.jpg,animals\panda\panda_00337.jpg,panda,2,train
D:\GitHub\Universidad\Inteligencia_Artificial\gatos_perros_pandas\animals\panda\panda_00512.jpg,animals\panda\panda_00512.jpg,panda,2,test
D:\GitHub\Universidad\Inteligencia_Artificial\gatos_perros_pandas\animals\panda\panda_00213.jpg,animals\panda\panda_00213.jpg,panda,2,train
D:\GitHub\Universidad\Inteligencia_Artificial\gatos_perros_pandas\animals\dogs\dogs_00417.jpg,animals\dogs\dogs_00417.jpg,dogs,1,train
D:\GitHub\Universidad\Inteligencia_Artificial\gatos_perros_pandas\animals\cats\cats_00482.jpg,animals\cats\cats_00482.jpg,cats,0,train
D:\GitHub\Universidad\Inteligencia_Artificial\gatos_perros_pandas\animals\cats\cats_00783.jpg,animals\cats\cats_00783.jpg,cats,0,train
D:\GitHub\Universidad\Inteligencia_Artificial\gatos_perros_pandas\animals\cats\cats_00050.jpg,animals\cats\cats_00050.jpg,cats,0,train
D:\GitHub\Universidad\Inteligencia_Artificial\gatos_perros_pandas\animals\dogs\dogs_00454.jpg,animals\dogs\dogs_00454.jpg,dogs,1,train
D:\GitHub\Universidad\Inteligencia_Artificial\gatos_perros_pandas\animals\dogs\dogs_00884.jpg,animals\dogs\dogs_00884.jpg,dogs,1,test
D:\GitHub\Universidad\Inteligencia_Artificial\gatos_perros_pandas\animals\dogs\dogs_00813.jpg,animals\dogs\dogs_00813.jpg,dogs,1,train
D:\GitHub\Universidad\Inteligencia_Artificial\gatos_perros_pandas\animals\panda\panda_00115.jpg,animals\panda\panda_00115.jpg,panda,2,train
D:\GitHub\Universidad\Inteligencia_Artificial\gatos_perros_pandas\animals\panda\panda_00830.jpg,animals\panda\panda_00830.jpg,panda,2,train
D:\GitHub\Universidad\Inteligencia_Artificial\gatos_perros_pandas\animals\panda\panda_00818.jpg,animals\panda\panda_00818.jpg,panda,2,train
D:\GitHub\Universidad\Inteligencia_Artificial\gatos_perros_pandas\animals\dogs\dogs_00525.jpg,animals\dogs\dogs_00525.jpg,dogs,1,train
D:\GitHub\Universidad\Inteligencia_Artificial\gatos_perros_pandas\animals\dogs\dogs_00902.jpg,animals\dogs\dogs_00902.jpg,dogs,1,train
D:\GitHub\Universidad\Inteligencia_Artificial\gatos_perros_pandas\animals\dogs\dogs_00543.jpg,animals\dogs\dogs_00543.jpg,dogs,1,train
D:\GitHub\Universidad\Inteligencia_Artificial\gatos_perros_pandas\animals\dogs\dogs_00647.jpg,animals\dogs\dogs_00647.jpg,dogs,1,val
D:\GitHub\Universidad\Inteligencia_Artificial\gatos_perros_pandas\animals\panda\panda_00942.jpg,animals\panda\panda_00942.jpg,panda,2,val
D:\GitHub\Universidad\Inteligencia_Artificial\gatos_perros_pandas\animals\dogs\dogs_00284.jpg,animals\dogs\dogs_00284.jpg,dogs,1,train
D:\GitHub\Universidad\Inteligencia_Artificial\gatos_perros_pandas\animals\dogs\dogs_00392.jpg,animals\dogs\dogs_00392.jpg,dogs,1,train
D:\GitHub\Universidad\Inteligencia_Artificial\gatos_perros_pandas\animals\dogs\dogs_00238.jpg,animals\dogs\dogs_00238.jpg,dogs,1,test
D:\GitHub\Universidad\Inteligencia_Artificial\gatos_perros_pandas\animals\panda\panda_00883.jpg,animals\panda\panda_00883.jpg,panda,2,train
D:\GitHub\Universidad\Inteligencia_Artificial\gatos_perros_pandas\animals\panda\panda_00372.jpg,animals\panda\panda_00372.jpg,panda,2,train
D:\GitHub\Universidad\Inteligencia_Artificial\gatos_perros_pandas\animals\cats\cats_00369.jpg,animals\cats\cats_00369.jpg,cats,0,train
D:\GitHub\Universidad\Inteligencia_Artificial\gatos_perros_pandas\animals\panda\panda_00308.jpg,animals\panda\panda_00308.jpg,panda,2,val
D:\GitHub\Universidad\Inteligencia_Artificial\gatos_perros_pandas\animals\panda\panda_00477.jpg,animals\panda\panda_00477.jpg,panda,2,train
D:\GitHub\Universidad\Inteligencia_Artificial\gatos_perros_pandas\animals\dogs\dogs_00527.jpg,animals\dogs\dogs_00527.jpg,dogs,1,test
D:\GitHub\Universidad\Inteligencia_Artificial\gatos_perros_pandas\animals\dogs\dogs_00775.jpg,animals\dogs\dogs_00775.jpg,dogs,1,test
D:\GitHub\Universidad\Inteligencia_Artificial\gatos_perros_pandas\animals\cats\cats_00797.jpg,animals\cats\cats_00797.jpg,cats,0,val
D:\GitHub\Universidad\Inteligencia_Artificial\gatos_perros_pandas\animals\panda\panda_00814.jpg,animals\panda\panda_00814.jpg,panda,2,train
D:\GitHub\Universidad\Inteligencia_Artificial\gatos_perros_pandas\animals\panda\panda_00409.jpg,animals\panda\panda_00409.jpg,panda,2,train
D:\GitHub\Universidad\Inteligencia_Artificial\gatos_perros_pandas\animals\cats\cats_00476.jpg,animals\cats\cats_00476.jpg,cats,0,train
D:\GitHub\Universidad\Inteligencia_Artificial\gatos_perros_pandas\animals\dogs\dogs_00566.jpg,animals\dogs\dogs_00566.jpg,dogs,1,val
D:\GitHub\Universidad\Inteligencia_Artificial\gatos_perros_pandas\animals\cats\cats_00905.jpg,animals\cats\cats_00905.jpg,cats,0,train
D:\GitHub\Universidad\Inteligencia_Artificial\gatos_perros_pandas\animals\cats\cats_00916.jpg,animals\cats\cats_00916.jpg,cats,0,train
D:\GitHub\Universidad\Inteligencia_Artificial\gatos_perros_pandas\animals\cats\cats_00195.jpg,animals\cats\cats_00195.jpg,cats,0,val
D:\GitHub\Universidad\Inteligencia_Artificial\gatos_perros_pandas\animals\cats\cats_00686.jpg,animals\cats\cats_00686.jpg,cats,0,val
D:\GitHub\Universidad\Inteligencia_Artificial\gatos_perros_pandas\animals\dogs\dogs_00201.jpg,animals\dogs\dogs_00201.jpg,dogs,1,train
D:\GitHub\Universidad\Inteligencia_Artificial\gatos_perros_pandas\animals\dogs\dogs_00687.jpg,animals\dogs\dogs_00687.jpg,dogs,1,test
D:\GitHub\Universidad\Inteligencia_Artificial\gatos_perros_pandas\animals\cats\cats_00666.jpg,animals\cats\cats_00666.jpg,cats,0,test
D:\GitHub\Universidad\Inteligencia_Artificial\gatos_perros_pandas\animals\dogs\dogs_00970.jpg,animals\dogs\dogs_00970.jpg,dogs,1,val
D:\GitHub\Universidad\Inteligencia_Artificial\gatos_perros_pandas\animals\panda\panda_00051.jpg,animals\panda\panda_00051.jpg,panda,2,train
D:\GitHub\Universidad\Inteligencia_Artificial\gatos_perros_pandas\animals\panda\panda_00010.jpg,animals\panda\panda_00010.jpg,panda,2,train
D:\GitHub\Universidad\Inteligencia_Artificial\gatos_perros_pandas\animals\panda\panda_00980.jpg,animals\panda\panda_00980.jpg,panda,2,train
D:\GitHub\Universidad\Inteligencia_Artificial\gatos_perros_pandas\animals\dogs\dogs_00907.jpg,animals\dogs\dogs_00907.jpg,dogs,1,train
D:\GitHub\Universidad\Inteligencia_Artificial\gatos_perros_pandas\animals\cats\cats_00565.jpg,animals\cats\cats_00565.jpg,cats,0,train
D:\GitHub\Universidad\Inteligencia_Artificial\gatos_perros_pandas\animals\cats\cats_00639.jpg,animals\cats\cats_00639.jpg,cats,0,train
D:\GitHub\Universidad\Inteligencia_Artificial\gatos_perros_pandas\animals\panda\panda_00303.jpg,animals\panda\panda_00303.jpg,panda,2,val
D:\GitHub\Universidad\Inteligencia_Artificial\gatos_perros_pandas\animals\cats\cats_00334.jpg,animals\cats\cats_00334.jpg,cats,0,train
D:\GitHub\Universidad\Inteligencia_Artificial\gatos_perros_pandas\animals\dogs\dogs_00735.jpg,animals\dogs\dogs_00735.jpg,dogs,1,train
D:\GitHub\Universidad\Inteligencia_Artificial\gatos_perros_pandas\animals\cats\cats_00900.jpg,animals\cats\cats_00900.jpg,cats,0,val
D:\GitHub\Universidad\Inteligencia_Artificial\gatos_perros_pandas\animals\panda\panda_00157.jpg,animals\panda\panda_00157.jpg,panda,2,train
D:\GitHub\Universidad\Inteligencia_Artificial\gatos_perros_pandas\animals\panda\panda_00336.jpg,animals\panda\panda_00336.jpg,panda,2,val
D:\GitHub\Universidad\Inteligencia_Artificial\gatos_perros_pandas\animals\cats\cats_00867.jpg,animals\cats\cats_00867.jpg,cats,0,val
D:\GitHub\Universidad\Inteligencia_Artificial\gatos_perros_pandas\animals\panda\panda_00019.jpg,animals\panda\panda_00019.jpg,panda,2,train
D:\GitHub\Universidad\Inteligencia_Artificial\gatos_perros_pandas\animals\panda\panda_00432.jpg,animals\panda\panda_00432.jpg,panda,2,train
D:\GitHub\Universidad\Inteligencia_Artificial\gatos_perros_pandas\animals\dogs\dogs_00998.jpg,animals\dogs\dogs_00998.jpg,dogs,1,test
D:\GitHub\Universidad\Inteligencia_Artificial\gatos_perros_pandas\animals\dogs\dogs_00384.jpg,animals\dogs\dogs_00384.jpg,dogs,1,val
D:\GitHub\Universidad\Inteligencia_Artificial\gatos_perros_pandas\animals\panda\panda_00862.jpg,animals\panda\panda_00862.jpg,panda,2,train
D:\GitHub\Universidad\Inteligencia_Artificial\gatos_perros_pandas\animals\panda\panda_00044.jpg,animals\panda\panda_00044.jpg,panda,2,val
D:\GitHub\Universidad\Inteligencia_Artificial\gatos_perros_pandas\animals\cats\cats_00017.jpg,animals\cats\cats_00017.jpg,cats,0,train
D:\GitHub\Universidad\Inteligencia_Artificial\gatos_perros_pandas\animals\dogs\dogs_00609.jpg,animals\dogs\dogs_00609.jpg,dogs,1,test
D:\GitHub\Universidad\Inteligencia_Artificial\gatos_perros_pandas\animals\cats\cats_00242.jpg,animals\cats\cats_00242.jpg,cats,0,train
D:\GitHub\Universidad\Inteligencia_Artificial\gatos_perros_pandas\animals\panda\panda_00557.jpg,animals\panda\panda_00557.jpg,panda,2,test
D:\GitHub\Universidad\Inteligencia_Artificial\gatos_perros_pandas\animals\dogs\dogs_00169.jpg,animals\dogs\dogs_00169.jpg,dogs,1,train
D:\GitHub\Universidad\Inteligencia_Artificial\gatos_perros_pandas\animals\dogs\dogs_00753.jpg,animals\dogs\dogs_00753.jpg,dogs,1,test
D:\GitHub\Universidad\Inteligencia_Artificial\gatos_perros_pandas\animals\cats\cats_00587.jpg,animals\cats\cats_00587.jpg,cats,0,train
D:\GitHub\Universidad\Inteligencia_Artificial\gatos_perros_pandas\animals\dogs\dogs_00275.jpg,animals\dogs\dogs_00275.jpg,dogs,1,train
D:\GitHub\Universidad\Inteligencia_Artificial\gatos_perros_pandas\animals\panda\panda_00307.jpg,animals\panda\panda_00307.jpg,panda,2,train
D:\GitHub\Universidad\Inteligencia_Artificial\gatos_perros_pandas\animals\cats\cats_00173.jpg,animals\cats\cats_00173.jpg,cats,0,train
D:\GitHub\Universidad\Inteligencia_Artificial\gatos_perros_pandas\animals\cats\cats_00395.jpg,animals\cats\cats_00395.jpg,cats,0,val
D:\GitHub\Universidad\Inteligencia_Artificial\gatos_perros_pandas\animals\dogs\dogs_00112.jpg,animals\dogs\dogs_00112.jpg,dogs,1,train
D:\GitHub\Universidad\Inteligencia_Artificial\gatos_perros_pandas\animals\dogs\dogs_00905.jpg,animals\dogs\dogs_00905.jpg,dogs,1,train
D:\GitHub\Universidad\Inteligencia_Artificial\gatos_perros_pandas\animals\cats\cats_00489.jpg,animals\cats\cats_00489.jpg,cats,0,train
D:\GitHub\Universidad\Inteligencia_Artificial\gatos_perros_pandas\animals\panda\panda_00448.jpg,animals\panda\panda_00448.jpg,panda,2,test
D:\GitHub\Universidad\Inteligencia_Artificial\gatos_perros_pandas\animals\cats\cats_00321.jpg,animals\cats\cats_00321.jpg,cats,0,train
D:\GitHub\Universidad\Inteligencia_Artificial\gatos_perros_pandas\animals\dogs\dogs_00164.jpg,animals\dogs\dogs_00164.jpg,dogs,1,train
D:\GitHub\Universidad\Inteligencia_Artificial\gatos_perros_pandas\animals\dogs\dogs_00651.jpg,animals\dogs\dogs_00651.jpg,dogs,1,test
D:\GitHub\Universidad\Inteligencia_Artificial\gatos_perros_pandas\animals\dogs\dogs_00271.jpg,animals\dogs\dogs_00271.jpg,dogs,1,test
D:\GitHub\Universidad\Inteligencia_Artificial\gatos_perros_pandas\animals\dogs\dogs_00033.jpg,animals\dogs\dogs_00033.jpg,dogs,1,train
D:\GitHub\Universidad\Inteligencia_Artificial\gatos_perros_pandas\animals\panda\panda_00456.jpg,animals\panda\panda_00456.jpg,panda,2,val
D:\GitHub\Universidad\Inteligencia_Artificial\gatos_perros_pandas\animals\dogs\dogs_00873.jpg,animals\dogs\dogs_00873.jpg,dogs,1,train
D:\GitHub\Universidad\Inteligencia_Artificial\gatos_perros_pandas\animals\cats\cats_00643.jpg,animals\cats\cats_00643.jpg,cats,0,val
D:\GitHub\Universidad\Inteligencia_Artificial\gatos_perros_pandas\animals\panda\panda_00571.jpg,animals\panda\panda_00571.jpg,panda,2,train
D:\GitHub\Universidad\Inteligencia_Artificial\gatos_perros_pandas\animals\cats\cats_00167.jpg,animals\cats\cats_00167.jpg,cats,0,test
D:\GitHub\Universidad\Inteligencia_Artificial\gatos_perros_pandas\animals\cats\cats_00951.jpg,animals\cats\cats_00951.jpg,cats,0,train
D:\GitHub\Universidad\Inteligencia_Artificial\gatos_perros_pandas\animals\cats\cats_00137.jpg,animals\cats\cats_00137.jpg,cats,0,train
D:\GitHub\Universidad\Inteligencia_Artificial\gatos_perros_pandas\animals\panda\panda_00629.jpg,animals\panda\panda_00629.jpg,panda,2,train
D:\GitHub\Universidad\Inteligencia_Artificial\gatos_perros_pandas\animals\dogs\dogs_00166.jpg,animals\dogs\dogs_00166.jpg,dogs,1,train
D:\GitHub\Universidad\Inteligencia_Artificial\gatos_perros_pandas\animals\cats\cats_00253.jpg,animals\cats\cats_00253.jpg,cats,0,test
D:\GitHub\Universidad\Inteligencia_Artificial\gatos_perros_pandas\animals\dogs\dogs_00117.jpg,animals\dogs\dogs_00117.jpg,dogs,1,val
D:\GitHub\Universidad\Inteligencia_Artificial\gatos_perros_pandas\animals\cats\cats_00438.jpg,animals\cats\cats_00438.jpg,cats,0,train
D:\GitHub\Universidad\Inteligencia_Artificial\gatos_perros_pandas\animals\cats\cats_00003.jpg,animals\cats\cats_00003.jpg,cats,0,train
D:\GitHub\Universidad\Inteligencia_Artificial\gatos_perros_pandas\animals\cats\cats_00651.jpg,animals\cats\cats_00651.jpg,cats,0,test
D:\GitHub\Universidad\Inteligencia_Artificial\gatos_perros_pandas\animals\panda\panda_00637.jpg,animals\panda\panda_00637.jpg,panda,2,train
D:\GitHub\Universidad\Inteligencia_Artificial\gatos_perros_pandas\animals\cats\cats_00579.jpg,animals\cats\cats_00579.jpg,cats,0,train
D:\GitHub\Universidad\Inteligencia_Artificial\gatos_perros_pandas\animals\panda\panda_00799.jpg,animals\panda\panda_00799.jpg,panda,2,train
D:\GitHub\Universidad\Inteligencia_Artificial\gatos_perros_pandas\animals\panda\panda_00375.jpg,animals\panda\panda_00375.jpg,panda,2,train
D:\GitHub\Universidad\Inteligencia_Artificial\gatos_perros_pandas\animals\cats\cats_00174.jpg,animals\cats\cats_00174.jpg,cats,0,train
D:\GitHub\Universidad\Inteligencia_Artificial\gatos_perros_pandas\animals\dogs\dogs_00182.jpg,animals\dogs\dogs_00182.jpg,dogs,1,train
D:\GitHub\Universidad\Inteligencia_Artificial\gatos_perros_pandas\animals\panda\panda_00517.jpg,animals\panda\panda_00517.jpg,panda,2,train
D:\GitHub\Universidad\Inteligencia_Artificial\gatos_perros_pandas\animals\panda\panda_00434.jpg,animals\panda\panda_00434.jpg,panda,2,test
D:\GitHub\Universidad\Inteligencia_Artificial\gatos_perros_pandas\animals\panda\panda_00523.jpg,animals\panda\panda_00523.jpg,panda,2,train
D:\GitHub\Universidad\Inteligencia_Artificial\gatos_perros_pandas\animals\panda\panda_00519.jpg,animals\panda\panda_00519.jpg,panda,2,train
D:\GitHub\Universidad\Inteligencia_Artificial\gatos_perros_pandas\animals\panda\panda_00146.jpg,animals\panda\panda_00146.jpg,panda,2,train
D:\GitHub\Universidad\Inteligencia_Artificial\gatos_perros_pandas\animals\cats\cats_00063.jpg,animals\cats\cats_00063.jpg,cats,0,train
D:\GitHub\Universidad\Inteligencia_Artificial\gatos_perros_pandas\animals\dogs\dogs_00758.jpg,animals\dogs\dogs_00758.jpg,dogs,1,val
D:\GitHub\Universidad\Inteligencia_Artificial\gatos_perros_pandas\animals\cats\cats_00676.jpg,animals\cats\cats_00676.jpg,cats,0,val
D:\GitHub\Universidad\Inteligencia_Artificial\gatos_perros_pandas\animals\panda\panda_00659.jpg,animals\panda\panda_00659.jpg,panda,2,test
D:\GitHub\Universidad\Inteligencia_Artificial\gatos_perros_pandas\animals\cats\cats_00204.jpg,animals\cats\cats_00204.jpg,cats,0,test
D:\GitHub\Universidad\Inteligencia_Artificial\gatos_perros_pandas\animals\panda\panda_00108.jpg,animals\panda\panda_00108.jpg,panda,2,train
D:\GitHub\Universidad\Inteligencia_Artificial\gatos_perros_pandas\animals\panda\panda_00245.jpg,animals\panda\panda_00245.jpg,panda,2,test
D:\GitHub\Universidad\Inteligencia_Artificial\gatos_perros_pandas\animals\dogs\dogs_00171.jpg,animals\dogs\dogs_00171.jpg,dogs,1,val
D:\GitHub\Universidad\Inteligencia_Artificial\gatos_perros_pandas\animals\dogs\dogs_00379.jpg,animals\dogs\dogs_00379.jpg,dogs,1,train
D:\GitHub\Universidad\Inteligencia_Artificial\gatos_perros_pandas\animals\dogs\dogs_00633.jpg,animals\dogs\dogs_00633.jpg,dogs,1,val
D:\GitHub\Universidad\Inteligencia_Artificial\gatos_perros_pandas\animals\dogs\dogs_00424.jpg,animals\dogs\dogs_00424.jpg,dogs,1,test
D:\GitHub\Universidad\Inteligencia_Artificial\gatos_perros_pandas\animals\cats\cats_00912.jpg,animals\cats\cats_00912.jpg,cats,0,train
D:\GitHub\Universidad\Inteligencia_Artificial\gatos_perros_pandas\animals\panda\panda_00587.jpg,animals\panda\panda_00587.jpg,panda,2,val
D:\GitHub\Universidad\Inteligencia_Artificial\gatos_perros_pandas\animals\dogs\dogs_00716.jpg,animals\dogs\dogs_00716.jpg,dogs,1,val
D:\GitHub\Universidad\Inteligencia_Artificial\gatos_perros_pandas\animals\dogs\dogs_00160.jpg,animals\dogs\dogs_00160.jpg,dogs,1,train
D:\GitHub\Universidad\Inteligencia_Artificial\gatos_perros_pandas\animals\panda\panda_00054.jpg,animals\panda\panda_00054.jpg,panda,2,train
D:\GitHub\Universidad\Inteligencia_Artificial\gatos_perros_pandas\animals\panda\panda_00232.jpg,animals\panda\panda_00232.jpg,panda,2,train
D:\GitHub\Universidad\Inteligencia_Artificial\gatos_perros_pandas\animals\cats\cats_00424.jpg,animals\cats\cats_00424.jpg,cats,0,train
D:\GitHub\Universidad\Inteligencia_Artificial\gatos_perros_pandas\animals\cats\cats_00391.jpg,animals\cats\cats_00391.jpg,cats,0,val
D:\GitHub\Universidad\Inteligencia_Artificial\gatos_perros_pandas\animals\panda\panda_00070.jpg,animals\panda\panda_00070.jpg,panda,2,test
D:\GitHub\Universidad\Inteligencia_Artificial\gatos_perros_pandas\animals\cats\cats_00720.jpg,animals\cats\cats_00720.jpg,cats,0,train
D:\GitHub\Universidad\Inteligencia_Artificial\gatos_perros_pandas\animals\cats\cats_00714.jpg,animals\cats\cats_00714.jpg,cats,0,train
D:\GitHub\Universidad\Inteligencia_Artificial\gatos_perros_pandas\animals\cats\cats_00430.jpg,animals\cats\cats_00430.jpg,cats,0,test
D:\GitHub\Universidad\Inteligencia_Artificial\gatos_perros_pandas\animals\panda\panda_00558.jpg,animals\panda\panda_00558.jpg,panda,2,test
D:\GitHub\Universidad\Inteligencia_Artificial\gatos_perros_pandas\animals\dogs\dogs_00650.jpg,animals\dogs\dogs_00650.jpg,dogs,1,train
D:\GitHub\Universidad\Inteligencia_Artificial\gatos_perros_pandas\animals\panda\panda_00576.jpg,animals\panda\panda_00576.jpg,panda,2,val
D:\GitHub\Universidad\Inteligencia_Artificial\gatos_perros_pandas\animals\dogs\dogs_00698.jpg,animals\dogs\dogs_00698.jpg,dogs,1,train
D:\GitHub\Universidad\Inteligencia_Artificial\gatos_perros_pandas\animals\panda\panda_00613.jpg,animals\panda\panda_00613.jpg,panda,2,train
D:\GitHub\Universidad\Inteligencia_Artificial\gatos_perros_pandas\animals\panda\panda_00911.jpg,animals\panda\panda_00911.jpg,panda,2,train
D:\GitHub\Universidad\Inteligencia_Artificial\gatos_perros_pandas\animals\panda\panda_00338.jpg,animals\panda\panda_00338.jpg,panda,2,train
D:\GitHub\Universidad\Inteligencia_Artificial\gatos_perros_pandas\animals\dogs\dogs_00282.jpg,animals\dogs\dogs_00282.jpg,dogs,1,train
D:\GitHub\Universidad\Inteligencia_Artificial\gatos_perros_pandas\animals\dogs\dogs_00299.jpg,animals\dogs\dogs_00299.jpg,dogs,1,test
D:\GitHub\Universidad\Inteligencia_Artificial\gatos_perros_pandas\animals\panda\panda_00793.jpg,animals\panda\panda_00793.jpg,panda,2,train
D:\GitHub\Universidad\Inteligencia_Artificial\gatos_perros_pandas\animals\panda\panda_00580.jpg,animals\panda\panda_00580.jpg,panda,2,train
D:\GitHub\Universidad\Inteligencia_Artificial\gatos_perros_pandas\animals\dogs\dogs_00597.jpg,animals\dogs\dogs_00597.jpg,dogs,1,train
D:\GitHub\Universidad\Inteligencia_Artificial\gatos_perros_pandas\animals\cats\cats_00562.jpg,animals\cats\cats_00562.jpg,cats,0,train
D:\GitHub\Universidad\Inteligencia_Artificial\gatos_perros_pandas\animals\panda\panda_00031.jpg,animals\panda\panda_00031.jpg,panda,2,train
D:\GitHub\Universidad\Inteligencia_Artificial\gatos_perros_pandas\animals\panda\panda_00983.jpg,animals\panda\panda_00983.jpg,panda,2,test
D:\GitHub\Universidad\Inteligencia_Artificial\gatos_perros_pandas\animals\panda\panda_00602.jpg,animals\panda\panda_00602.jpg,panda,2,train
D:\GitHub\Universidad\Inteligencia_Artificial\gatos_perros_pandas\animals\dogs\dogs_00768.jpg,animals\dogs\dogs_00768.jpg,dogs,1,train
D:\GitHub\Universidad\Inteligencia_Artificial\gatos_perros_pandas\animals\dogs\dogs_00906.jpg,animals\dogs\dogs_00906.jpg,dogs,1,train
D:\GitHub\Universidad\Inteligencia_Artificial\gatos_perros_pandas\animals\cats\cats_00278.jpg,animals\cats\cats_00278.jpg,cats,0,train
D:\GitHub\Universidad\Inteligencia_Artificial\gatos_perros_pandas\animals\panda\panda_00447.jpg,animals\panda\panda_00447.jpg,panda,2,train
D:\GitHub\Universidad\Inteligencia_Artificial\gatos_perros_pandas\animals\panda\panda_00702.jpg,animals\panda\panda_00702.jpg,panda,2,test
D:\GitHub\Universidad\Inteligencia_Artificial\gatos_perros_pandas\animals\cats\cats_00006.jpg,animals\cats\cats_00006.jpg,cats,0,train
D:\GitHub\Universidad\Inteligencia_Artificial\gatos_perros_pandas\animals\panda\panda_00029.jpg,animals\panda\panda_00029.jpg,panda,2,train
D:\GitHub\Universidad\Inteligencia_Artificial\gatos_perros_pandas\animals\dogs\dogs_00361.jpg,animals\dogs\dogs_00361.jpg,dogs,1,train
D:\GitHub\Universidad\Inteligencia_Artificial\gatos_perros_pandas\animals\dogs\dogs_00018.jpg,animals\dogs\dogs_00018.jpg,dogs,1,train
D:\GitHub\Universidad\Inteligencia_Artificial\gatos_perros_pandas\animals\dogs\dogs_00570.jpg,animals\dogs\dogs_00570.jpg,dogs,1,train
D:\GitHub\Universidad\Inteligencia_Artificial\gatos_perros_pandas\animals\dogs\dogs_00784.jpg,animals\dogs\dogs_00784.jpg,dogs,1,test
D:\GitHub\Universidad\Inteligencia_Artificial\gatos_perros_pandas\animals\cats\cats_00477.jpg,animals\cats\cats_00477.jpg,cats,0,train
D:\GitHub\Universidad\Inteligencia_Artificial\gatos_perros_pandas\animals\cats\cats_00748.jpg,animals\cats\cats_00748.jpg,cats,0,test
D:\GitHub\Universidad\Inteligencia_Artificial\gatos_perros_pandas\animals\dogs\dogs_00585.jpg,animals\dogs\dogs_00585.jpg,dogs,1,train
D:\GitHub\Universidad\Inteligencia_Artificial\gatos_perros_pandas\animals\cats\cats_00978.jpg,animals\cats\cats_00978.jpg,cats,0,train
D:\GitHub\Universidad\Inteligencia_Artificial\gatos_perros_pandas\animals\cats\cats_00243.jpg,animals\cats\cats_00243.jpg,cats,0,train
D:\GitHub\Universidad\Inteligencia_Artificial\gatos_perros_pandas\animals\panda\panda_00463.jpg,animals\panda\panda_00463.jpg,panda,2,val
D:\GitHub\Universidad\Inteligencia_Artificial\gatos_perros_pandas\animals\cats\cats_00769.jpg,animals\cats\cats_00769.jpg,cats,0,val
D:\GitHub\Universidad\Inteligencia_Artificial\gatos_perros_pandas\animals\panda\panda_00418.jpg,animals\panda\panda_00418.jpg,panda,2,train
D:\GitHub\Universidad\Inteligencia_Artificial\gatos_perros_pandas\animals\cats\cats_00641.jpg,animals\cats\cats_00641.jpg,cats,0,val
D:\GitHub\Universidad\Inteligencia_Artificial\gatos_perros_pandas\animals\cats\cats_00638.jpg,animals\cats\cats_00638.jpg,cats,0,train
D:\GitHub\Universidad\Inteligencia_Artificial\gatos_perros_pandas\animals\cats\cats_00067.jpg,animals\cats\cats_00067.jpg,cats,0,train
D:\GitHub\Universidad\Inteligencia_Artificial\gatos_perros_pandas\animals\dogs\dogs_00786.jpg,animals\dogs\dogs_00786.jpg,dogs,1,train
D:\GitHub\Universidad\Inteligencia_Artificial\gatos_perros_pandas\animals\dogs\dogs_00283.jpg,animals\dogs\dogs_00283.jpg,dogs,1,val
D:\GitHub\Universidad\Inteligencia_Artificial\gatos_perros_pandas\animals\cats\cats_00182.jpg,animals\cats\cats_00182.jpg,cats,0,train
D:\GitHub\Universidad\Inteligencia_Artificial\gatos_perros_pandas\animals\panda\panda_00689.jpg,animals\panda\panda_00689.jpg,panda,2,train
D:\GitHub\Universidad\Inteligencia_Artificial\gatos_perros_pandas\animals\panda\panda_00180.jpg,animals\panda\panda_00180.jpg,panda,2,test
D:\GitHub\Universidad\Inteligencia_Artificial\gatos_perros_pandas\animals\dogs\dogs_00730.jpg,animals\dogs\dogs_00730.jpg,dogs,1,train
D:\GitHub\Universidad\Inteligencia_Artificial\gatos_perros_pandas\animals\cats\cats_00156.jpg,animals\cats\cats_00156.jpg,cats,0,train
D:\GitHub\Universidad\Inteligencia_Artificial\gatos_perros_pandas\animals\cats\cats_00547.jpg,animals\cats\cats_00547.jpg,cats,0,test
D:\GitHub\Universidad\Inteligencia_Artificial\gatos_perros_pandas\animals\panda\panda_00822.jpg,animals\panda\panda_00822.jpg,panda,2,train
D:\GitHub\Universidad\Inteligencia_Artificial\gatos_perros_pandas\animals\cats\cats_00578.jpg,animals\cats\cats_00578.jpg,cats,0,train
D:\GitHub\Universidad\Inteligencia_Artificial\gatos_perros_pandas\animals\panda\panda_00885.jpg,animals\panda\panda_00885.jpg,panda,2,val
D:\GitHub\Universidad\Inteligencia_Artificial\gatos_perros_pandas\animals\panda\panda_00444.jpg,animals\panda\panda_00444.jpg,panda,2,train
D:\GitHub\Universidad\Inteligencia_Artificial\gatos_perros_pandas\animals\cats\cats_00811.jpg,animals\cats\cats_00811.jpg,cats,0,train
D:\GitHub\Universidad\Inteligencia_Artificial\gatos_perros_pandas\animals\panda\panda_00644.jpg,animals\panda\panda_00644.jpg,panda,2,test
D:\GitHub\Universidad\Inteligencia_Artificial\gatos_perros_pandas\animals\panda\panda_00030.jpg,animals\panda\panda_00030.jpg,panda,2,train
D:\GitHub\Universidad\Inteligencia_Artificial\gatos_perros_pandas\animals\panda\panda_00112.jpg,animals\panda\panda_00112.jpg,panda,2,train
D:\GitHub\Universidad\Inteligencia_Artificial\gatos_perros_pandas\animals\cats\cats_00266.jpg,animals\cats\cats_00266.jpg,cats,0,train
D:\GitHub\Universidad\Inteligencia_Artificial\gatos_perros_pandas\animals\panda\panda_00569.jpg,animals\panda\panda_00569.jpg,panda,2,train
D:\GitHub\Universidad\Inteligencia_Artificial\gatos_perros_pandas\animals\dogs\dogs_00741.jpg,animals\dogs\dogs_00741.jpg,dogs,1,train
D:\GitHub\Universidad\Inteligencia_Artificial\gatos_perros_pandas\animals\cats\cats_00005.jpg,animals\cats\cats_00005.jpg,cats,0,train
D:\GitHub\Universidad\Inteligencia_Artificial\gatos_perros_pandas\animals\panda\panda_00244.jpg,animals\panda\panda_00244.jpg,panda,2,test
D:\GitHub\Universidad\Inteligencia_Artificial\gatos_perros_pandas\animals\panda\panda_00976.jpg,animals\panda\panda_00976.jpg,panda,2,train
D:\GitHub\Universidad\Inteligencia_Artificial\gatos_perros_pandas\animals\dogs\dogs_00534.jpg,animals\dogs\dogs_00534.jpg,dogs,1,train
D:\GitHub\Universidad\Inteligencia_Artificial\gatos_perros_pandas\animals\dogs\dogs_00048.jpg,animals\dogs\dogs_00048.jpg,dogs,1,val
D:\GitHub\Universidad\Inteligencia_Artificial\gatos_perros_pandas\animals\dogs\dogs_00669.jpg,animals\dogs\dogs_00669.jpg,dogs,1,train
D:\GitHub\Universidad\Inteligencia_Artificial\gatos_perros_pandas\animals\dogs\dogs_00737.jpg,animals\dogs\dogs_00737.jpg,dogs,1,train
D:\GitHub\Universidad\Inteligencia_Artificial\gatos_perros_pandas\animals\panda\panda_00806.jpg,animals\panda\panda_00806.jpg,panda,2,test
D:\GitHub\Universidad\Inteligencia_Artificial\gatos_perros_pandas\animals\cats\cats_00291.jpg,animals\cats\cats_00291.jpg,cats,0,train
D:\GitHub\Universidad\Inteligencia_Artificial\gatos_perros_pandas\animals\dogs\dogs_00167.jpg,animals\dogs\dogs_00167.jpg,dogs,1,train
D:\GitHub\Universidad\Inteligencia_Artificial\gatos_perros_pandas\animals\panda\panda_00816.jpg,animals\panda\panda_00816.jpg,panda,2,train
D:\GitHub\Universidad\Inteligencia_Artificial\gatos_perros_pandas\animals\cats\cats_00158.jpg,animals\cats\cats_00158.jpg,cats,0,train
D:\GitHub\Universidad\Inteligencia_Artificial\gatos_perros_pandas\animals\cats\cats_00268.jpg,animals\cats\cats_00268.jpg,cats,0,train
D:\GitHub\Universidad\Inteligencia_Artificial\gatos_perros_pandas\animals\panda\panda_00188.jpg,animals\panda\panda_00188.jpg,panda,2,train
D:\GitHub\Universidad\Inteligencia_Artificial\gatos_perros_pandas\animals\panda\panda_00204.jpg,animals\panda\panda_00204.jpg,panda,2,train
D:\GitHub\Universidad\Inteligencia_Artificial\gatos_perros_pandas\animals\dogs\dogs_00324.jpg,animals\dogs\dogs_00324.jpg,dogs,1,train
D:\GitHub\Universidad\Inteligencia_Artificial\gatos_perros_pandas\animals\cats\cats_00734.jpg,animals\cats\cats_00734.jpg,cats,0,test
D:\GitHub\Universidad\Inteligencia_Artificial\gatos_perros_pandas\animals\dogs\dogs_00156.jpg,animals\dogs\dogs_00156.jpg,dogs,1,val
D:\GitHub\Universidad\Inteligencia_Artificial\gatos_perros_pandas\animals\dogs\dogs_00759.jpg,animals\dogs\dogs_00759.jpg,dogs,1,train
D:\GitHub\Universidad\Inteligencia_Artificial\gatos_perros_pandas\animals\cats\cats_00470.jpg,animals\cats\cats_00470.jpg,cats,0,test
D:\GitHub\Universidad\Inteligencia_Artificial\gatos_perros_pandas\animals\dogs\dogs_00350.jpg,animals\dogs\dogs_00350.jpg,dogs,1,train
D:\GitHub\Universidad\Inteligencia_Artificial\gatos_perros_pandas\animals\cats\cats_01000.jpg,animals\cats\cats_01000.jpg,cats,0,val
D:\GitHub\Universidad\Inteligencia_Artificial\gatos_perros_pandas\animals\panda\panda_00686.jpg,animals\panda\panda_00686.jpg,panda,2,train
D:\GitHub\Universidad\Inteligencia_Artificial\gatos_perros_pandas\animals\dogs\dogs_00785.jpg,animals\dogs\dogs_00785.jpg,dogs,1,train
D:\GitHub\Universidad\Inteligencia_Artificial\gatos_perros_pandas\animals\cats\cats_00461.jpg,animals\cats\cats_00461.jpg,cats,0,train
D:\GitHub\Universidad\Inteligencia_Artificial\gatos_perros_pandas\animals\dogs\dogs_00883.jpg,animals\dogs\dogs_00883.jpg,dogs,1,train
D:\GitHub\Universidad\Inteligencia_Artificial\gatos_perros_pandas\animals\dogs\dogs_00981.jpg,animals\dogs\dogs_00981.jpg,dogs,1,train
D:\GitHub\Universidad\Inteligencia_Artificial\gatos_perros_pandas\animals\panda\panda_00962.jpg,animals\panda\panda_00962.jpg,panda,2,test
D:\GitHub\Universidad\Inteligencia_Artificial\gatos_perros_pandas\animals\dogs\dogs_00912.jpg,animals\dogs\dogs_00912.jpg,dogs,1,train
D:\GitHub\Universidad\Inteligencia_Artificial\gatos_perros_pandas\animals\dogs\dogs_00947.jpg,animals\dogs\dogs_00947.jpg,dogs,1,test
D:\GitHub\Universidad\Inteligencia_Artificial\gatos_perros_pandas\animals\dogs\dogs_00896.jpg,animals\dogs\dogs_00896.jpg,dogs,1,train
D:\GitHub\Universidad\Inteligencia_Artificial\gatos_perros_pandas\animals\cats\cats_00770.jpg,animals\cats\cats_00770.jpg,cats,0,train
D:\GitHub\Universidad\Inteligencia_Artificial\gatos_perros_pandas\animals\dogs\dogs_00081.jpg,animals\dogs\dogs_00081.jpg,dogs,1,train
D:\GitHub\Universidad\Inteligencia_Artificial\gatos_perros_pandas\animals\dogs\dogs_00356.jpg,animals\dogs\dogs_00356.jpg,dogs,1,train
D:\GitHub\Universidad\Inteligencia_Artificial\gatos_perros_pandas\animals\panda\panda_00849.jpg,animals\panda\panda_00849.jpg,panda,2,train
D:\GitHub\Universidad\Inteligencia_Artificial\gatos_perros_pandas\animals\panda\panda_00421.jpg,animals\panda\panda_00421.jpg,panda,2,val
D:\GitHub\Universidad\Inteligencia_Artificial\gatos_perros_pandas\animals\panda\panda_00777.jpg,animals\panda\panda_00777.jpg,panda,2,train
D:\GitHub\Universidad\Inteligencia_Artificial\gatos_perros_pandas\animals\panda\panda_00398.jpg,animals\panda\panda_00398.jpg,panda,2,train
D:\GitHub\Universidad\Inteligencia_Artificial\gatos_perros_pandas\animals\dogs\dogs_00157.jpg,animals\dogs\dogs_00157.jpg,dogs,1,train
D:\GitHub\Universidad\Inteligencia_Artificial\gatos_perros_pandas\animals\cats\cats_00602.jpg,animals\cats\cats_00602.jpg,cats,0,train
D:\GitHub\Universidad\Inteligencia_Artificial\gatos_perros_pandas\animals\panda\panda_00431.jpg,animals\panda\panda_00431.jpg,panda,2,train
D:\GitHub\Universidad\Inteligencia_Artificial\gatos_perros_pandas\animals\dogs\dogs_00727.jpg,animals\dogs\dogs_00727.jpg,dogs,1,val
D:\GitHub\Universidad\Inteligencia_Artificial\gatos_perros_pandas\animals\cats\cats_00221.jpg,animals\cats\cats_00221.jpg,cats,0,test
D:\GitHub\Universidad\Inteligencia_Artificial\gatos_perros_pandas\animals\cats\cats_00687.jpg,animals\cats\cats_00687.jpg,cats,0,test
D:\GitHub\Universidad\Inteligencia_Artificial\gatos_perros_pandas\animals\cats\cats_00906.jpg,animals\cats\cats_00906.jpg,cats,0,train
D:\GitHub\Universidad\Inteligencia_Artificial\gatos_perros_pandas\animals\cats\cats_00211.jpg,animals\cats\cats_00211.jpg,cats,0,train
D:\GitHub\Universidad\Inteligencia_Artificial\gatos_perros_pandas\animals\cats\cats_00888.jpg,animals\cats\cats_00888.jpg,cats,0,test
D:\GitHub\Universidad\Inteligencia_Artificial\gatos_perros_pandas\animals\panda\panda_00026.jpg,animals\panda\panda_00026.jpg,panda,2,train
D:\GitHub\Universidad\Inteligencia_Artificial\gatos_perros_pandas\animals\cats\cats_00622.jpg,animals\cats\cats_00622.jpg,cats,0,val
D:\GitHub\Universidad\Inteligencia_Artificial\gatos_perros_pandas\animals\cats\cats_00614.jpg,animals\cats\cats_00614.jpg,cats,0,val
D:\GitHub\Universidad\Inteligencia_Artificial\gatos_perros_pandas\animals\cats\cats_00170.jpg,animals\cats\cats_00170.jpg,cats,0,val
D:\GitHub\Universidad\Inteligencia_Artificial\gatos_perros_pandas\animals\cats\cats_00024.jpg,animals\cats\cats_00024.jpg,cats,0,train
D:\GitHub\Universidad\Inteligencia_Artificial\gatos_perros_pandas\animals\cats\cats_00306.jpg,animals\cats\cats_00306.jpg,cats,0,val
D:\GitHub\Universidad\Inteligencia_Artificial\gatos_perros_pandas\animals\panda\panda_00616.jpg,animals\panda\panda_00616.jpg,panda,2,train
D:\GitHub\Universidad\Inteligencia_Artificial\gatos_perros_pandas\animals\dogs\dogs_00057.jpg,animals\dogs\dogs_00057.jpg,dogs,1,train
D:\GitHub\Universidad\Inteligencia_Artificial\gatos_perros_pandas\animals\cats\cats_00982.jpg,animals\cats\cats_00982.jpg,cats,0,train
D:\GitHub\Universidad\Inteligencia_Artificial\gatos_perros_pandas\animals\panda\panda_00034.jpg,animals\panda\panda_00034.jpg,panda,2,val
D:\GitHub\Universidad\Inteligencia_Artificial\gatos_perros_pandas\animals\dogs\dogs_00844.jpg,animals\dogs\dogs_00844.jpg,dogs,1,train
D:\GitHub\Universidad\Inteligencia_Artificial\gatos_perros_pandas\animals\panda\panda_00766.jpg,animals\panda\panda_00766.jpg,panda,2,test
D:\GitHub\Universidad\Inteligencia_Artificial\gatos_perros_pandas\animals\cats\cats_00285.jpg,animals\cats\cats_00285.jpg,cats,0,test
D:\GitHub\Universidad\Inteligencia_Artificial\gatos_perros_pandas\animals\cats\cats_00937.jpg,animals\cats\cats_00937.jpg,cats,0,val
D:\GitHub\Universidad\Inteligencia_Artificial\gatos_perros_pandas\animals\panda\panda_00982.jpg,animals\panda\panda_00982.jpg,panda,2,train
D:\GitHub\Universidad\Inteligencia_Artificial\gatos_perros_pandas\animals\panda\panda_00312.jpg,animals\panda\panda_00312.jpg,panda,2,train
D:\GitHub\Universidad\Inteligencia_Artificial\gatos_perros_pandas\animals\cats\cats_00753.jpg,animals\cats\cats_00753.jpg,cats,0,train
D:\GitHub\Universidad\Inteligencia_Artificial\gatos_perros_pandas\animals\panda\panda_00860.jpg,animals\panda\panda_00860.jpg,panda,2,train
D:\GitHub\Universidad\Inteligencia_Artificial\gatos_perros_pandas\animals\cats\cats_00817.jpg,animals\cats\cats_00817.jpg,cats,0,train
D:\GitHub\Universidad\Inteligencia_Artificial\gatos_perros_pandas\animals\panda\panda_00884.jpg,animals\panda\panda_00884.jpg,panda,2,val
D:\GitHub\Universidad\Inteligencia_Artificial\gatos_perros_pandas\animals\panda\panda_00756.jpg,animals\panda\panda_00756.jpg,panda,2,val
D:\GitHub\Universidad\Inteligencia_Artificial\gatos_perros_pandas\animals\cats\cats_00834.jpg,animals\cats\cats_00834.jpg,cats,0,train
D:\GitHub\Universidad\Inteligencia_Artificial\gatos_perros_pandas\animals\panda\panda_00588.jpg,animals\panda\panda_00588.jpg,panda,2,val
D:\GitHub\Universidad\Inteligencia_Artificial\gatos_perros_pandas\animals\cats\cats_00019.jpg,animals\cats\cats_00019.jpg,cats,0,train
D:\GitHub\Universidad\Inteligencia_Artificial\gatos_perros_pandas\animals\panda\panda_00965.jpg,animals\panda\panda_00965.jpg,panda,2,train
D:\GitHub\Universidad\Inteligencia_Artificial\gatos_perros_pandas\animals\panda\panda_00987.jpg,animals\panda\panda_00987.jpg,panda,2,train
D:\GitHub\Universidad\Inteligencia_Artificial\gatos_perros_pandas\animals\cats\cats_00433.jpg,animals\cats\cats_00433.jpg,cats,0,test
D:\GitHub\Universidad\Inteligencia_Artificial\gatos_perros_pandas\animals\panda\panda_00920.jpg,animals\panda\panda_00920.jpg,panda,2,train
D:\GitHub\Universidad\Inteligencia_Artificial\gatos_perros_pandas\animals\dogs\dogs_00682.jpg,animals\dogs\dogs_00682.jpg,dogs,1,train
D:\GitHub\Universidad\Inteligencia_Artificial\gatos_perros_pandas\animals\panda\panda_00057.jpg,animals\panda\panda_00057.jpg,panda,2,train
D:\GitHub\Universidad\Inteligencia_Artificial\gatos_perros_pandas\animals\dogs\dogs_00993.jpg,animals\dogs\dogs_00993.jpg,dogs,1,train
D:\GitHub\Universidad\Inteligencia_Artificial\gatos_perros_pandas\animals\dogs\dogs_00451.jpg,animals\dogs\dogs_00451.jpg,dogs,1,val
D:\GitHub\Universidad\Inteligencia_Artificial\gatos_perros_pandas\animals\panda\panda_00760.jpg,animals\panda\panda_00760.jpg,panda,2,train
D:\GitHub\Universidad\Inteligencia_Artificial\gatos_perros_pandas\animals\cats\cats_00058.jpg,animals\cats\cats_00058.jpg,cats,0,test
D:\GitHub\Universidad\Inteligencia_Artificial\gatos_perros_pandas\animals\cats\cats_00751.jpg,animals\cats\cats_00751.jpg,cats,0,train
D:\GitHub\Universidad\Inteligencia_Artificial\gatos_perros_pandas\animals\cats\cats_00231.jpg,animals\cats\cats_00231.jpg,cats,0,val
D:\GitHub\Universidad\Inteligencia_Artificial\gatos_perros_pandas\animals\cats\cats_00230.jpg,animals\cats\cats_00230.jpg,cats,0,train
D:\GitHub\Universidad\Inteligencia_Artificial\gatos_perros_pandas\animals\cats\cats_00042.jpg,animals\cats\cats_00042.jpg,cats,0,train
D:\GitHub\Universidad\Inteligencia_Artificial\gatos_perros_pandas\animals\dogs\dogs_00092.jpg,animals\dogs\dogs_00092.jpg,dogs,1,train
D:\GitHub\Universidad\Inteligencia_Artificial\gatos_perros_pandas\animals\panda\panda_00730.jpg,animals\panda\panda_00730.jpg,panda,2,train
D:\GitHub\Universidad\Inteligencia_Artificial\gatos_perros_pandas\animals\dogs\dogs_00688.jpg,animals\dogs\dogs_00688.jpg,dogs,1,train
D:\GitHub\Universidad\Inteligencia_Artificial\gatos_perros_pandas\animals\cats\cats_00909.jpg,animals\cats\cats_00909.jpg,cats,0,val
D:\GitHub\Universidad\Inteligencia_Artificial\gatos_perros_pandas\animals\cats\cats_00283.jpg,animals\cats\cats_00283.jpg,cats,0,train
D:\GitHub\Universidad\Inteligencia_Artificial\gatos_perros_pandas\animals\cats\cats_00698.jpg,animals\cats\cats_00698.jpg,cats,0,train
D:\GitHub\Universidad\Inteligencia_Artificial\gatos_perros_pandas\animals\cats\cats_00481.jpg,animals\cats\cats_00481.jpg,cats,0,train
D:\GitHub\Universidad\Inteligencia_Artificial\gatos_perros_pandas\animals\panda\panda_00791.jpg,animals\panda\panda_00791.jpg,panda,2,test
D:\GitHub\Universidad\Inteligencia_Artificial\gatos_perros_pandas\animals\cats\cats_00942.jpg,animals\cats\cats_00942.jpg,cats,0,train
D:\GitHub\Universidad\Inteligencia_Artificial\gatos_perros_pandas\animals\dogs\dogs_00501.jpg,animals\dogs\dogs_00501.jpg,dogs,1,train
D:\GitHub\Universidad\Inteligencia_Artificial\gatos_perros_pandas\animals\panda\panda_00109.jpg,animals\panda\panda_00109.jpg,panda,2,train
D:\GitHub\Universidad\Inteligencia_Artificial\gatos_perros_pandas\animals\dogs\dogs_00229.jpg,animals\dogs\dogs_00229.jpg,dogs,1,train
D:\GitHub\Universidad\Inteligencia_Artificial\gatos_perros_pandas\animals\dogs\dogs_00444.jpg,animals\dogs\dogs_00444.jpg,dogs,1,train
D:\GitHub\Universidad\Inteligencia_Artificial\gatos_perros_pandas\animals\dogs\dogs_00790.jpg,animals\dogs\dogs_00790.jpg,dogs,1,train
D:\GitHub\Universidad\Inteligencia_Artificial\gatos_perros_pandas\animals\panda\panda_00819.jpg,animals\panda\panda_00819.jpg,panda,2,test
D:\GitHub\Universidad\Inteligencia_Artificial\gatos_perros_pandas\animals\panda\panda_00105.jpg,animals\panda\panda_00105.jpg,panda,2,train
D:\GitHub\Universidad\Inteligencia_Artificial\gatos_perros_pandas\animals\cats\cats_00094.jpg,animals\cats\cats_00094.jpg,cats,0,val
D:\GitHub\Universidad\Inteligencia_Artificial\gatos_perros_pandas\animals\panda\panda_00985.jpg,animals\panda\panda_00985.jpg,panda,2,train
D:\GitHub\Universidad\Inteligencia_Artificial\gatos_perros_pandas\animals\cats\cats_00986.jpg,animals\cats\cats_00986.jpg,cats,0,train
D:\GitHub\Universidad\Inteligencia_Artificial\gatos_perros_pandas\animals\panda\panda_00490.jpg,animals\panda\panda_00490.jpg,panda,2,train
D:\GitHub\Universidad\Inteligencia_Artificial\gatos_perros_pandas\animals\dogs\dogs_00763.jpg,animals\dogs\dogs_00763.jpg,dogs,1,val
D:\GitHub\Universidad\Inteligencia_Artificial\gatos_perros_pandas\animals\panda\panda_00368.jpg,animals\panda\panda_00368.jpg,panda,2,train
D:\GitHub\Universidad\Inteligencia_Artificial\gatos_perros_pandas\animals\panda\panda_00185.jpg,animals\panda\panda_00185.jpg,panda,2,val
D:\GitHub\Universidad\Inteligencia_Artificial\gatos_perros_pandas\animals\panda\panda_00488.jpg,animals\panda\panda_00488.jpg,panda,2,train
D:\GitHub\Universidad\Inteligencia_Artificial\gatos_perros_pandas\animals\dogs\dogs_00199.jpg,animals\dogs\dogs_00199.jpg,dogs,1,train
D:\GitHub\Universidad\Inteligencia_Artificial\gatos_perros_pandas\animals\panda\panda_00780.jpg,animals\panda\panda_00780.jpg,panda,2,train
D:\GitHub\Universidad\Inteligencia_Artificial\gatos_perros_pandas\animals\panda\panda_00936.jpg,animals\panda\panda_00936.jpg,panda,2,train
D:\GitHub\Universidad\Inteligencia_Artificial\gatos_perros_pandas\animals\panda\panda_00544.jpg,animals\panda\panda_00544.jpg,panda,2,train
D:\GitHub\Universidad\Inteligencia_Artificial\gatos_perros_pandas\animals\cats\cats_00387.jpg,animals\cats\cats_00387.jpg,cats,0,train
D:\GitHub\Universidad\Inteligencia_Artificial\gatos_perros_pandas\animals\dogs\dogs_00556.jpg,animals\dogs\dogs_00556.jpg,dogs,1,test
D:\GitHub\Universidad\Inteligencia_Artificial\gatos_perros_pandas\animals\cats\cats_00759.jpg,animals\cats\cats_00759.jpg,cats,0,test
D:\GitHub\Universidad\Inteligencia_Artificial\gatos_perros_pandas\animals\dogs\dogs_00125.jpg,animals\dogs\dogs_00125.jpg,dogs,1,val
D:\GitHub\Universidad\Inteligencia_Artificial\gatos_perros_pandas\animals\dogs\dogs_00894.jpg,animals\dogs\dogs_00894.jpg,dogs,1,train
D:\GitHub\Universidad\Inteligencia_Artificial\gatos_perros_pandas\animals\cats\cats_00101.jpg,animals\cats\cats_00101.jpg,cats,0,train
D:\GitHub\Universidad\Inteligencia_Artificial\gatos_perros_pandas\animals\panda\panda_00978.jpg,animals\panda\panda_00978.jpg,panda,2,test
D:\GitHub\Universidad\Inteligencia_Artificial\gatos_perros_pandas\animals\dogs\dogs_00154.jpg,animals\dogs\dogs_00154.jpg,dogs,1,train
D:\GitHub\Universidad\Inteligencia_Artificial\gatos_perros_pandas\animals\cats\cats_00523.jpg,animals\cats\cats_00523.jpg,cats,0,train
D:\GitHub\Universidad\Inteligencia_Artificial\gatos_perros_pandas\animals\dogs\dogs_00979.jpg,animals\dogs\dogs_00979.jpg,dogs,1,test
D:\GitHub\Universidad\Inteligencia_Artificial\gatos_perros_pandas\animals\cats\cats_00327.jpg,animals\cats\cats_00327.jpg,cats,0,train
D:\GitHub\Universidad\Inteligencia_Artificial\gatos_perros_pandas\animals\dogs\dogs_00326.jpg,animals\dogs\dogs_00326.jpg,dogs,1,val
D:\GitHub\Universidad\Inteligencia_Artificial\gatos_perros_pandas\animals\panda\panda_00831.jpg,animals\panda\panda_00831.jpg,panda,2,test
D:\GitHub\Universidad\Inteligencia_Artificial\gatos_perros_pandas\animals\cats\cats_00363.jpg,animals\cats\cats_00363.jpg,cats,0,val
D:\GitHub\Universidad\Inteligencia_Artificial\gatos_perros_pandas\animals\cats\cats_00922.jpg,animals\cats\cats_00922.jpg,cats,0,train
D:\GitHub\Universidad\Inteligencia_Artificial\gatos_perros_pandas\animals\cats\cats_00626.jpg,animals\cats\cats_00626.jpg,cats,0,train
D:\GitHub\Universidad\Inteligencia_Artificial\gatos_perros_pandas\animals\panda\panda_00041.jpg,animals\panda\panda_00041.jpg,panda,2,train
D:\GitHub\Universidad\Inteligencia_Artificial\gatos_perros_pandas\animals\cats\cats_00898.jpg,animals\cats\cats_00898.jpg,cats,0,train
D:\GitHub\Universidad\Inteligencia_Artificial\gatos_perros_pandas\animals\cats\cats_00265.jpg,animals\cats\cats_00265.jpg,cats,0,train
D:\GitHub\Universidad\Inteligencia_Artificial\gatos_perros_pandas\animals\dogs\dogs_00231.jpg,animals\dogs\dogs_00231.jpg,dogs,1,test
D:\GitHub\Universidad\Inteligencia_Artificial\gatos_perros_pandas\animals\panda\panda_00061.jpg,animals\panda\panda_00061.jpg,panda,2,train
D:\GitHub\Universidad\Inteligencia_Artificial\gatos_perros_pandas\animals\panda\panda_00144.jpg,animals\panda\panda_00144.jpg,panda,2,train
D:\GitHub\Universidad\Inteligencia_Artificial\gatos_perros_pandas\animals\panda\panda_00607.jpg,animals\panda\panda_00607.jpg,panda,2,train
D:\GitHub\Universidad\Inteligencia_Artificial\gatos_perros_pandas\animals\panda\panda_00143.jpg,animals\panda\panda_00143.jpg,panda,2,val
D:\GitHub\Universidad\Inteligencia_Artificial\gatos_perros_pandas\animals\cats\cats_00592.jpg,animals\cats\cats_00592.jpg,cats,0,test
D:\GitHub\Universidad\Inteligencia_Artificial\gatos_perros_pandas\animals\cats\cats_00398.jpg,animals\cats\cats_00398.jpg,cats,0,train
D:\GitHub\Universidad\Inteligencia_Artificial\gatos_perros_pandas\animals\panda\panda_00930.jpg,animals\panda\panda_00930.jpg,panda,2,val
D:\GitHub\Universidad\Inteligencia_Artificial\gatos_perros_pandas\animals\panda\panda_00599.jpg,animals\panda\panda_00599.jpg,panda,2,train
D:\GitHub\Universidad\Inteligencia_Artificial\gatos_perros_pandas\animals\dogs\dogs_00660.jpg,animals\dogs\dogs_00660.jpg,dogs,1,train
D:\GitHub\Universidad\Inteligencia_Artificial\gatos_perros_pandas\animals\dogs\dogs_00573.jpg,animals\dogs\dogs_00573.jpg,dogs,1,train
D:\GitHub\Universidad\Inteligencia_Artificial\gatos_perros_pandas\animals\panda\panda_00502.jpg,animals\panda\panda_00502.jpg,panda,2,train
D:\GitHub\Universidad\Inteligencia_Artificial\gatos_perros_pandas\animals\panda\panda_00222.jpg,animals\panda\panda_00222.jpg,panda,2,train
D:\GitHub\Universidad\Inteligencia_Artificial\gatos_perros_pandas\animals\panda\panda_00676.jpg,animals\panda\panda_00676.jpg,panda,2,train
D:\GitHub\Universidad\Inteligencia_Artificial\gatos_perros_pandas\animals\dogs\dogs_00175.jpg,animals\dogs\dogs_00175.jpg,dogs,1,train
D:\GitHub\Universidad\Inteligencia_Artificial\gatos_perros_pandas\animals\cats\cats_00080.jpg,animals\cats\cats_00080.jpg,cats,0,train
D:\GitHub\Universidad\Inteligencia_Artificial\gatos_perros_pandas\animals\cats\cats_00750.jpg,animals\cats\cats_00750.jpg,cats,0,val
D:\GitHub\Universidad\Inteligencia_Artificial\gatos_perros_pandas\animals\dogs\dogs_00188.jpg,animals\dogs\dogs_00188.jpg,dogs,1,train
D:\GitHub\Universidad\Inteligencia_Artificial\gatos_perros_pandas\animals\panda\panda_00796.jpg,animals\panda\panda_00796.jpg,panda,2,train
D:\GitHub\Universidad\Inteligencia_Artificial\gatos_perros_pandas\animals\cats\cats_00315.jpg,animals\cats\cats_00315.jpg,cats,0,val
D:\GitHub\Universidad\Inteligencia_Artificial\gatos_perros_pandas\animals\panda\panda_00373.jpg,animals\panda\panda_00373.jpg,panda,2,val
D:\GitHub\Universidad\Inteligencia_Artificial\gatos_perros_pandas\animals\panda\panda_00071.jpg,animals\panda\panda_00071.jpg,panda,2,train
D:\GitHub\Universidad\Inteligencia_Artificial\gatos_perros_pandas\animals\cats\cats_00410.jpg,animals\cats\cats_00410.jpg,cats,0,train
D:\GitHub\Universidad\Inteligencia_Artificial\gatos_perros_pandas\animals\panda\panda_00794.jpg,animals\panda\panda_00794.jpg,panda,2,train
D:\GitHub\Universidad\Inteligencia_Artificial\gatos_perros_pandas\animals\dogs\dogs_00771.jpg,animals\dogs\dogs_00771.jpg,dogs,1,train
D:\GitHub\Universidad\Inteligencia_Artificial\gatos_perros_pandas\animals\cats\cats_00700.jpg,animals\cats\cats_00700.jpg,cats,0,test
D:\GitHub\Universidad\Inteligencia_Artificial\gatos_perros_pandas\animals\cats\cats_00895.jpg,animals\cats\cats_00895.jpg,cats,0,val
D:\GitHub\Universidad\Inteligencia_Artificial\gatos_perros_pandas\animals\cats\cats_00299.jpg,animals\cats\cats_00299.jpg,cats,0,train
D:\GitHub\Universidad\Inteligencia_Artificial\gatos_perros_pandas\animals\panda\panda_00140.jpg,animals\panda\panda_00140.jpg,panda,2,train
D:\GitHub\Universidad\Inteligencia_Artificial\gatos_perros_pandas\animals\panda\panda_00643.jpg,animals\panda\panda_00643.jpg,panda,2,train
D:\GitHub\Universidad\Inteligencia_Artificial\gatos_perros_pandas\animals\cats\cats_00478.jpg,animals\cats\cats_00478.jpg,cats,0,train
D:\GitHub\Universidad\Inteligencia_Artificial\gatos_perros_pandas\animals\panda\panda_00360.jpg,animals\panda\panda_00360.jpg,panda,2,val
D:\GitHub\Universidad\Inteligencia_Artificial\gatos_perros_pandas\animals\cats\cats_00184.jpg,animals\cats\cats_00184.jpg,cats,0,train
D:\GitHub\Universidad\Inteligencia_Artificial\gatos_perros_pandas\animals\cats\cats_00286.jpg,animals\cats\cats_00286.jpg,cats,0,val
D:\GitHub\Universidad\Inteligencia_Artificial\gatos_perros_pandas\animals\panda\panda_00589.jpg,animals\panda\panda_00589.jpg,panda,2,test
D:\GitHub\Universidad\Inteligencia_Artificial\gatos_perros_pandas\animals\dogs\dogs_00044.jpg,animals\dogs\dogs_00044.jpg,dogs,1,train
D:\GitHub\Universidad\Inteligencia_Artificial\gatos_perros_pandas\animals\cats\cats_00313.jpg,animals\cats\cats_00313.jpg,cats,0,train
D:\GitHub\Universidad\Inteligencia_Artificial\gatos_perros_pandas\animals\cats\cats_00545.jpg,animals\cats\cats_00545.jpg,cats,0,train
D:\GitHub\Universidad\Inteligencia_Artificial\gatos_perros_pandas\animals\panda\panda_00153.jpg,animals\panda\panda_00153.jpg,panda,2,train
D:\GitHub\Universidad\Inteligencia_Artificial\gatos_perros_pandas\animals\cats\cats_00468.jpg,animals\cats\cats_00468.jpg,cats,0,train
D:\GitHub\Universidad\Inteligencia_Artificial\gatos_perros_pandas\animals\panda\panda_00225.jpg,animals\panda\panda_00225.jpg,panda,2,train
D:\GitHub\Universidad\Inteligencia_Artificial\gatos_perros_pandas\animals\cats\cats_00255.jpg,animals\cats\cats_00255.jpg,cats,0,train
D:\GitHub\Universidad\Inteligencia_Artificial\gatos_perros_pandas\animals\dogs\dogs_00892.jpg,animals\dogs\dogs_00892.jpg,dogs,1,train
D:\GitHub\Universidad\Inteligencia_Artificial\gatos_perros_pandas\animals\dogs\dogs_00024.jpg,animals\dogs\dogs_00024.jpg,dogs,1,train
D:\GitHub\Universidad\Inteligencia_Artificial\gatos_perros_pandas\animals\panda\panda_00241.jpg,animals\panda\panda_00241.jpg,panda,2,train
D:\GitHub\Universidad\Inteligencia_Artificial\gatos_perros_pandas\animals\panda\panda_00046.jpg,animals\panda\panda_00046.jpg,panda,2,test
D:\GitHub\Universidad\Inteligencia_Artificial\gatos_perros_pandas\animals\panda\panda_00228.jpg,animals\panda\panda_00228.jpg,panda,2,train
D:\GitHub\Universidad\Inteligencia_Artificial\gatos_perros_pandas\animals\panda\panda_00786.jpg,animals\panda\panda_00786.jpg,panda,2,train
D:\GitHub\Universidad\Inteligencia_Artificial\gatos_perros_pandas\animals\panda\panda_00237.jpg,animals\panda\panda_00237.jpg,panda,2,train
D:\GitHub\Universidad\Inteligencia_Artificial\gatos_perros_pandas\animals\cats\cats_00287.jpg,animals\cats\cats_00287.jpg,cats,0,train
D:\GitHub\Universidad\Inteligencia_Artificial\gatos_perros_pandas\animals\cats\cats_00466.jpg,animals\cats\cats_00466.jpg,cats,0,train
D:\GitHub\Universidad\Inteligencia_Artificial\gatos_perros_pandas\animals\cats\cats_00591.jpg,animals\cats\cats_00591.jpg,cats,0,val
D:\GitHub\Universidad\Inteligencia_Artificial\gatos_perros_pandas\animals\cats\cats_00997.jpg,animals\cats\cats_00997.jpg,cats,0,train
D:\GitHub\Universidad\Inteligencia_Artificial\gatos_perros_pandas\animals\cats\cats_00741.jpg,animals\cats\cats_00741.jpg,cats,0,train
D:\GitHub\Universidad\Inteligencia_Artificial\gatos_perros_pandas\animals\dogs\dogs_00179.jpg,animals\dogs\dogs_00179.jpg,dogs,1,train
D:\GitHub\Universidad\Inteligencia_Artificial\gatos_perros_pandas\animals\cats\cats_00913.jpg,animals\cats\cats_00913.jpg,cats,0,train
D:\GitHub\Universidad\Inteligencia_Artificial\gatos_perros_pandas\animals\cats\cats_00902.jpg,animals\cats\cats_00902.jpg,cats,0,train
D:\GitHub\Universidad\Inteligencia_Artificial\gatos_perros_pandas\animals\panda\panda_00923.jpg,animals\panda\panda_00923.jpg,panda,2,train
D:\GitHub\Universidad\Inteligencia_Artificial\gatos_perros_pandas\animals\cats\cats_00232.jpg,animals\cats\cats_00232.jpg,cats,0,train
D:\GitHub\Universidad\Inteligencia_Artificial\gatos_perros_pandas\animals\dogs\dogs_00807.jpg,animals\dogs\dogs_00807.jpg,dogs,1,test
D:\GitHub\Universidad\Inteligencia_Artificial\gatos_perros_pandas\animals\dogs\dogs_00053.jpg,animals\dogs\dogs_00053.jpg,dogs,1,test
D:\GitHub\Universidad\Inteligencia_Artificial\gatos_perros_pandas\animals\cats\cats_00904.jpg,animals\cats\cats_00904.jpg,cats,0,train
D:\GitHub\Universidad\Inteligencia_Artificial\gatos_perros_pandas\animals\dogs\dogs_00629.jpg,animals\dogs\dogs_00629.jpg,dogs,1,train
D:\GitHub\Universidad\Inteligencia_Artificial\gatos_perros_pandas\animals\dogs\dogs_00847.jpg,animals\dogs\dogs_00847.jpg,dogs,1,test
D:\GitHub\Universidad\Inteligencia_Artificial\gatos_perros_pandas\animals\dogs\dogs_00027.jpg,animals\dogs\dogs_00027.jpg,dogs,1,test
D:\GitHub\Universidad\Inteligencia_Artificial\gatos_perros_pandas\animals\panda\panda_00870.jpg,animals\panda\panda_00870.jpg,panda,2,val
D:\GitHub\Universidad\Inteligencia_Artificial\gatos_perros_pandas\animals\cats\cats_00213.jpg,animals\cats\cats_00213.jpg,cats,0,train
D:\GitHub\Universidad\Inteligencia_Artificial\gatos_perros_pandas\animals\panda\panda_00551.jpg,animals\panda\panda_00551.jpg,panda,2,train
D:\GitHub\Universidad\Inteligencia_Artificial\gatos_perros_pandas\animals\dogs\dogs_00842.jpg,animals\dogs\dogs_00842.jpg,dogs,1,test
D:\GitHub\Universidad\Inteligencia_Artificial\gatos_perros_pandas\animals\dogs\dogs_00505.jpg,animals\dogs\dogs_00505.jpg,dogs,1,train
D:\GitHub\Universidad\Inteligencia_Artificial\gatos_perros_pandas\animals\dogs\dogs_00639.jpg,animals\dogs\dogs_00639.jpg,dogs,1,val
D:\GitHub\Universidad\Inteligencia_Artificial\gatos_perros_pandas\animals\cats\cats_00737.jpg,animals\cats\cats_00737.jpg,cats,0,val
D:\GitHub\Universidad\Inteligencia_Artificial\gatos_perros_pandas\animals\panda\panda_00698.jpg,animals\panda\panda_00698.jpg,panda,2,train
D:\GitHub\Universidad\Inteligencia_Artificial\gatos_perros_pandas\animals\dogs\dogs_00174.jpg,animals\dogs\dogs_00174.jpg,dogs,1,train
D:\GitHub\Universidad\Inteligencia_Artificial\gatos_perros_pandas\animals\cats\cats_00923.jpg,animals\cats\cats_00923.jpg,cats,0,train
D:\GitHub\Universidad\Inteligencia_Artificial\gatos_perros_pandas\animals\dogs\dogs_00267.jpg,animals\dogs\dogs_00267.jpg,dogs,1,train
D:\GitHub\Universidad\Inteligencia_Artificial\gatos_perros_pandas\animals\dogs\dogs_00508.jpg,animals\dogs\dogs_00508.jpg,dogs,1,test
D:\GitHub\Universidad\Inteligencia_Artificial\gatos_perros_pandas\animals\cats\cats_00796.jpg,animals\cats\cats_00796.jpg,cats,0,train
D:\GitHub\Universidad\Inteligencia_Artificial\gatos_perros_pandas\animals\cats\cats_00952.jpg,animals\cats\cats_00952.jpg,cats,0,train
D:\GitHub\Universidad\Inteligencia_Artificial\gatos_perros_pandas\animals\dogs\dogs_00031.jpg,animals\dogs\dogs_00031.jpg,dogs,1,train
D:\GitHub\Universidad\Inteligencia_Artificial\gatos_perros_pandas\animals\dogs\dogs_00958.jpg,animals\dogs\dogs_00958.jpg,dogs,1,train
D:\GitHub\Universidad\Inteligencia_Artificial\gatos_perros_pandas\animals\cats\cats_00610.jpg,animals\cats\cats_00610.jpg,cats,0,train
D:\GitHub\Universidad\Inteligencia_Artificial\gatos_perros_pandas\animals\cats\cats_00246.jpg,animals\cats\cats_00246.jpg,cats,0,val
D:\GitHub\Universidad\Inteligencia_Artificial\gatos_perros_pandas\animals\panda\panda_00823.jpg,animals\panda\panda_00823.jpg,panda,2,val
D:\GitHub\Universidad\Inteligencia_Artificial\gatos_perros_pandas\animals\dogs\dogs_00754.jpg,animals\dogs\dogs_00754.jpg,dogs,1,train
D:\GitHub\Universidad\Inteligencia_Artificial\gatos_perros_pandas\animals\dogs\dogs_00803.jpg,animals\dogs\dogs_00803.jpg,dogs,1,train
D:\GitHub\Universidad\Inteligencia_Artificial\gatos_perros_pandas\animals\dogs\dogs_00606.jpg,animals\dogs\dogs_00606.jpg,dogs,1,train
D:\GitHub\Universidad\Inteligencia_Artificial\gatos_perros_pandas\animals\cats\cats_00267.jpg,animals\cats\cats_00267.jpg,cats,0,train
D:\GitHub\Universidad\Inteligencia_Artificial\gatos_perros_pandas\animals\cats\cats_00968.jpg,animals\cats\cats_00968.jpg,cats,0,val
D:\GitHub\Universidad\Inteligencia_Artificial\gatos_perros_pandas\animals\dogs\dogs_00078.jpg,animals\dogs\dogs_00078.jpg,dogs,1,train
D:\GitHub\Universidad\Inteligencia_Artificial\gatos_perros_pandas\animals\dogs\dogs_00362.jpg,animals\dogs\dogs_00362.jpg,dogs,1,train
D:\GitHub\Universidad\Inteligencia_Artificial\gatos_perros_pandas\animals\panda\panda_00376.jpg,animals\panda\panda_00376.jpg,panda,2,val
D:\GitHub\Universidad\Inteligencia_Artificial\gatos_perros_pandas\animals\panda\panda_00300.jpg,animals\panda\panda_00300.jpg,panda,2,train
D:\GitHub\Universidad\Inteligencia_Artificial\gatos_perros_pandas\animals\dogs\dogs_00885.jpg,animals\dogs\dogs_00885.jpg,dogs,1,train
D:\GitHub\Universidad\Inteligencia_Artificial\gatos_perros_pandas\animals\dogs\dogs_00925.jpg,animals\dogs\dogs_00925.jpg,dogs,1,train
D:\GitHub\Universidad\Inteligencia_Artificial\gatos_perros_pandas\animals\panda\panda_00211.jpg,animals\panda\panda_00211.jpg,panda,2,train
D:\GitHub\Universidad\Inteligencia_Artificial\gatos_perros_pandas\animals\cats\cats_00159.jpg,animals\cats\cats_00159.jpg,cats,0,train
D:\GitHub\Universidad\Inteligencia_Artificial\gatos_perros_pandas\animals\dogs\dogs_00592.jpg,animals\dogs\dogs_00592.jpg,dogs,1,train
D:\GitHub\Universidad\Inteligencia_Artificial\gatos_perros_pandas\animals\cats\cats_00026.jpg,animals\cats\cats_00026.jpg,cats,0,test
D:\GitHub\Universidad\Inteligencia_Artificial\gatos_perros_pandas\animals\dogs\dogs_00828.jpg,animals\dogs\dogs_00828.jpg,dogs,1,train
D:\GitHub\Universidad\Inteligencia_Artificial\gatos_perros_pandas\animals\dogs\dogs_00703.jpg,animals\dogs\dogs_00703.jpg,dogs,1,train
D:\GitHub\Universidad\Inteligencia_Artificial\gatos_perros_pandas\animals\cats\cats_00624.jpg,animals\cats\cats_00624.jpg,cats,0,test
D:\GitHub\Universidad\Inteligencia_Artificial\gatos_perros_pandas\animals\dogs\dogs_00959.jpg,animals\dogs\dogs_00959.jpg,dogs,1,train
D:\GitHub\Universidad\Inteligencia_Artificial\gatos_perros_pandas\animals\cats\cats_00814.jpg,animals\cats\cats_00814.jpg,cats,0,train
D:\GitHub\Universidad\Inteligencia_Artificial\gatos_perros_pandas\animals\cats\cats_00486.jpg,animals\cats\cats_00486.jpg,cats,0,train
D:\GitHub\Universidad\Inteligencia_Artificial\gatos_perros_pandas\animals\cats\cats_00726.jpg,animals\cats\cats_00726.jpg,cats,0,train
D:\GitHub\Universidad\Inteligencia_Artificial\gatos_perros_pandas\animals\panda\panda_00263.jpg,animals\panda\panda_00263.jpg,panda,2,test
D:\GitHub\Universidad\Inteligencia_Artificial\gatos_perros_pandas\animals\panda\panda_00977.jpg,animals\panda\panda_00977.jpg,panda,2,train
D:\GitHub\Universidad\Inteligencia_Artificial\gatos_perros_pandas\animals\cats\cats_00976.jpg,animals\cats\cats_00976.jpg,cats,0,train
D:\GitHub\Universidad\Inteligencia_Artificial\gatos_perros_pandas\animals\dogs\dogs_00977.jpg,animals\dogs\dogs_00977.jpg,dogs,1,train
D:\GitHub\Universidad\Inteligencia_Artificial\gatos_perros_pandas\animals\cats\cats_00657.jpg,animals\cats\cats_00657.jpg,cats,0,val
D:\GitHub\Universidad\Inteligencia_Artificial\gatos_perros_pandas\animals\panda\panda_00835.jpg,animals\panda\panda_00835.jpg,panda,2,test
D:\GitHub\Universidad\Inteligencia_Artificial\gatos_perros_pandas\animals\panda\panda_00469.jpg,animals\panda\panda_00469.jpg,panda,2,test
D:\GitHub\Universidad\Inteligencia_Artificial\gatos_perros_pandas\animals\panda\panda_00009.jpg,animals\panda\panda_00009.jpg,panda,2,train
D:\GitHub\Universidad\Inteligencia_Artificial\gatos_perros_pandas\animals\cats\cats_00312.jpg,animals\cats\cats_00312.jpg,cats,0,train
D:\GitHub\Universidad\Inteligencia_Artificial\gatos_perros_pandas\animals\cats\cats_00845.jpg,animals\cats\cats_00845.jpg,cats,0,val
D:\GitHub\Universidad\Inteligencia_Artificial\gatos_perros_pandas\animals\dogs\dogs_00926.jpg,animals\dogs\dogs_00926.jpg,dogs,1,val
D:\GitHub\Universidad\Inteligencia_Artificial\gatos_perros_pandas\animals\panda\panda_00788.jpg,animals\panda\panda_00788.jpg,panda,2,train
D:\GitHub\Universidad\Inteligencia_Artificial\gatos_perros_pandas\animals\dogs\dogs_00279.jpg,animals\dogs\dogs_00279.jpg,dogs,1,test
D:\GitHub\Universidad\Inteligencia_Artificial\gatos_perros_pandas\animals\panda\panda_00529.jpg,animals\panda\panda_00529.jpg,panda,2,train
D:\GitHub\Universidad\Inteligencia_Artificial\gatos_perros_pandas\animals\dogs\dogs_00766.jpg,animals\dogs\dogs_00766.jpg,dogs,1,train
D:\GitHub\Universidad\Inteligencia_Artificial\gatos_perros_pandas\animals\panda\panda_00004.jpg,animals\panda\panda_00004.jpg,panda,2,train
D:\GitHub\Universidad\Inteligencia_Artificial\gatos_perros_pandas\animals\dogs\dogs_00665.jpg,animals\dogs\dogs_00665.jpg,dogs,1,train
D:\GitHub\Universidad\Inteligencia_Artificial\gatos_perros_pandas\animals\dogs\dogs_00256.jpg,animals\dogs\dogs_00256.jpg,dogs,1,train
D:\GitHub\Universidad\Inteligencia_Artificial\gatos_perros_pandas\animals\panda\panda_00331.jpg,animals\panda\panda_00331.jpg,panda,2,train
D:\GitHub\Universidad\Inteligencia_Artificial\gatos_perros_pandas\animals\cats\cats_00467.jpg,animals\cats\cats_00467.jpg,cats,0,train
D:\GitHub\Universidad\Inteligencia_Artificial\gatos_perros_pandas\animals\panda\panda_00171.jpg,animals\panda\panda_00171.jpg,panda,2,val
D:\GitHub\Universidad\Inteligencia_Artificial\gatos_perros_pandas\animals\cats\cats_00219.jpg,animals\cats\cats_00219.jpg,cats,0,train
D:\GitHub\Universidad\Inteligencia_Artificial\gatos_perros_pandas\animals\dogs\dogs_00245.jpg,animals\dogs\dogs_00245.jpg,dogs,1,val
D:\GitHub\Universidad\Inteligencia_Artificial\gatos_perros_pandas\animals\panda\panda_00801.jpg,animals\panda\panda_00801.jpg,panda,2,train
D:\GitHub\Universidad\Inteligencia_Artificial\gatos_perros_pandas\animals\dogs\dogs_00225.jpg,animals\dogs\dogs_00225.jpg,dogs,1,train
D:\GitHub\Universidad\Inteligencia_Artificial\gatos_perros_pandas\animals\dogs\dogs_00038.jpg,animals\dogs\dogs_00038.jpg,dogs,1,test
D:\GitHub\Universidad\Inteligencia_Artificial\gatos_perros_pandas\animals\cats\cats_00125.jpg,animals\cats\cats_00125.jpg,cats,0,train
D:\GitHub\Universidad\Inteligencia_Artificial\gatos_perros_pandas\animals\dogs\dogs_00640.jpg,animals\dogs\dogs_00640.jpg,dogs,1,train
D:\GitHub\Universidad\Inteligencia_Artificial\gatos_perros_pandas\animals\cats\cats_00479.jpg,animals\cats\cats_00479.jpg,cats,0,train
D:\GitHub\Universidad\Inteligencia_Artificial\gatos_perros_pandas\animals\cats\cats_00628.jpg,animals\cats\cats_00628.jpg,cats,0,train
D:\GitHub\Universidad\Inteligencia_Artificial\gatos_perros_pandas\animals\panda\panda_00142.jpg,animals\panda\panda_00142.jpg,panda,2,train
D:\GitHub\Universidad\Inteligencia_Artificial\gatos_perros_pandas\animals\cats\cats_00857.jpg,animals\cats\cats_00857.jpg,cats,0,train
D:\GitHub\Universidad\Inteligencia_Artificial\gatos_perros_pandas\animals\panda\panda_00290.jpg,animals\panda\panda_00290.jpg,panda,2,train
D:\GitHub\Universidad\Inteligencia_Artificial\gatos_perros_pandas\animals\dogs\dogs_00091.jpg,animals\dogs\dogs_00091.jpg,dogs,1,test
D:\GitHub\Universidad\Inteligencia_Artificial\gatos_perros_pandas\animals\panda\panda_00807.jpg,animals\panda\panda_00807.jpg,panda,2,train
D:\GitHub\Universidad\Inteligencia_Artificial\gatos_perros_pandas\animals\cats\cats_00508.jpg,animals\cats\cats_00508.jpg,cats,0,train
D:\GitHub\Universidad\Inteligencia_Artificial\gatos_perros_pandas\animals\cats\cats_00239.jpg,animals\cats\cats_00239.jpg,cats,0,test
D:\GitHub\Universidad\Inteligencia_Artificial\gatos_perros_pandas\animals\dogs\dogs_00433.jpg,animals\dogs\dogs_00433.jpg,dogs,1,train
D:\GitHub\Universidad\Inteligencia_Artificial\gatos_perros_pandas\animals\cats\cats_00057.jpg,animals\cats\cats_00057.jpg,cats,0,train
D:\GitHub\Universidad\Inteligencia_Artificial\gatos_perros_pandas\animals\dogs\dogs_00118.jpg,animals\dogs\dogs_00118.jpg,dogs,1,test
D:\GitHub\Universidad\Inteligencia_Artificial\gatos_perros_pandas\animals\dogs\dogs_00512.jpg,animals\dogs\dogs_00512.jpg,dogs,1,train
D:\GitHub\Universidad\Inteligencia_Artificial\gatos_perros_pandas\animals\dogs\dogs_00315.jpg,animals\dogs\dogs_00315.jpg,dogs,1,test
D:\GitHub\Universidad\Inteligencia_Artificial\gatos_perros_pandas\animals\cats\cats_00820.jpg,animals\cats\cats_00820.jpg,cats,0,train
D:\GitHub\Universidad\Inteligencia_Artificial\gatos_perros_pandas\animals\cats\cats_00328.jpg,animals\cats\cats_00328.jpg,cats,0,train
D:\GitHub\Universidad\Inteligencia_Artificial\gatos_perros_pandas\animals\cats\cats_00892.jpg,animals\cats\cats_00892.jpg,cats,0,train
D:\GitHub\Universidad\Inteligencia_Artificial\gatos_perros_pandas\animals\panda\panda_00399.jpg,animals\panda\panda_00399.jpg,panda,2,train
D:\GitHub\Universidad\Inteligencia_Artificial\gatos_perros_pandas\animals\cats\cats_00658.jpg,animals\cats\cats_00658.jpg,cats,0,train
D:\GitHub\Universidad\Inteligencia_Artificial\gatos_perros_pandas\animals\cats\cats_00521.jpg,animals\cats\cats_00521.jpg,cats,0,train
D:\GitHub\Universidad\Inteligencia_Artificial\gatos_perros_pandas\animals\panda\panda_00800.jpg,animals\panda\panda_00800.jpg,panda,2,test
D:\GitHub\Universidad\Inteligencia_Artificial\gatos_perros_pandas\animals\dogs\dogs_00202.jpg,animals\dogs\dogs_00202.jpg,dogs,1,train
D:\GitHub\Universidad\Inteligencia_Artificial\gatos_perros_pandas\animals\dogs\dogs_00875.jpg,animals\dogs\dogs_00875.jpg,dogs,1,val
D:\GitHub\Universidad\Inteligencia_Artificial\gatos_perros_pandas\animals\panda\panda_00511.jpg,animals\panda\panda_00511.jpg,panda,2,train
D:\GitHub\Universidad\Inteligencia_Artificial\gatos_perros_pandas\animals\panda\panda_00486.jpg,animals\panda\panda_00486.jpg,panda,2,train
D:\GitHub\Universidad\Inteligencia_Artificial\gatos_perros_pandas\animals\cats\cats_00121.jpg,animals\cats\cats_00121.jpg,cats,0,train
D:\GitHub\Universidad\Inteligencia_Artificial\gatos_perros_pandas\animals\dogs\dogs_00529.jpg,animals\dogs\dogs_00529.jpg,dogs,1,train
D:\GitHub\Universidad\Inteligencia_Artificial\gatos_perros_pandas\animals\cats\cats_00181.jpg,animals\cats\cats_00181.jpg,cats,0,train
D:\GitHub\Universidad\Inteligencia_Artificial\gatos_perros_pandas\animals\dogs\dogs_00524.jpg,animals\dogs\dogs_00524.jpg,dogs,1,train
D:\GitHub\Universidad\Inteligencia_Artificial\gatos_perros_pandas\animals\dogs\dogs_00690.jpg,animals\dogs\dogs_00690.jpg,dogs,1,train
D:\GitHub\Universidad\Inteligencia_Artificial\gatos_perros_pandas\animals\cats\cats_00729.jpg,animals\cats\cats_00729.jpg,cats,0,val
D:\GitHub\Universidad\Inteligencia_Artificial\gatos_perros_pandas\animals\dogs\dogs_00205.jpg,animals\dogs\dogs_00205.jpg,dogs,1,train
D:\GitHub\Universidad\Inteligencia_Artificial\gatos_perros_pandas\animals\dogs\dogs_00903.jpg,animals\dogs\dogs_00903.jpg,dogs,1,train
D:\GitHub\Universidad\Inteligencia_Artificial\gatos_perros_pandas\animals\cats\cats_00764.jpg,animals\cats\cats_00764.jpg,cats,0,train
D:\GitHub\Universidad\Inteligencia_Artificial\gatos_perros_pandas\animals\dogs\dogs_00868.jpg,animals\dogs\dogs_00868.jpg,dogs,1,train
D:\GitHub\Universidad\Inteligencia_Artificial\gatos_perros_pandas\animals\dogs\dogs_00956.jpg,animals\dogs\dogs_00956.jpg,dogs,1,test
D:\GitHub\Universidad\Inteligencia_Artificial\gatos_perros_pandas\animals\panda\panda_00097.jpg,animals\panda\panda_00097.jpg,panda,2,train
D:\GitHub\Universidad\Inteligencia_Artificial\gatos_perros_pandas\animals\dogs\dogs_00431.jpg,animals\dogs\dogs_00431.jpg,dogs,1,train
D:\GitHub\Universidad\Inteligencia_Artificial\gatos_perros_pandas\animals\panda\panda_00356.jpg,animals\panda\panda_00356.jpg,panda,2,val
D:\GitHub\Universidad\Inteligencia_Artificial\gatos_perros_pandas\animals\dogs\dogs_00725.jpg,animals\dogs\dogs_00725.jpg,dogs,1,train
D:\GitHub\Universidad\Inteligencia_Artificial\gatos_perros_pandas\animals\panda\panda_00123.jpg,animals\panda\panda_00123.jpg,panda,2,train
D:\GitHub\Universidad\Inteligencia_Artificial\gatos_perros_pandas\animals\dogs\dogs_00542.jpg,animals\dogs\dogs_00542.jpg,dogs,1,train
D:\GitHub\Universidad\Inteligencia_Artificial\gatos_perros_pandas\animals\cats\cats_00646.jpg,animals\cats\cats_00646.jpg,cats,0,train
D:\GitHub\Universidad\Inteligencia_Artificial\gatos_perros_pandas\animals\cats\cats_00944.jpg,animals\cats\cats_00944.jpg,cats,0,train
D:\GitHub\Universidad\Inteligencia_Artificial\gatos_perros_pandas\animals\panda\panda_00178.jpg,animals\panda\panda_00178.jpg,panda,2,train
D:\GitHub\Universidad\Inteligencia_Artificial\gatos_perros_pandas\animals\dogs\dogs_00500.jpg,animals\dogs\dogs_00500.jpg,dogs,1,val
D:\GitHub\Universidad\Inteligencia_Artificial\gatos_perros_pandas\animals\dogs\dogs_00649.jpg,animals\dogs\dogs_00649.jpg,dogs,1,val
D:\GitHub\Universidad\Inteligencia_Artificial\gatos_perros_pandas\animals\dogs\dogs_00782.jpg,animals\dogs\dogs_00782.jpg,dogs,1,test
D:\GitHub\Universidad\Inteligencia_Artificial\gatos_perros_pandas\animals\cats\cats_00647.jpg,animals\cats\cats_00647.jpg,cats,0,val
D:\GitHub\Universidad\Inteligencia_Artificial\gatos_perros_pandas\animals\panda\panda_00062.jpg,animals\panda\panda_00062.jpg,panda,2,train
D:\GitHub\Universidad\Inteligencia_Artificial\gatos_perros_pandas\animals\dogs\dogs_00796.jpg,animals\dogs\dogs_00796.jpg,dogs,1,train
D:\GitHub\Universidad\Inteligencia_Artificial\gatos_perros_pandas\animals\panda\panda_00169.jpg,animals\panda\panda_00169.jpg,panda,2,train
D:\GitHub\Universidad\Inteligencia_Artificial\gatos_perros_pandas\animals\dogs\dogs_00099.jpg,animals\dogs\dogs_00099.jpg,dogs,1,train
D:\GitHub\Universidad\Inteligencia_Artificial\gatos_perros_pandas\animals\cats\cats_00674.jpg,animals\cats\cats_00674.jpg,cats,0,train
D:\GitHub\Universidad\Inteligencia_Artificial\gatos_perros_pandas\animals\dogs\dogs_00506.jpg,animals\dogs\dogs_00506.jpg,dogs,1,test
D:\GitHub\Universidad\Inteligencia_Artificial\gatos_perros_pandas\animals\dogs\dogs_00794.jpg,animals\dogs\dogs_00794.jpg,dogs,1,train
D:\GitHub\Universidad\Inteligencia_Artificial\gatos_perros_pandas\animals\cats\cats_00375.jpg,animals\cats\cats_00375.jpg,cats,0,train
D:\GitHub\Universidad\Inteligencia_Artificial\gatos_perros_pandas\animals\dogs\dogs_00230.jpg,animals\dogs\dogs_00230.jpg,dogs,1,train
D:\GitHub\Universidad\Inteligencia_Artificial\gatos_perros_pandas\animals\dogs\dogs_00323.jpg,animals\dogs\dogs_00323.jpg,dogs,1,test
D:\GitHub\Universidad\Inteligencia_Artificial\gatos_perros_pandas\animals\panda\panda_00973.jpg,animals\panda\panda_00973.jpg,panda,2,train
D:\GitHub\Universidad\Inteligencia_Artificial\gatos_perros_pandas\animals\panda\panda_00079.jpg,animals\panda\panda_00079.jpg,panda,2,val
D:\GitHub\Universidad\Inteligencia_Artificial\gatos_perros_pandas\animals\dogs\dogs_00070.jpg,animals\dogs\dogs_00070.jpg,dogs,1,train
D:\GitHub\Universidad\Inteligencia_Artificial\gatos_perros_pandas\animals\panda\panda_00604.jpg,animals\panda\panda_00604.jpg,panda,2,train
D:\GitHub\Universidad\Inteligencia_Artificial\gatos_perros_pandas\animals\panda\panda_00165.jpg,animals\panda\panda_00165.jpg,panda,2,train
D:\GitHub\Universidad\Inteligencia_Artificial\gatos_perros_pandas\animals\dogs\dogs_00936.jpg,animals\dogs\dogs_00936.jpg,dogs,1,train
D:\GitHub\Universidad\Inteligencia_Artificial\gatos_perros_pandas\animals\cats\cats_00117.jpg,animals\cats\cats_00117.jpg,cats,0,train
D:\GitHub\Universidad\Inteligencia_Artificial\gatos_perros_pandas\animals\cats\cats_00149.jpg,animals\cats\cats_00149.jpg,cats,0,train
D:\GitHub\Universidad\Inteligencia_Artificial\gatos_perros_pandas\animals\cats\cats_00709.jpg,animals\cats\cats_00709.jpg,cats,0,train
D:\GitHub\Universidad\Inteligencia_Artificial\gatos_perros_pandas\animals\cats\cats_00794.jpg,animals\cats\cats_00794.jpg,cats,0,train
D:\GitHub\Universidad\Inteligencia_Artificial\gatos_perros_pandas\animals\panda\panda_00959.jpg,animals\panda\panda_00959.jpg,panda,2,train
D:\GitHub\Universidad\Inteligencia_Artificial\gatos_perros_pandas\animals\dogs\dogs_00380.jpg,animals\dogs\dogs_00380.jpg,dogs,1,train
D:\GitHub\Universidad\Inteligencia_Artificial\gatos_perros_pandas\animals\cats\cats_00236.jpg,animals\cats\cats_00236.jpg,cats,0,val
D:\GitHub\Universidad\Inteligencia_Artificial\gatos_perros_pandas\animals\dogs\dogs_00172.jpg,animals\dogs\dogs_00172.jpg,dogs,1,train
D:\GitHub\Universidad\Inteligencia_Artificial\gatos_perros_pandas\animals\cats\cats_00460.jpg,animals\cats\cats_00460.jpg,cats,0,test
D:\GitHub\Universidad\Inteligencia_Artificial\gatos_perros_pandas\animals\panda\panda_00685.jpg,animals\panda\panda_00685.jpg,panda,2,test
D:\GitHub\Universidad\Inteligencia_Artificial\gatos_perros_pandas\animals\panda\panda_00630.jpg,animals\panda\panda_00630.jpg,panda,2,test
D:\GitHub\Universidad\Inteligencia_Artificial\gatos_perros_pandas\animals\cats\cats_00119.jpg,animals\cats\cats_00119.jpg,cats,0,train
D:\GitHub\Universidad\Inteligencia_Artificial\gatos_perros_pandas\animals\dogs\dogs_00111.jpg,animals\dogs\dogs_00111.jpg,dogs,1,train
D:\GitHub\Universidad\Inteligencia_Artificial\gatos_perros_pandas\animals\panda\panda_00734.jpg,animals\panda\panda_00734.jpg,panda,2,test
D:\GitHub\Universidad\Inteligencia_Artificial\gatos_perros_pandas\animals\dogs\dogs_00418.jpg,animals\dogs\dogs_00418.jpg,dogs,1,val
D:\GitHub\Universidad\Inteligencia_Artificial\gatos_perros_pandas\animals\panda\panda_00664.jpg,animals\panda\panda_00664.jpg,panda,2,train
D:\GitHub\Universidad\Inteligencia_Artificial\gatos_perros_pandas\animals\cats\cats_00187.jpg,animals\cats\cats_00187.jpg,cats,0,train
D:\GitHub\Universidad\Inteligencia_Artificial\gatos_perros_pandas\animals\dogs\dogs_00198.jpg,animals\dogs\dogs_00198.jpg,dogs,1,train
D:\GitHub\Universidad\Inteligencia_Artificial\gatos_perros_pandas\animals\cats\cats_00293.jpg,animals\cats\cats_00293.jpg,cats,0,train
D:\GitHub\Universidad\Inteligencia_Artificial\gatos_perros_pandas\animals\cats\cats_00190.jpg,animals\cats\cats_00190.jpg,cats,0,train
D:\GitHub\Universidad\Inteligencia_Artificial\gatos_perros_pandas\animals\cats\cats_00946.jpg,animals\cats\cats_00946.jpg,cats,0,train
D:\GitHub\Universidad\Inteligencia_Artificial\gatos_perros_pandas\animals\cats\cats_00786.jpg,animals\cats\cats_00786.jpg,cats,0,train
D:\GitHub\Universidad\Inteligencia_Artificial\gatos_perros_pandas\animals\cats\cats_00109.jpg,animals\cats\cats_00109.jpg,cats,0,val
D:\GitHub\Universidad\Inteligencia_Artificial\gatos_perros_pandas\animals\cats\cats_00887.jpg,animals\cats\cats_00887.jpg,cats,0,train
D:\GitHub\Universidad\Inteligencia_Artificial\gatos_perros_pandas\animals\dogs\dogs_00863.jpg,animals\dogs\dogs_00863.jpg,dogs,1,train
D:\GitHub\Universidad\Inteligencia_Artificial\gatos_perros_pandas\animals\dogs\dogs_00176.jpg,animals\dogs\dogs_00176.jpg,dogs,1,train
D:\GitHub\Universidad\Inteligencia_Artificial\gatos_perros_pandas\animals\panda\panda_00357.jpg,animals\panda\panda_00357.jpg,panda,2,train
D:\GitHub\Universidad\Inteligencia_Artificial\gatos_perros_pandas\animals\cats\cats_00097.jpg,animals\cats\cats_00097.jpg,cats,0,val
D:\GitHub\Universidad\Inteligencia_Artificial\gatos_perros_pandas\animals\panda\panda_00898.jpg,animals\panda\panda_00898.jpg,panda,2,val
D:\GitHub\Universidad\Inteligencia_Artificial\gatos_perros_pandas\animals\panda\panda_00135.jpg,animals\panda\panda_00135.jpg,panda,2,train
D:\GitHub\Universidad\Inteligencia_Artificial\gatos_perros_pandas\animals\dogs\dogs_00068.jpg,animals\dogs\dogs_00068.jpg,dogs,1,train
D:\GitHub\Universidad\Inteligencia_Artificial\gatos_perros_pandas\animals\cats\cats_00033.jpg,animals\cats\cats_00033.jpg,cats,0,test
D:\GitHub\Universidad\Inteligencia_Artificial\gatos_perros_pandas\animals\cats\cats_00022.jpg,animals\cats\cats_00022.jpg,cats,0,val
D:\GitHub\Universidad\Inteligencia_Artificial\gatos_perros_pandas\animals\dogs\dogs_00798.jpg,animals\dogs\dogs_00798.jpg,dogs,1,train
D:\GitHub\Universidad\Inteligencia_Artificial\gatos_perros_pandas\animals\dogs\dogs_00550.jpg,animals\dogs\dogs_00550.jpg,dogs,1,train
D:\GitHub\Universidad\Inteligencia_Artificial\gatos_perros_pandas\animals\panda\panda_00417.jpg,animals\panda\panda_00417.jpg,panda,2,train
D:\GitHub\Universidad\Inteligencia_Artificial\gatos_perros_pandas\animals\panda\panda_00015.jpg,animals\panda\panda_00015.jpg,panda,2,train
D:\GitHub\Universidad\Inteligencia_Artificial\gatos_perros_pandas\animals\dogs\dogs_00821.jpg,animals\dogs\dogs_00821.jpg,dogs,1,train
D:\GitHub\Universidad\Inteligencia_Artificial\gatos_perros_pandas\animals\panda\panda_00845.jpg,animals\panda\panda_00845.jpg,panda,2,train
D:\GitHub\Universidad\Inteligencia_Artificial\gatos_perros_pandas\animals\panda\panda_00190.jpg,animals\panda\panda_00190.jpg,panda,2,train
D:\GitHub\Universidad\Inteligencia_Artificial\gatos_perros_pandas\animals\dogs\dogs_00946.jpg,animals\dogs\dogs_00946.jpg,dogs,1,train
D:\GitHub\Universidad\Inteligencia_Artificial\gatos_perros_pandas\animals\cats\cats_00816.jpg,animals\cats\cats_00816.jpg,cats,0,train
D:\GitHub\Universidad\Inteligencia_Artificial\gatos_perros_pandas\animals\panda\panda_00840.jpg,animals\panda\panda_00840.jpg,panda,2,train
D:\GitHub\Universidad\Inteligencia_Artificial\gatos_perros_pandas\animals\dogs\dogs_00374.jpg,animals\dogs\dogs_00374.jpg,dogs,1,train
D:\GitHub\Universidad\Inteligencia_Artificial\gatos_perros_pandas\animals\dogs\dogs_00614.jpg,animals\dogs\dogs_00614.jpg,dogs,1,val
D:\GitHub\Universidad\Inteligencia_Artificial\gatos_perros_pandas\animals\dogs\dogs_00177.jpg,animals\dogs\dogs_00177.jpg,dogs,1,train
D:\GitHub\Universidad\Inteligencia_Artificial\gatos_perros_pandas\animals\cats\cats_00917.jpg,animals\cats\cats_00917.jpg,cats,0,train
D:\GitHub\Universidad\Inteligencia_Artificial\gatos_perros_pandas\animals\panda\panda_00899.jpg,animals\panda\panda_00899.jpg,panda,2,train
D:\GitHub\Universidad\Inteligencia_Artificial\gatos_perros_pandas\animals\cats\cats_00684.jpg,animals\cats\cats_00684.jpg,cats,0,train
D:\GitHub\Universidad\Inteligencia_Artificial\gatos_perros_pandas\animals\cats\cats_00553.jpg,animals\cats\cats_00553.jpg,cats,0,val
D:\GitHub\Universidad\Inteligencia_Artificial\gatos_perros_pandas\animals\panda\panda_00277.jpg,animals\panda\panda_00277.jpg,panda,2,train
D:\GitHub\Universidad\Inteligencia_Artificial\gatos_perros_pandas\animals\panda\panda_00350.jpg,animals\panda\panda_00350.jpg,panda,2,train
D:\GitHub\Universidad\Inteligencia_Artificial\gatos_perros_pandas\animals\cats\cats_00586.jpg,animals\cats\cats_00586.jpg,cats,0,train
D:\GitHub\Universidad\Inteligencia_Artificial\gatos_perros_pandas\animals\cats\cats_00031.jpg,animals\cats\cats_00031.jpg,cats,0,test
D:\GitHub\Universidad\Inteligencia_Artificial\gatos_perros_pandas\animals\dogs\dogs_00097.jpg,animals\dogs\dogs_00097.jpg,dogs,1,train
D:\GitHub\Universidad\Inteligencia_Artificial\gatos_perros_pandas\animals\panda\panda_00450.jpg,animals\panda\panda_00450.jpg,panda,2,train
D:\GitHub\Universidad\Inteligencia_Artificial\gatos_perros_pandas\animals\cats\cats_00926.jpg,animals\cats\cats_00926.jpg,cats,0,val
D:\GitHub\Universidad\Inteligencia_Artificial\gatos_perros_pandas\animals\dogs\dogs_00777.jpg,animals\dogs\dogs_00777.jpg,dogs,1,train
D:\GitHub\Universidad\Inteligencia_Artificial\gatos_perros_pandas\animals\cats\cats_00469.jpg,animals\cats\cats_00469.jpg,cats,0,train
D:\GitHub\Universidad\Inteligencia_Artificial\gatos_perros_pandas\animals\panda\panda_00470.jpg,animals\panda\panda_00470.jpg,panda,2,train
D:\GitHub\Universidad\Inteligencia_Artificial\gatos_perros_pandas\animals\cats\cats_00099.jpg,animals\cats\cats_00099.jpg,cats,0,train
D:\GitHub\Universidad\Inteligencia_Artificial\gatos_perros_pandas\animals\dogs\dogs_00055.jpg,animals\dogs\dogs_00055.jpg,dogs,1,train
D:\GitHub\Universidad\Inteligencia_Artificial\gatos_perros_pandas\animals\dogs\dogs_00088.jpg,animals\dogs\dogs_00088.jpg,dogs,1,train
D:\GitHub\Universidad\Inteligencia_Artificial\gatos_perros_pandas\animals\dogs\dogs_00645.jpg,animals\dogs\dogs_00645.jpg,dogs,1,train
D:\GitHub\Universidad\Inteligencia_Artificial\gatos_perros_pandas\animals\panda\panda_00366.jpg,animals\panda\panda_00366.jpg,panda,2,test
D:\GitHub\Universidad\Inteligencia_Artificial\gatos_perros_pandas\animals\panda\panda_00672.jpg,animals\panda\panda_00672.jpg,panda,2,test
D:\GitHub\Universidad\Inteligencia_Artificial\gatos_perros_pandas\animals\dogs\dogs_00765.jpg,animals\dogs\dogs_00765.jpg,dogs,1,val
D:\GitHub\Universidad\Inteligencia_Artificial\gatos_perros_pandas\animals\cats\cats_00979.jpg,animals\cats\cats_00979.jpg,cats,0,test
D:\GitHub\Universidad\Inteligencia_Artificial\gatos_perros_pandas\animals\panda\panda_00720.jpg,animals\panda\panda_00720.jpg,panda,2,train
D:\GitHub\Universidad\Inteligencia_Artificial\gatos_perros_pandas\animals\panda\panda_00002.jpg,animals\panda\panda_00002.jpg,panda,2,test
D:\GitHub\Universidad\Inteligencia_Artificial\gatos_perros_pandas\animals\cats\cats_00436.jpg,animals\cats\cats_00436.jpg,cats,0,train
D:\GitHub\Universidad\Inteligencia_Artificial\gatos_perros_pandas\animals\dogs\dogs_00915.jpg,animals\dogs\dogs_00915.jpg,dogs,1,test
D:\GitHub\Universidad\Inteligencia_Artificial\gatos_perros_pandas\animals\cats\cats_00064.jpg,animals\cats\cats_00064.jpg,cats,0,train
D:\GitHub\Universidad\Inteligencia_Artificial\gatos_perros_pandas\animals\cats\cats_00875.jpg,animals\cats\cats_00875.jpg,cats,0,val
D:\GitHub\Universidad\Inteligencia_Artificial\gatos_perros_pandas\animals\panda\panda_00261.jpg,animals\panda\panda_00261.jpg,panda,2,train
D:\GitHub\Universidad\Inteligencia_Artificial\gatos_perros_pandas\animals\cats\cats_00842.jpg,animals\cats\cats_00842.jpg,cats,0,test
D:\GitHub\Universidad\Inteligencia_Artificial\gatos_perros_pandas\animals\dogs\dogs_00217.jpg,animals\dogs\dogs_00217.jpg,dogs,1,train
D:\GitHub\Universidad\Inteligencia_Artificial\gatos_perros_pandas\animals\cats\cats_00544.jpg,animals\cats\cats_00544.jpg,cats,0,val
D:\GitHub\Universidad\Inteligencia_Artificial\gatos_perros_pandas\animals\cats\cats_00582.jpg,animals\cats\cats_00582.jpg,cats,0,train
D:\GitHub\Universidad\Inteligencia_Artificial\gatos_perros_pandas\animals\panda\panda_00706.jpg,animals\panda\panda_00706.jpg,panda,2,train
D:\GitHub\Universidad\Inteligencia_Artificial\gatos_perros_pandas\animals\panda\panda_00403.jpg,animals\panda\panda_00403.jpg,panda,2,train
D:\GitHub\Universidad\Inteligencia_Artificial\gatos_perros_pandas\animals\dogs\dogs_00219.jpg,animals\dogs\dogs_00219.jpg,dogs,1,train
D:\GitHub\Universidad\Inteligencia_Artificial\gatos_perros_pandas\animals\dogs\dogs_00262.jpg,animals\dogs\dogs_00262.jpg,dogs,1,train
D:\GitHub\Universidad\Inteligencia_Artificial\gatos_perros_pandas\animals\cats\cats_00474.jpg,animals\cats\cats_00474.jpg,cats,0,test
D:\GitHub\Universidad\Inteligencia_Artificial\gatos_perros_pandas\animals\dogs\dogs_00603.jpg,animals\dogs\dogs_00603.jpg,dogs,1,train
D:\GitHub\Universidad\Inteligencia_Artificial\gatos_perros_pandas\animals\panda\panda_00771.jpg,animals\panda\panda_00771.jpg,panda,2,train
D:\GitHub\Universidad\Inteligencia_Artificial\gatos_perros_pandas\animals\panda\panda_00473.jpg,animals\panda\panda_00473.jpg,panda,2,train
D:\GitHub\Universidad\Inteligencia_Artificial\gatos_perros_pandas\animals\cats\cats_00945.jpg,animals\cats\cats_00945.jpg,cats,0,train
D:\GitHub\Universidad\Inteligencia_Artificial\gatos_perros_pandas\animals\cats\cats_00868.jpg,animals\cats\cats_00868.jpg,cats,0,test
D:\GitHub\Universidad\Inteligencia_Artificial\gatos_perros_pandas\animals\panda\panda_00424.jpg,animals\panda\panda_00424.jpg,panda,2,train
D:\GitHub\Universidad\Inteligencia_Artificial\gatos_perros_pandas\animals\cats\cats_00294.jpg,animals\cats\cats_00294.jpg,cats,0,train
D:\GitHub\Universidad\Inteligencia_Artificial\gatos_perros_pandas\animals\cats\cats_00065.jpg,animals\cats\cats_00065.jpg,cats,0,train
D:\GitHub\Universidad\Inteligencia_Artificial\gatos_perros_pandas\animals\panda\panda_00787.jpg,animals\panda\panda_00787.jpg,panda,2,train
D:\GitHub\Universidad\Inteligencia_Artificial\gatos_perros_pandas\animals\cats\cats_00899.jpg,animals\cats\cats_00899.jpg,cats,0,train
D:\GitHub\Universidad\Inteligencia_Artificial\gatos_perros_pandas\animals\cats\cats_00423.jpg,animals\cats\cats_00423.jpg,cats,0,train
D:\GitHub\Universidad\Inteligencia_Artificial\gatos_perros_pandas\animals\dogs\dogs_00468.jpg,animals\dogs\dogs_00468.jpg,dogs,1,val
D:\GitHub\Universidad\Inteligencia_Artificial\gatos_perros_pandas\animals\cats\cats_00956.jpg,animals\cats\cats_00956.jpg,cats,0,val
D:\GitHub\Universidad\Inteligencia_Artificial\gatos_perros_pandas\animals\cats\cats_00361.jpg,animals\cats\cats_00361.jpg,cats,0,train
D:\GitHub\Universidad\Inteligencia_Artificial\gatos_perros_pandas\animals\cats\cats_00025.jpg,animals\cats\cats_00025.jpg,cats,0,train
D:\GitHub\Universidad\Inteligencia_Artificial\gatos_perros_pandas\animals\cats\cats_00723.jpg,animals\cats\cats_00723.jpg,cats,0,train
D:\GitHub\Universidad\Inteligencia_Artificial\gatos_perros_pandas\animals\dogs\dogs_00569.jpg,animals\dogs\dogs_00569.jpg,dogs,1,train
D:\GitHub\Universidad\Inteligencia_Artificial\gatos_perros_pandas\animals\cats\cats_00645.jpg,animals\cats\cats_00645.jpg,cats,0,train
D:\GitHub\Universidad\Inteligencia_Artificial\gatos_perros_pandas\animals\dogs\dogs_00967.jpg,animals\dogs\dogs_00967.jpg,dogs,1,train
D:\GitHub\Universidad\Inteligencia_Artificial\gatos_perros_pandas\animals\dogs\dogs_00670.jpg,animals\dogs\dogs_00670.jpg,dogs,1,train
D:\GitHub\Universidad\Inteligencia_Artificial\gatos_perros_pandas\animals\cats\cats_00788.jpg,animals\cats\cats_00788.jpg,cats,0,val
D:\GitHub\Universidad\Inteligencia_Artificial\gatos_perros_pandas\animals\panda\panda_00367.jpg,animals\panda\panda_00367.jpg,panda,2,train
D:\GitHub\Universidad\Inteligencia_Artificial\gatos_perros_pandas\animals\cats\cats_00948.jpg,animals\cats\cats_00948.jpg,cats,0,test
D:\GitHub\Universidad\Inteligencia_Artificial\gatos_perros_pandas\animals\cats\cats_00302.jpg,animals\cats\cats_00302.jpg,cats,0,train
D:\GitHub\Universidad\Inteligencia_Artificial\gatos_perros_pandas\animals\panda\panda_00651.jpg,animals\panda\panda_00651.jpg,panda,2,test
D:\GitHub\Universidad\Inteligencia_Artificial\gatos_perros_pandas\animals\cats\cats_00496.jpg,animals\cats\cats_00496.jpg,cats,0,train
D:\GitHub\Universidad\Inteligencia_Artificial\gatos_perros_pandas\animals\panda\panda_00897.jpg,animals\panda\panda_00897.jpg,panda,2,train
D:\GitHub\Universidad\Inteligencia_Artificial\gatos_perros_pandas\animals\cats\cats_00155.jpg,animals\cats\cats_00155.jpg,cats,0,train
D:\GitHub\Universidad\Inteligencia_Artificial\gatos_perros_pandas\animals\panda\panda_00195.jpg,animals\panda\panda_00195.jpg,panda,2,train
D:\GitHub\Universidad\Inteligencia_Artificial\gatos_perros_pandas\animals\cats\cats_00048.jpg,animals\cats\cats_00048.jpg,cats,0,train
D:\GitHub\Universidad\Inteligencia_Artificial\gatos_perros_pandas\animals\dogs\dogs_00314.jpg,animals\dogs\dogs_00314.jpg,dogs,1,train
D:\GitHub\Universidad\Inteligencia_Artificial\gatos_perros_pandas\animals\dogs\dogs_00563.jpg,animals\dogs\dogs_00563.jpg,dogs,1,test
D:\GitHub\Universidad\Inteligencia_Artificial\gatos_perros_pandas\animals\dogs\dogs_00658.jpg,animals\dogs\dogs_00658.jpg,dogs,1,train
D:\GitHub\Universidad\Inteligencia_Artificial\gatos_perros_pandas\animals\cats\cats_00703.jpg,animals\cats\cats_00703.jpg,cats,0,train
D:\GitHub\Universidad\Inteligencia_Artificial\gatos_perros_pandas\animals\cats\cats_00136.jpg,animals\cats\cats_00136.jpg,cats,0,val
D:\GitHub\Universidad\Inteligencia_Artificial\gatos_perros_pandas\animals\dogs\dogs_00132.jpg,animals\dogs\dogs_00132.jpg,dogs,1,train
D:\GitHub\Universidad\Inteligencia_Artificial\gatos_perros_pandas\animals\dogs\dogs_00746.jpg,animals\dogs\dogs_00746.jpg,dogs,1,train
D:\GitHub\Universidad\Inteligencia_Artificial\gatos_perros_pandas\animals\cats\cats_00884.jpg,animals\cats\cats_00884.jpg,cats,0,train
D:\GitHub\Universidad\Inteligencia_Artificial\gatos_perros_pandas\animals\panda\panda_00933.jpg,animals\panda\panda_00933.jpg,panda,2,train
D:\GitHub\Universidad\Inteligencia_Artificial\gatos_perros_pandas\animals\panda\panda_00844.jpg,animals\panda\panda_00844.jpg,panda,2,val
D:\GitHub\Universidad\Inteligencia_Artificial\gatos_perros_pandas\animals\panda\panda_00872.jpg,animals\panda\panda_00872.jpg,panda,2,train
D:\GitHub\Universidad\Inteligencia_Artificial\gatos_perros_pandas\animals\panda\panda_00365.jpg,animals\panda\panda_00365.jpg,panda,2,train
D:\GitHub\Universidad\Inteligencia_Artificial\gatos_perros_pandas\animals\cats\cats_00860.jpg,animals\cats\cats_00860.jpg,cats,0,train
D:\GitHub\Universidad\Inteligencia_Artificial\gatos_perros_pandas\animals\dogs\dogs_00973.jpg,animals\dogs\dogs_00973.jpg,dogs,1,train
D:\GitHub\Universidad\Inteligencia_Artificial\gatos_perros_pandas\animals\cats\cats_00702.jpg,animals\cats\cats_00702.jpg,cats,0,test
D:\GitHub\Universidad\Inteligencia_Artificial\gatos_perros_pandas\animals\cats\cats_00689.jpg,animals\cats\cats_00689.jpg,cats,0,train
D:\GitHub\Universidad\Inteligencia_Artificial\gatos_perros_pandas\animals\dogs\dogs_00985.jpg,animals\dogs\dogs_00985.jpg,dogs,1,train
D:\GitHub\Universidad\Inteligencia_Artificial\gatos_perros_pandas\animals\cats\cats_00838.jpg,animals\cats\cats_00838.jpg,cats,0,train
D:\GitHub\Universidad\Inteligencia_Artificial\gatos_perros_pandas\animals\cats\cats_00295.jpg,animals\cats\cats_00295.jpg,cats,0,train
D:\GitHub\Universidad\Inteligencia_Artificial\gatos_perros_pandas\animals\cats\cats_00503.jpg,animals\cats\cats_00503.jpg,cats,0,train
D:\GitHub\Universidad\Inteligencia_Artificial\gatos_perros_pandas\animals\dogs\dogs_00747.jpg,animals\dogs\dogs_00747.jpg,dogs,1,train
D:\GitHub\Universidad\Inteligencia_Artificial\gatos_perros_pandas\animals\dogs\dogs_00342.jpg,animals\dogs\dogs_00342.jpg,dogs,1,test
D:\GitHub\Universidad\Inteligencia_Artificial\gatos_perros_pandas\animals\panda\panda_00661.jpg,animals\panda\panda_00661.jpg,panda,2,val
D:\GitHub\Universidad\Inteligencia_Artificial\gatos_perros_pandas\animals\panda\panda_00395.jpg,animals\panda\panda_00395.jpg,panda,2,train
D:\GitHub\Universidad\Inteligencia_Artificial\gatos_perros_pandas\animals\cats\cats_00552.jpg,animals\cats\cats_00552.jpg,cats,0,test
D:\GitHub\Universidad\Inteligencia_Artificial\gatos_perros_pandas\animals\panda\panda_00419.jpg,animals\panda\panda_00419.jpg,panda,2,train
D:\GitHub\Universidad\Inteligencia_Artificial\gatos_perros_pandas\animals\cats\cats_00180.jpg,animals\cats\cats_00180.jpg,cats,0,train
D:\GitHub\Universidad\Inteligencia_Artificial\gatos_perros_pandas\animals\dogs\dogs_00394.jpg,animals\dogs\dogs_00394.jpg,dogs,1,train
D:\GitHub\Universidad\Inteligencia_Artificial\gatos_perros_pandas\animals\panda\panda_00479.jpg,animals\panda\panda_00479.jpg,panda,2,val
D:\GitHub\Universidad\Inteligencia_Artificial\gatos_perros_pandas\animals\dogs\dogs_00285.jpg,animals\dogs\dogs_00285.jpg,dogs,1,test
D:\GitHub\Universidad\Inteligencia_Artificial\gatos_perros_pandas\animals\panda\panda_00518.jpg,animals\panda\panda_00518.jpg,panda,2,train
D:\GitHub\Universidad\Inteligencia_Artificial\gatos_perros_pandas\animals\panda\panda_00052.jpg,animals\panda\panda_00052.jpg,panda,2,train
D:\GitHub\Universidad\Inteligencia_Artificial\gatos_perros_pandas\animals\cats\cats_00889.jpg,animals\cats\cats_00889.jpg,cats,0,train
D:\GitHub\Universidad\Inteligencia_Artificial\gatos_perros_pandas\animals\panda\panda_00881.jpg,animals\panda\panda_00881.jpg,panda,2,train
D:\GitHub\Universidad\Inteligencia_Artificial\gatos_perros_pandas\animals\cats\cats_00894.jpg,animals\cats\cats_00894.jpg,cats,0,train
D:\GitHub\Universidad\Inteligencia_Artificial\gatos_perros_pandas\animals\panda\panda_00506.jpg,animals\panda\panda_00506.jpg,panda,2,val
D:\GitHub\Universidad\Inteligencia_Artificial\gatos_perros_pandas\animals\cats\cats_00697.jpg,animals\cats\cats_00697.jpg,cats,0,val
D:\GitHub\Universidad\Inteligencia_Artificial\gatos_perros_pandas\animals\cats\cats_00772.jpg,animals\cats\cats_00772.jpg,cats,0,train
D:\GitHub\Universidad\Inteligencia_Artificial\gatos_perros_pandas\animals\cats\cats_00984.jpg,animals\cats\cats_00984.jpg,cats,0,test
D:\GitHub\Universidad\Inteligencia_Artificial\gatos_perros_pandas\animals\dogs\dogs_00415.jpg,animals\dogs\dogs_00415.jpg,dogs,1,train
D:\GitHub\Universidad\Inteligencia_Artificial\gatos_perros_pandas\animals\dogs\dogs_00209.jpg,animals\dogs\dogs_00209.jpg,dogs,1,test
D:\GitHub\Universidad\Inteligencia_Artificial\gatos_perros_pandas\animals\dogs\dogs_00492.jpg,animals\dogs\dogs_00492.jpg,dogs,1,train
D:\GitHub\Universidad\Inteligencia_Artificial\gatos_perros_pandas\animals\panda\panda_00437.jpg,animals\panda\panda_00437.jpg,panda,2,val
D:\GitHub\Universidad\Inteligencia_Artificial\gatos_perros_pandas\animals\panda\panda_00961.jpg,animals\panda\panda_00961.jpg,panda,2,val
D:\GitHub\Universidad\Inteligencia_Artificial\gatos_perros_pandas\animals\dogs\dogs_00549.jpg,animals\dogs\dogs_00549.jpg,dogs,1,train
D:\GitHub\Universidad\Inteligencia_Artificial\gatos_perros_pandas\animals\dogs\dogs_00069.jpg,animals\dogs\dogs_00069.jpg,dogs,1,train
D:\GitHub\Universidad\Inteligencia_Artificial\gatos_perros_pandas\animals\panda\panda_00941.jpg,animals\panda\panda_00941.jpg,panda,2,train
D:\GitHub\Universidad\Inteligencia_Artificial\gatos_perros_pandas\animals\cats\cats_00987.jpg,animals\cats\cats_00987.jpg,cats,0,test
D:\GitHub\Universidad\Inteligencia_Artificial\gatos_perros_pandas\animals\cats\cats_00920.jpg,animals\cats\cats_00920.jpg,cats,0,train
D:\GitHub\Universidad\Inteligencia_Artificial\gatos_perros_pandas\animals\dogs\dogs_00330.jpg,animals\dogs\dogs_00330.jpg,dogs,1,val
D:\GitHub\Universidad\Inteligencia_Artificial\gatos_perros_pandas\animals\cats\cats_00665.jpg,animals\cats\cats_00665.jpg,cats,0,train
D:\GitHub\Universidad\Inteligencia_Artificial\gatos_perros_pandas\animals\cats\cats_00373.jpg,animals\cats\cats_00373.jpg,cats,0,train
D:\GitHub\Universidad\Inteligencia_Artificial\gatos_perros_pandas\animals\dogs\dogs_00630.jpg,animals\dogs\dogs_00630.jpg,dogs,1,train
D:\GitHub\Universidad\Inteligencia_Artificial\gatos_perros_pandas\animals\cats\cats_00037.jpg,animals\cats\cats_00037.jpg,cats,0,train
D:\GitHub\Universidad\Inteligencia_Artificial\gatos_perros_pandas\animals\panda\panda_00693.jpg,animals\panda\panda_00693.jpg,panda,2,train
D:\GitHub\Universidad\Inteligencia_Artificial\gatos_perros_pandas\animals\cats\cats_00881.jpg,animals\cats\cats_00881.jpg,cats,0,train
D:\GitHub\Universidad\Inteligencia_Artificial\gatos_perros_pandas\animals\panda\panda_00855.jpg,animals\panda\panda_00855.jpg,panda,2,train
D:\GitHub\Universidad\Inteligencia_Artificial\gatos_perros_pandas\animals\panda\panda_00535.jpg,animals\panda\panda_00535.jpg,panda,2,train
D:\GitHub\Universidad\Inteligencia_Artificial\gatos_perros_pandas\animals\dogs\dogs_00113.jpg,animals\dogs\dogs_00113.jpg,dogs,1,train
D:\GitHub\Universidad\Inteligencia_Artificial\gatos_perros_pandas\animals\dogs\dogs_00247.jpg,animals\dogs\dogs_00247.jpg,dogs,1,train
D:\GitHub\Universidad\Inteligencia_Artificial\gatos_perros_pandas\animals\panda\panda_00198.jpg,animals\panda\panda_00198.jpg,panda,2,train
D:\GitHub\Universidad\Inteligencia_Artificial\gatos_perros_pandas\animals\cats\cats_00095.jpg,animals\cats\cats_00095.jpg,cats,0,test
D:\GitHub\Universidad\Inteligencia_Artificial\gatos_perros_pandas\animals\cats\cats_00992.jpg,animals\cats\cats_00992.jpg,cats,0,train
D:\GitHub\Universidad\Inteligencia_Artificial\gatos_perros_pandas\animals\panda\panda_00846.jpg,animals\panda\panda_00846.jpg,panda,2,train
D:\GitHub\Universidad\Inteligencia_Artificial\gatos_perros_pandas\animals\dogs\dogs_00087.jpg,animals\dogs\dogs_00087.jpg,dogs,1,train
D:\GitHub\Universidad\Inteligencia_Artificial\gatos_perros_pandas\animals\cats\cats_00310.jpg,animals\cats\cats_00310.jpg,cats,0,train
D:\GitHub\Universidad\Inteligencia_Artificial\gatos_perros_pandas\animals\cats\cats_00192.jpg,animals\cats\cats_00192.jpg,cats,0,train
D:\GitHub\Universidad\Inteligencia_Artificial\gatos_perros_pandas\animals\panda\panda_00634.jpg,animals\panda\panda_00634.jpg,panda,2,train
D:\GitHub\Universidad\Inteligencia_Artificial\gatos_perros_pandas\animals\dogs\dogs_00101.jpg,animals\dogs\dogs_00101.jpg,dogs,1,val
D:\GitHub\Universidad\Inteligencia_Artificial\gatos_perros_pandas\animals\cats\cats_00028.jpg,animals\cats\cats_00028.jpg,cats,0,test
D:\GitHub\Universidad\Inteligencia_Artificial\gatos_perros_pandas\animals\cats\cats_00522.jpg,animals\cats\cats_00522.jpg,cats,0,val
D:\GitHub\Universidad\Inteligencia_Artificial\gatos_perros_pandas\animals\cats\cats_00537.jpg,animals\cats\cats_00537.jpg,cats,0,train
D:\GitHub\Universidad\Inteligencia_Artificial\gatos_perros_pandas\animals\dogs\dogs_00862.jpg,animals\dogs\dogs_00862.jpg,dogs,1,train
D:\GitHub\Universidad\Inteligencia_Artificial\gatos_perros_pandas\animals\dogs\dogs_00898.jpg,animals\dogs\dogs_00898.jpg,dogs,1,train
D:\GitHub\Universidad\Inteligencia_Artificial\gatos_perros_pandas\animals\cats\cats_00484.jpg,animals\cats\cats_00484.jpg,cats,0,train
D:\GitHub\Universidad\Inteligencia_Artificial\gatos_perros_pandas\animals\panda\panda_00131.jpg,animals\panda\panda_00131.jpg,panda,2,train
D:\GitHub\Universidad\Inteligencia_Artificial\gatos_perros_pandas\animals\panda\panda_00665.jpg,animals\panda\panda_00665.jpg,panda,2,train
D:\GitHub\Universidad\Inteligencia_Artificial\gatos_perros_pandas\animals\dogs\dogs_00712.jpg,animals\dogs\dogs_00712.jpg,dogs,1,train
D:\GitHub\Universidad\Inteligencia_Artificial\gatos_perros_pandas\animals\cats\cats_00965.jpg,animals\cats\cats_00965.jpg,cats,0,test
D:\GitHub\Universidad\Inteligencia_Artificial\gatos_perros_pandas\animals\cats\cats_00608.jpg,animals\cats\cats_00608.jpg,cats,0,train
D:\GitHub\Universidad\Inteligencia_Artificial\gatos_perros_pandas\animals\dogs\dogs_00991.jpg,animals\dogs\dogs_00991.jpg,dogs,1,train
D:\GitHub\Universidad\Inteligencia_Artificial\gatos_perros_pandas\animals\panda\panda_00299.jpg,animals\panda\panda_00299.jpg,panda,2,test
D:\GitHub\Universidad\Inteligencia_Artificial\gatos_perros_pandas\animals\cats\cats_00846.jpg,animals\cats\cats_00846.jpg,cats,0,train
D:\GitHub\Universidad\Inteligencia_Artificial\gatos_perros_pandas\animals\dogs\dogs_00702.jpg,animals\dogs\dogs_00702.jpg,dogs,1,train
D:\GitHub\Universidad\Inteligencia_Artificial\gatos_perros_pandas\animals\panda\panda_00556.jpg,animals\panda\panda_00556.jpg,panda,2,val
D:\GitHub\Universidad\Inteligencia_Artificial\gatos_perros_pandas\animals\panda\panda_00472.jpg,animals\panda\panda_00472.jpg,panda,2,train
D:\GitHub\Universidad\Inteligencia_Artificial\gatos_perros_pandas\animals\dogs\dogs_00399.jpg,animals\dogs\dogs_00399.jpg,dogs,1,train
D:\GitHub\Universidad\Inteligencia_Artificial\gatos_perros_pandas\animals\dogs\dogs_00913.jpg,animals\dogs\dogs_00913.jpg,dogs,1,test
D:\GitHub\Universidad\Inteligencia_Artificial\gatos_perros_pandas\animals\cats\cats_00229.jpg,animals\cats\cats_00229.jpg,cats,0,test
D:\GitHub\Universidad\Inteligencia_Artificial\gatos_perros_pandas\animals\dogs\dogs_00441.jpg,animals\dogs\dogs_00441.jpg,dogs,1,train
D:\GitHub\Universidad\Inteligencia_Artificial\gatos_perros_pandas\animals\dogs\dogs_00761.jpg,animals\dogs\dogs_00761.jpg,dogs,1,train
D:\GitHub\Universidad\Inteligencia_Artificial\gatos_perros_pandas\animals\cats\cats_00258.jpg,animals\cats\cats_00258.jpg,cats,0,val
D:\GitHub\Universidad\Inteligencia_Artificial\gatos_perros_pandas\animals\panda\panda_00809.jpg,animals\panda\panda_00809.jpg,panda,2,train
D:\GitHub\Universidad\Inteligencia_Artificial\gatos_perros_pandas\animals\cats\cats_00798.jpg,animals\cats\cats_00798.jpg,cats,0,train
D:\GitHub\Universidad\Inteligencia_Artificial\gatos_perros_pandas\animals\dogs\dogs_00002.jpg,animals\dogs\dogs_00002.jpg,dogs,1,test
D:\GitHub\Universidad\Inteligencia_Artificial\gatos_perros_pandas\animals\panda\panda_00406.jpg,animals\panda\panda_00406.jpg,panda,2,train
D:\GitHub\Universidad\Inteligencia_Artificial\gatos_perros_pandas\animals\panda\panda_00251.jpg,animals\panda\panda_00251.jpg,panda,2,train
D:\GitHub\Universidad\Inteligencia_Artificial\gatos_perros_pandas\animals\dogs\dogs_00318.jpg,animals\dogs\dogs_00318.jpg,dogs,1,train
D:\GitHub\Universidad\Inteligencia_Artificial\gatos_perros_pandas\animals\dogs\dogs_00749.jpg,animals\dogs\dogs_00749.jpg,dogs,1,train
D:\GitHub\Universidad\Inteligencia_Artificial\gatos_perros_pandas\animals\dogs\dogs_00447.jpg,animals\dogs\dogs_00447.jpg,dogs,1,test
D:\GitHub\Universidad\Inteligencia_Artificial\gatos_perros_pandas\animals\cats\cats_00319.jpg,animals\cats\cats_00319.jpg,cats,0,train
D:\GitHub\Universidad\Inteligencia_Artificial\gatos_perros_pandas\animals\dogs\dogs_00195.jpg,animals\dogs\dogs_00195.jpg,dogs,1,train
D:\GitHub\Universidad\Inteligencia_Artificial\gatos_perros_pandas\animals\panda\panda_00611.jpg,animals\panda\panda_00611.jpg,panda,2,train
D:\GitHub\Universidad\Inteligencia_Artificial\gatos_perros_pandas\animals\panda\panda_00538.jpg,animals\panda\panda_00538.jpg,panda,2,train
D:\GitHub\Universidad\Inteligencia_Artificial\gatos_perros_pandas\animals\cats\cats_00876.jpg,animals\cats\cats_00876.jpg,cats,0,test
D:\GitHub\Universidad\Inteligencia_Artificial\gatos_perros_pandas\animals\panda\panda_00943.jpg,animals\panda\panda_00943.jpg,panda,2,test
D:\GitHub\Universidad\Inteligencia_Artificial\gatos_perros_pandas\animals\cats\cats_00801.jpg,animals\cats\cats_00801.jpg,cats,0,train
D:\GitHub\Universidad\Inteligencia_Artificial\gatos_perros_pandas\animals\panda\panda_00319.jpg,animals\panda\panda_00319.jpg,panda,2,train
D:\GitHub\Universidad\Inteligencia_Artificial\gatos_perros_pandas\animals\panda\panda_00377.jpg,animals\panda\panda_00377.jpg,panda,2,test
D:\GitHub\Universidad\Inteligencia_Artificial\gatos_perros_pandas\animals\dogs\dogs_00859.jpg,animals\dogs\dogs_00859.jpg,dogs,1,train
D:\GitHub\Universidad\Inteligencia_Artificial\gatos_perros_pandas\animals\panda\panda_00866.jpg,animals\panda\panda_00866.jpg,panda,2,train
D:\GitHub\Universidad\Inteligencia_Artificial\gatos_perros_pandas\animals\dogs\dogs_00618.jpg,animals\dogs\dogs_00618.jpg,dogs,1,train
D:\GitHub\Universidad\Inteligencia_Artificial\gatos_perros_pandas\animals\dogs\dogs_00270.jpg,animals\dogs\dogs_00270.jpg,dogs,1,train
D:\GitHub\Universidad\Inteligencia_Artificial\gatos_perros_pandas\animals\dogs\dogs_00150.jpg,animals\dogs\dogs_00150.jpg,dogs,1,val
D:\GitHub\Universidad\Inteligencia_Artificial\gatos_perros_pandas\animals\panda\panda_00176.jpg,animals\panda\panda_00176.jpg,panda,2,train
D:\GitHub\Universidad\Inteligencia_Artificial\gatos_perros_pandas\animals\dogs\dogs_00507.jpg,animals\dogs\dogs_00507.jpg,dogs,1,train
D:\GitHub\Universidad\Inteligencia_Artificial\gatos_perros_pandas\animals\cats\cats_00678.jpg,animals\cats\cats_00678.jpg,cats,0,test
D:\GitHub\Universidad\Inteligencia_Artificial\gatos_perros_pandas\animals\dogs\dogs_00756.jpg,animals\dogs\dogs_00756.jpg,dogs,1,val
D:\GitHub\Universidad\Inteligencia_Artificial\gatos_perros_pandas\animals\cats\cats_00728.jpg,animals\cats\cats_00728.jpg,cats,0,train
D:\GitHub\Universidad\Inteligencia_Artificial\gatos_perros_pandas\animals\cats\cats_00568.jpg,animals\cats\cats_00568.jpg,cats,0,val
D:\GitHub\Universidad\Inteligencia_Artificial\gatos_perros_pandas\animals\cats\cats_00536.jpg,animals\cats\cats_00536.jpg,cats,0,train
D:\GitHub\Universidad\Inteligencia_Artificial\gatos_perros_pandas\animals\dogs\dogs_00430.jpg,animals\dogs\dogs_00430.jpg,dogs,1,train
D:\GitHub\Universidad\Inteligencia_Artificial\gatos_perros_pandas\animals\dogs\dogs_00929.jpg,animals\dogs\dogs_00929.jpg,dogs,1,train
D:\GitHub\Universidad\Inteligencia_Artificial\gatos_perros_pandas\animals\dogs\dogs_00619.jpg,animals\dogs\dogs_00619.jpg,dogs,1,test
D:\GitHub\Universidad\Inteligencia_Artificial\gatos_perros_pandas\animals\panda\panda_00546.jpg,animals\panda\panda_00546.jpg,panda,2,train
D:\GitHub\Universidad\Inteligencia_Artificial\gatos_perros_pandas\animals\panda\panda_00635.jpg,animals\panda\panda_00635.jpg,panda,2,train
D:\GitHub\Universidad\Inteligencia_Artificial\gatos_perros_pandas\animals\panda\panda_00027.jpg,animals\panda\panda_00027.jpg,panda,2,val
D:\GitHub\Universidad\Inteligencia_Artificial\gatos_perros_pandas\animals\cats\cats_00343.jpg,animals\cats\cats_00343.jpg,cats,0,train
D:\GitHub\Universidad\Inteligencia_Artificial\gatos_perros_pandas\animals\panda\panda_00508.jpg,animals\panda\panda_00508.jpg,panda,2,train
D:\GitHub\Universidad\Inteligencia_Artificial\gatos_perros_pandas\animals\panda\panda_00878.jpg,animals\panda\panda_00878.jpg,panda,2,train
D:\GitHub\Universidad\Inteligencia_Artificial\gatos_perros_pandas\animals\cats\cats_00128.jpg,animals\cats\cats_00128.jpg,cats,0,test
D:\GitHub\Universidad\Inteligencia_Artificial\gatos_perros_pandas\animals\cats\cats_00403.jpg,animals\cats\cats_00403.jpg,cats,0,train
D:\GitHub\Universidad\Inteligencia_Artificial\gatos_perros_pandas\animals\cats\cats_00384.jpg,animals\cats\cats_00384.jpg,cats,0,train
D:\GitHub\Universidad\Inteligencia_Artificial\gatos_perros_pandas\animals\dogs\dogs_00082.jpg,animals\dogs\dogs_00082.jpg,dogs,1,train
D:\GitHub\Universidad\Inteligencia_Artificial\gatos_perros_pandas\animals\cats\cats_00594.jpg,animals\cats\cats_00594.jpg,cats,0,train
D:\GitHub\Universidad\Inteligencia_Artificial\gatos_perros_pandas\animals\dogs\dogs_00263.jpg,animals\dogs\dogs_00263.jpg,dogs,1,train
D:\GitHub\Universidad\Inteligencia_Artificial\gatos_perros_pandas\animals\panda\panda_00314.jpg,animals\panda\panda_00314.jpg,panda,2,val
D:\GitHub\Universidad\Inteligencia_Artificial\gatos_perros_pandas\animals\panda\panda_00683.jpg,animals\panda\panda_00683.jpg,panda,2,train
D:\GitHub\Universidad\Inteligencia_Artificial\gatos_perros_pandas\animals\cats\cats_00062.jpg,animals\cats\cats_00062.jpg,cats,0,train
D:\GitHub\Universidad\Inteligencia_Artificial\gatos_perros_pandas\animals\dogs\dogs_00461.jpg,animals\dogs\dogs_00461.jpg,dogs,1,train
D:\GitHub\Universidad\Inteligencia_Artificial\gatos_perros_pandas\animals\panda\panda_00764.jpg,animals\panda\panda_00764.jpg,panda,2,train
D:\GitHub\Universidad\Inteligencia_Artificial\gatos_perros_pandas\animals\dogs\dogs_00193.jpg,animals\dogs\dogs_00193.jpg,dogs,1,test
D:\GitHub\Universidad\Inteligencia_Artificial\gatos_perros_pandas\animals\panda\panda_00073.jpg,animals\panda\panda_00073.jpg,panda,2,train
D:\GitHub\Universidad\Inteligencia_Artificial\gatos_perros_pandas\animals\panda\panda_00090.jpg,animals\panda\panda_00090.jpg,panda,2,val
D:\GitHub\Universidad\Inteligencia_Artificial\gatos_perros_pandas\animals\dogs\dogs_00006.jpg,animals\dogs\dogs_00006.jpg,dogs,1,train
D:\GitHub\Universidad\Inteligencia_Artificial\gatos_perros_pandas\animals\cats\cats_00682.jpg,animals\cats\cats_00682.jpg,cats,0,train
D:\GitHub\Universidad\Inteligencia_Artificial\gatos_perros_pandas\animals\panda\panda_00295.jpg,animals\panda\panda_00295.jpg,panda,2,train
D:\GitHub\Universidad\Inteligencia_Artificial\gatos_perros_pandas\animals\dogs\dogs_00012.jpg,animals\dogs\dogs_00012.jpg,dogs,1,train
D:\GitHub\Universidad\Inteligencia_Artificial\gatos_perros_pandas\animals\panda\panda_00058.jpg,animals\panda\panda_00058.jpg,panda,2,train
D:\GitHub\Universidad\Inteligencia_Artificial\gatos_perros_pandas\animals\dogs\dogs_00346.jpg,animals\dogs\dogs_00346.jpg,dogs,1,train
D:\GitHub\Universidad\Inteligencia_Artificial\gatos_perros_pandas\animals\cats\cats_00517.jpg,animals\cats\cats_00517.jpg,cats,0,train
D:\GitHub\Universidad\Inteligencia_Artificial\gatos_perros_pandas\animals\cats\cats_00450.jpg,animals\cats\cats_00450.jpg,cats,0,train
D:\GitHub\Universidad\Inteligencia_Artificial\gatos_perros_pandas\animals\panda\panda_00694.jpg,animals\panda\panda_00694.jpg,panda,2,train
D:\GitHub\Universidad\Inteligencia_Artificial\gatos_perros_pandas\animals\panda\panda_00311.jpg,animals\panda\panda_00311.jpg,panda,2,train
D:\GitHub\Universidad\Inteligencia_Artificial\gatos_perros_pandas\animals\panda\panda_00082.jpg,animals\panda\panda_00082.jpg,panda,2,test
D:\GitHub\Universidad\Inteligencia_Artificial\gatos_perros_pandas\animals\panda\panda_00345.jpg,animals\panda\panda_00345.jpg,panda,2,train
D:\GitHub\Universidad\Inteligencia_Artificial\gatos_perros_pandas\animals\dogs\dogs_00487.jpg,animals\dogs\dogs_00487.jpg,dogs,1,train
D:\GitHub\Universidad\Inteligencia_Artificial\gatos_perros_pandas\animals\panda\panda_00392.jpg,animals\panda\panda_00392.jpg,panda,2,train
D:\GitHub\Universidad\Inteligencia_Artificial\gatos_perros_pandas\animals\panda\panda_00908.jpg,animals\panda\panda_00908.jpg,panda,2,train
D:\GitHub\Universidad\Inteligencia_Artificial\gatos_perros_pandas\animals\dogs\dogs_00582.jpg,animals\dogs\dogs_00582.jpg,dogs,1,train
D:\GitHub\Universidad\Inteligencia_Artificial\gatos_perros_pandas\animals\panda\panda_00841.jpg,animals\panda\panda_00841.jpg,panda,2,train
D:\GitHub\Universidad\Inteligencia_Artificial\gatos_perros_pandas\animals\cats\cats_00668.jpg,animals\cats\cats_00668.jpg,cats,0,train
D:\GitHub\Universidad\Inteligencia_Artificial\gatos_perros_pandas\animals\cats\cats_00175.jpg,animals\cats\cats_00175.jpg,cats,0,train
D:\GitHub\Universidad\Inteligencia_Artificial\gatos_perros_pandas\animals\cats\cats_00053.jpg,animals\cats\cats_00053.jpg,cats,0,train
D:\GitHub\Universidad\Inteligencia_Artificial\gatos_perros_pandas\animals\cats\cats_00966.jpg,animals\cats\cats_00966.jpg,cats,0,train
D:\GitHub\Universidad\Inteligencia_Artificial\gatos_perros_pandas\animals\cats\cats_00432.jpg,animals\cats\cats_00432.jpg,cats,0,train
D:\GitHub\Universidad\Inteligencia_Artificial\gatos_perros_pandas\animals\cats\cats_00527.jpg,animals\cats\cats_00527.jpg,cats,0,val
D:\GitHub\Universidad\Inteligencia_Artificial\gatos_perros_pandas\animals\dogs\dogs_00764.jpg,animals\dogs\dogs_00764.jpg,dogs,1,train
D:\GitHub\Universidad\Inteligencia_Artificial\gatos_perros_pandas\animals\cats\cats_00122.jpg,animals\cats\cats_00122.jpg,cats,0,train
D:\GitHub\Universidad\Inteligencia_Artificial\gatos_perros_pandas\animals\dogs\dogs_00910.jpg,animals\dogs\dogs_00910.jpg,dogs,1,test
D:\GitHub\Universidad\Inteligencia_Artificial\gatos_perros_pandas\animals\panda\panda_00900.jpg,animals\panda\panda_00900.jpg,panda,2,train
D:\GitHub\Universidad\Inteligencia_Artificial\gatos_perros_pandas\animals\dogs\dogs_00715.jpg,animals\dogs\dogs_00715.jpg,dogs,1,val
D:\GitHub\Universidad\Inteligencia_Artificial\gatos_perros_pandas\animals\cats\cats_00238.jpg,animals\cats\cats_00238.jpg,cats,0,train
D:\GitHub\Universidad\Inteligencia_Artificial\gatos_perros_pandas\animals\dogs\dogs_00999.jpg,animals\dogs\dogs_00999.jpg,dogs,1,train
D:\GitHub\Universidad\Inteligencia_Artificial\gatos_perros_pandas\animals\cats\cats_00627.jpg,animals\cats\cats_00627.jpg,cats,0,train
D:\GitHub\Universidad\Inteligencia_Artificial\gatos_perros_pandas\animals\panda\panda_00179.jpg,animals\panda\panda_00179.jpg,panda,2,val
D:\GitHub\Universidad\Inteligencia_Artificial\gatos_perros_pandas\animals\dogs\dogs_00458.jpg,animals\dogs\dogs_00458.jpg,dogs,1,val
D:\GitHub\Universidad\Inteligencia_Artificial\gatos_perros_pandas\animals\dogs\dogs_00011.jpg,animals\dogs\dogs_00011.jpg,dogs,1,train
D:\GitHub\Universidad\Inteligencia_Artificial\gatos_perros_pandas\animals\cats\cats_00273.jpg,animals\cats\cats_00273.jpg,cats,0,train
D:\GitHub\Universidad\Inteligencia_Artificial\gatos_perros_pandas\animals\dogs\dogs_00127.jpg,animals\dogs\dogs_00127.jpg,dogs,1,train
D:\GitHub\Universidad\Inteligencia_Artificial\gatos_perros_pandas\animals\dogs\dogs_00395.jpg,animals\dogs\dogs_00395.jpg,dogs,1,train
D:\GitHub\Universidad\Inteligencia_Artificial\gatos_perros_pandas\animals\panda\panda_00147.jpg,animals\panda\panda_00147.jpg,panda,2,val
D:\GitHub\Universidad\Inteligencia_Artificial\gatos_perros_pandas\animals\cats\cats_00515.jpg,animals\cats\cats_00515.jpg,cats,0,train
D:\GitHub\Universidad\Inteligencia_Artificial\gatos_perros_pandas\animals\cats\cats_00959.jpg,animals\cats\cats_00959.jpg,cats,0,val
D:\GitHub\Universidad\Inteligencia_Artificial\gatos_perros_pandas\animals\panda\panda_00414.jpg,animals\panda\panda_00414.jpg,panda,2,train
D:\GitHub\Universidad\Inteligencia_Artificial\gatos_perros_pandas\animals\panda\panda_00347.jpg,animals\panda\panda_00347.jpg,panda,2,test
D:\GitHub\Universidad\Inteligencia_Artificial\gatos_perros_pandas\animals\dogs\dogs_00617.jpg,animals\dogs\dogs_00617.jpg,dogs,1,train
D:\GitHub\Universidad\Inteligencia_Artificial\gatos_perros_pandas\animals\cats\cats_00305.jpg,animals\cats\cats_00305.jpg,cats,0,train
D:\GitHub\Universidad\Inteligencia_Artificial\gatos_perros_pandas\animals\dogs\dogs_00322.jpg,animals\dogs\dogs_00322.jpg,dogs,1,train
D:\GitHub\Universidad\Inteligencia_Artificial\gatos_perros_pandas\animals\cats\cats_00414.jpg,animals\cats\cats_00414.jpg,cats,0,train
D:\GitHub\Universidad\Inteligencia_Artificial\gatos_perros_pandas\animals\panda\panda_00957.jpg,animals\panda\panda_00957.jpg,panda,2,train
D:\GitHub\Universidad\Inteligencia_Artificial\gatos_perros_pandas\animals\panda\panda_00758.jpg,animals\panda\panda_00758.jpg,panda,2,train
D:\GitHub\Universidad\Inteligencia_Artificial\gatos_perros_pandas\animals\panda\panda_00422.jpg,animals\panda\panda_00422.jpg,panda,2,train
D:\GitHub\Universidad\Inteligencia_Artificial\gatos_perros_pandas\animals\dogs\dogs_00294.jpg,animals\dogs\dogs_00294.jpg,dogs,1,train
D:\GitHub\Universidad\Inteligencia_Artificial\gatos_perros_pandas\animals\dogs\dogs_00390.jpg,animals\dogs\dogs_00390.jpg,dogs,1,val
D:\GitHub\Universidad\Inteligencia_Artificial\gatos_perros_pandas\animals\dogs\dogs_00891.jpg,animals\dogs\dogs_00891.jpg,dogs,1,val
D:\GitHub\Universidad\Inteligencia_Artificial\gatos_perros_pandas\animals\panda\panda_00249.jpg,animals\panda\panda_00249.jpg,panda,2,train
D:\GitHub\Universidad\Inteligencia_Artificial\gatos_perros_pandas\animals\dogs\dogs_00921.jpg,animals\dogs\dogs_00921.jpg,dogs,1,train
D:\GitHub\Universidad\Inteligencia_Artificial\gatos_perros_pandas\animals\panda\panda_00202.jpg,animals\panda\panda_00202.jpg,panda,2,train
D:\GitHub\Universidad\Inteligencia_Artificial\gatos_perros_pandas\animals\dogs\dogs_00722.jpg,animals\dogs\dogs_00722.jpg,dogs,1,train
D:\GitHub\Universidad\Inteligencia_Artificial\gatos_perros_pandas\animals\panda\panda_00370.jpg,animals\panda\panda_00370.jpg,panda,2,test
D:\GitHub\Universidad\Inteligencia_Artificial\gatos_perros_pandas\animals\cats\cats_00393.jpg,animals\cats\cats_00393.jpg,cats,0,train
D:\GitHub\Universidad\Inteligencia_Artificial\gatos_perros_pandas\animals\cats\cats_00705.jpg,animals\cats\cats_00705.jpg,cats,0,test
D:\GitHub\Universidad\Inteligencia_Artificial\gatos_perros_pandas\animals\dogs\dogs_00567.jpg,animals\dogs\dogs_00567.jpg,dogs,1,train
D:\GitHub\Universidad\Inteligencia_Artificial\gatos_perros_pandas\animals\cats\cats_00667.jpg,animals\cats\cats_00667.jpg,cats,0,train
D:\GitHub\Universidad\Inteligencia_Artificial\gatos_perros_pandas\animals\cats\cats_00533.jpg,animals\cats\cats_00533.jpg,cats,0,train
D:\GitHub\Universidad\Inteligencia_Artificial\gatos_perros_pandas\animals\panda\panda_00397.jpg,animals\panda\panda_00397.jpg,panda,2,test
D:\GitHub\Universidad\Inteligencia_Artificial\gatos_perros_pandas\animals\cats\cats_00426.jpg,animals\cats\cats_00426.jpg,cats,0,train
D:\GitHub\Universidad\Inteligencia_Artificial\gatos_perros_pandas\animals\dogs\dogs_00094.jpg,animals\dogs\dogs_00094.jpg,dogs,1,test
D:\GitHub\Universidad\Inteligencia_Artificial\gatos_perros_pandas\animals\cats\cats_00710.jpg,animals\cats\cats_00710.jpg,cats,0,val
D:\GitHub\Universidad\Inteligencia_Artificial\gatos_perros_pandas\animals\panda\panda_00741.jpg,animals\panda\panda_00741.jpg,panda,2,train
D:\GitHub\Universidad\Inteligencia_Artificial\gatos_perros_pandas\animals\dogs\dogs_00402.jpg,animals\dogs\dogs_00402.jpg,dogs,1,train
D:\GitHub\Universidad\Inteligencia_Artificial\gatos_perros_pandas\animals\dogs\dogs_00851.jpg,animals\dogs\dogs_00851.jpg,dogs,1,val
D:\GitHub\Universidad\Inteligencia_Artificial\gatos_perros_pandas\animals\dogs\dogs_00899.jpg,animals\dogs\dogs_00899.jpg,dogs,1,train
D:\GitHub\Universidad\Inteligencia_Artificial\gatos_perros_pandas\animals\panda\panda_00968.jpg,animals\panda\panda_00968.jpg,panda,2,train
D:\GitHub\Universidad\Inteligencia_Artificial\gatos_perros_pandas\animals\dogs\dogs_00962.jpg,animals\dogs\dogs_00962.jpg,dogs,1,train
D:\GitHub\Universidad\Inteligencia_Artificial\gatos_perros_pandas\animals\panda\panda_00699.jpg,animals\panda\panda_00699.jpg,panda,2,val
D:\GitHub\Universidad\Inteligencia_Artificial\gatos_perros_pandas\animals\cats\cats_00114.jpg,animals\cats\cats_00114.jpg,cats,0,train
D:\GitHub\Universidad\Inteligencia_Artificial\gatos_perros_pandas\animals\panda\panda_00997.jpg,animals\panda\panda_00997.jpg,panda,2,test
D:\GitHub\Universidad\Inteligencia_Artificial\gatos_perros_pandas\animals\panda\panda_00910.jpg,animals\panda\panda_00910.jpg,panda,2,train
D:\GitHub\Universidad\Inteligencia_Artificial\gatos_perros_pandas\animals\panda\panda_00048.jpg,animals\panda\panda_00048.jpg,panda,2,train
D:\GitHub\Universidad\Inteligencia_Artificial\gatos_perros_pandas\animals\panda\panda_00596.jpg,animals\panda\panda_00596.jpg,panda,2,test
D:\GitHub\Universidad\Inteligencia_Artificial\gatos_perros_pandas\animals\cats\cats_00023.jpg,animals\cats\cats_00023.jpg,cats,0,train
D:\GitHub\Universidad\Inteligencia_Artificial\gatos_perros_pandas\animals\dogs\dogs_00039.jpg,animals\dogs\dogs_00039.jpg,dogs,1,train
D:\GitHub\Universidad\Inteligencia_Artificial\gatos_perros_pandas\animals\panda\panda_00323.jpg,animals\panda\panda_00323.jpg,panda,2,train
D:\GitHub\Universidad\Inteligencia_Artificial\gatos_perros_pandas\animals\cats\cats_00096.jpg,animals\cats\cats_00096.jpg,cats,0,test
D:\GitHub\Universidad\Inteligencia_Artificial\gatos_perros_pandas\animals\cats\cats_00030.jpg,animals\cats\cats_00030.jpg,cats,0,train
D:\GitHub\Universidad\Inteligencia_Artificial\gatos_perros_pandas\animals\panda\panda_00969.jpg,animals\panda\panda_00969.jpg,panda,2,train
D:\GitHub\Universidad\Inteligencia_Artificial\gatos_perros_pandas\animals\dogs\dogs_00405.jpg,animals\dogs\dogs_00405.jpg,dogs,1,train
D:\GitHub\Universidad\Inteligencia_Artificial\gatos_perros_pandas\animals\cats\cats_00247.jpg,animals\cats\cats_00247.jpg,cats,0,val
D:\GitHub\Universidad\Inteligencia_Artificial\gatos_perros_pandas\animals\panda\panda_00852.jpg,animals\panda\panda_00852.jpg,panda,2,train
D:\GitHub\Universidad\Inteligencia_Artificial\gatos_perros_pandas\animals\panda\panda_00094.jpg,animals\panda\panda_00094.jpg,panda,2,train
D:\GitHub\Universidad\Inteligencia_Artificial\gatos_perros_pandas\animals\cats\cats_00142.jpg,animals\cats\cats_00142.jpg,cats,0,val
D:\GitHub\Universidad\Inteligencia_Artificial\gatos_perros_pandas\animals\dogs\dogs_00061.jpg,animals\dogs\dogs_00061.jpg,dogs,1,train
D:\GitHub\Universidad\Inteligencia_Artificial\gatos_perros_pandas\animals\cats\cats_00528.jpg,animals\cats\cats_00528.jpg,cats,0,train
D:\GitHub\Universidad\Inteligencia_Artificial\gatos_perros_pandas\animals\dogs\dogs_00540.jpg,animals\dogs\dogs_00540.jpg,dogs,1,train
D:\GitHub\Universidad\Inteligencia_Artificial\gatos_perros_pandas\animals\panda\panda_00928.jpg,animals\panda\panda_00928.jpg,panda,2,test
D:\GitHub\Universidad\Inteligencia_Artificial\gatos_perros_pandas\animals\panda\panda_00947.jpg,animals\panda\panda_00947.jpg,panda,2,train
D:\GitHub\Universidad\Inteligencia_Artificial\gatos_perros_pandas\animals\cats\cats_00636.jpg,animals\cats\cats_00636.jpg,cats,0,train
D:\GitHub\Universidad\Inteligencia_Artificial\gatos_perros_pandas\animals\dogs\dogs_00383.jpg,animals\dogs\dogs_00383.jpg,dogs,1,train
D:\GitHub\Universidad\Inteligencia_Artificial\gatos_perros_pandas\animals\dogs\dogs_00887.jpg,animals\dogs\dogs_00887.jpg,dogs,1,train
D:\GitHub\Universidad\Inteligencia_Artificial\gatos_perros_pandas\animals\cats\cats_00954.jpg,animals\cats\cats_00954.jpg,cats,0,train
D:\GitHub\Universidad\Inteligencia_Artificial\gatos_perros_pandas\animals\panda\panda_00404.jpg,animals\panda\panda_00404.jpg,panda,2,train
D:\GitHub\Universidad\Inteligencia_Artificial\gatos_perros_pandas\animals\panda\panda_01000.jpg,animals\panda\panda_01000.jpg,panda,2,train
D:\GitHub\Universidad\Inteligencia_Artificial\gatos_perros_pandas\animals\dogs\dogs_00954.jpg,animals\dogs\dogs_00954.jpg,dogs,1,train
D:\GitHub\Universidad\Inteligencia_Artificial\gatos_perros_pandas\animals\panda\panda_00877.jpg,animals\panda\panda_00877.jpg,panda,2,train
D:\GitHub\Universidad\Inteligencia_Artificial\gatos_perros_pandas\animals\cats\cats_00338.jpg,animals\cats\cats_00338.jpg,cats,0,train
D:\GitHub\Universidad\Inteligencia_Artificial\gatos_perros_pandas\animals\panda\panda_00441.jpg,animals\panda\panda_00441.jpg,panda,2,val
D:\GitHub\Universidad\Inteligencia_Artificial\gatos_perros_pandas\animals\cats\cats_00108.jpg,animals\cats\cats_00108.jpg,cats,0,train
D:\GitHub\Universidad\Inteligencia_Artificial\gatos_perros_pandas\animals\cats\cats_00091.jpg,animals\cats\cats_00091.jpg,cats,0,train
D:\GitHub\Universidad\Inteligencia_Artificial\gatos_perros_pandas\animals\cats\cats_00995.jpg,animals\cats\cats_00995.jpg,cats,0,test
D:\GitHub\Universidad\Inteligencia_Artificial\gatos_perros_pandas\animals\dogs\dogs_00196.jpg,animals\dogs\dogs_00196.jpg,dogs,1,val
D:\GitHub\Universidad\Inteligencia_Artificial\gatos_perros_pandas\animals\dogs\dogs_00831.jpg,animals\dogs\dogs_00831.jpg,dogs,1,train
D:\GitHub\Universidad\Inteligencia_Artificial\gatos_perros_pandas\animals\cats\cats_00609.jpg,animals\cats\cats_00609.jpg,cats,0,train
D:\GitHub\Universidad\Inteligencia_Artificial\gatos_perros_pandas\animals\cats\cats_00983.jpg,animals\cats\cats_00983.jpg,cats,0,test
D:\GitHub\Universidad\Inteligencia_Artificial\gatos_perros_pandas\animals\dogs\dogs_00212.jpg,animals\dogs\dogs_00212.jpg,dogs,1,train
D:\GitHub\Universidad\Inteligencia_Artificial\gatos_perros_pandas\animals\dogs\dogs_00520.jpg,animals\dogs\dogs_00520.jpg,dogs,1,val
D:\GitHub\Universidad\Inteligencia_Artificial\gatos_perros_pandas\animals\cats\cats_00052.jpg,animals\cats\cats_00052.jpg,cats,0,train
D:\GitHub\Universidad\Inteligencia_Artificial\gatos_perros_pandas\animals\cats\cats_00925.jpg,animals\cats\cats_00925.jpg,cats,0,train
D:\GitHub\Universidad\Inteligencia_Artificial\gatos_perros_pandas\animals\panda\panda_00332.jpg,animals\panda\panda_00332.jpg,panda,2,train
D:\GitHub\Universidad\Inteligencia_Artificial\gatos_perros_pandas\animals\panda\panda_00250.jpg,animals\panda\panda_00250.jpg,panda,2,train
D:\GitHub\Universidad\Inteligencia_Artificial\gatos_perros_pandas\animals\cats\cats_00330.jpg,animals\cats\cats_00330.jpg,cats,0,train
D:\GitHub\Universidad\Inteligencia_Artificial\gatos_perros_pandas\animals\cats\cats_00744.jpg,animals\cats\cats_00744.jpg,cats,0,train
D:\GitHub\Universidad\Inteligencia_Artificial\gatos_perros_pandas\animals\cats\cats_00589.jpg,animals\cats\cats_00589.jpg,cats,0,train
D:\GitHub\Universidad\Inteligencia_Artificial\gatos_perros_pandas\animals\dogs\dogs_00748.jpg,animals\dogs\dogs_00748.jpg,dogs,1,train
D:\GitHub\Universidad\Inteligencia_Artificial\gatos_perros_pandas\animals\cats\cats_00949.jpg,animals\cats\cats_00949.jpg,cats,0,train
D:\GitHub\Universidad\Inteligencia_Artificial\gatos_perros_pandas\animals\panda\panda_00510.jpg,animals\panda\panda_00510.jpg,panda,2,test
D:\GitHub\Universidad\Inteligencia_Artificial\gatos_perros_pandas\animals\dogs\dogs_00304.jpg,animals\dogs\dogs_00304.jpg,dogs,1,train
D:\GitHub\Universidad\Inteligencia_Artificial\gatos_perros_pandas\animals\panda\panda_00411.jpg,animals\panda\panda_00411.jpg,panda,2,train
D:\GitHub\Universidad\Inteligencia_Artificial\gatos_perros_pandas\animals\cats\cats_00802.jpg,animals\cats\cats_00802.jpg,cats,0,train
D:\GitHub\Universidad\Inteligencia_Artificial\gatos_perros_pandas\animals\panda\panda_00937.jpg,animals\panda\panda_00937.jpg,panda,2,val
D:\GitHub\Universidad\Inteligencia_Artificial\gatos_perros_pandas\animals\cats\cats_00803.jpg,animals\cats\cats_00803.jpg,cats,0,train
D:\GitHub\Universidad\Inteligencia_Artificial\gatos_perros_pandas\animals\dogs\dogs_00554.jpg,animals\dogs\dogs_00554.jpg,dogs,1,train
D:\GitHub\Universidad\Inteligencia_Artificial\gatos_perros_pandas\animals\cats\cats_00471.jpg,animals\cats\cats_00471.jpg,cats,0,test
D:\GitHub\Universidad\Inteligencia_Artificial\gatos_perros_pandas\animals\cats\cats_00548.jpg,animals\cats\cats_00548.jpg,cats,0,train
D:\GitHub\Universidad\Inteligencia_Artificial\gatos_perros_pandas\animals\dogs\dogs_00767.jpg,animals\dogs\dogs_00767.jpg,dogs,1,test
D:\GitHub\Universidad\Inteligencia_Artificial\gatos_perros_pandas\animals\cats\cats_00043.jpg,animals\cats\cats_00043.jpg,cats,0,train
D:\GitHub\Universidad\Inteligencia_Artificial\gatos_perros_pandas\animals\dogs\dogs_00037.jpg,animals\dogs\dogs_00037.jpg,dogs,1,val
D:\GitHub\Universidad\Inteligencia_Artificial\gatos_perros_pandas\animals\cats\cats_00329.jpg,animals\cats\cats_00329.jpg,cats,0,train
D:\GitHub\Universidad\Inteligencia_Artificial\gatos_perros_pandas\animals\panda\panda_00500.jpg,animals\panda\panda_00500.jpg,panda,2,train
D:\GitHub\Universidad\Inteligencia_Artificial\gatos_perros_pandas\animals\cats\cats_00497.jpg,animals\cats\cats_00497.jpg,cats,0,train
D:\GitHub\Universidad\Inteligencia_Artificial\gatos_perros_pandas\animals\panda\panda_00811.jpg,animals\panda\panda_00811.jpg,panda,2,test
D:\GitHub\Universidad\Inteligencia_Artificial\gatos_perros_pandas\animals\dogs\dogs_00723.jpg,animals\dogs\dogs_00723.jpg,dogs,1,val
D:\GitHub\Universidad\Inteligencia_Artificial\gatos_perros_pandas\animals\panda\panda_00483.jpg,animals\panda\panda_00483.jpg,panda,2,train
D:\GitHub\Universidad\Inteligencia_Artificial\gatos_perros_pandas\animals\cats\cats_00883.jpg,animals\cats\cats_00883.jpg,cats,0,test
D:\GitHub\Universidad\Inteligencia_Artificial\gatos_perros_pandas\animals\panda\panda_00540.jpg,animals\panda\panda_00540.jpg,panda,2,train
D:\GitHub\Universidad\Inteligencia_Artificial\gatos_perros_pandas\animals\cats\cats_00386.jpg,animals\cats\cats_00386.jpg,cats,0,train
D:\GitHub\Universidad\Inteligencia_Artificial\gatos_perros_pandas\animals\dogs\dogs_00944.jpg,animals\dogs\dogs_00944.jpg,dogs,1,test
D:\GitHub\Universidad\Inteligencia_Artificial\gatos_perros_pandas\animals\cats\cats_00235.jpg,animals\cats\cats_00235.jpg,cats,0,test
D:\GitHub\Universidad\Inteligencia_Artificial\gatos_perros_pandas\animals\cats\cats_00034.jpg,animals\cats\cats_00034.jpg,cats,0,train
D:\GitHub\Universidad\Inteligencia_Artificial\gatos_perros_pandas\animals\cats\cats_00318.jpg,animals\cats\cats_00318.jpg,cats,0,train
D:\GitHub\Universidad\Inteligencia_Artificial\gatos_perros_pandas\animals\cats\cats_00919.jpg,animals\cats\cats_00919.jpg,cats,0,train
D:\GitHub\Universidad\Inteligencia_Artificial\gatos_perros_pandas\animals\dogs\dogs_00340.jpg,animals\dogs\dogs_00340.jpg,dogs,1,val
D:\GitHub\Universidad\Inteligencia_Artificial\gatos_perros_pandas\animals\cats\cats_00826.jpg,animals\cats\cats_00826.jpg,cats,0,test
D:\GitHub\Universidad\Inteligencia_Artificial\gatos_perros_pandas\animals\dogs\dogs_00020.jpg,animals\dogs\dogs_00020.jpg,dogs,1,train
D:\GitHub\Universidad\Inteligencia_Artificial\gatos_perros_pandas\animals\dogs\dogs_00943.jpg,animals\dogs\dogs_00943.jpg,dogs,1,train
D:\GitHub\Universidad\Inteligencia_Artificial\gatos_perros_pandas\animals\cats\cats_00775.jpg,animals\cats\cats_00775.jpg,cats,0,train
D:\GitHub\Universidad\Inteligencia_Artificial\gatos_perros_pandas\animals\cats\cats_00256.jpg,animals\cats\cats_00256.jpg,cats,0,train
D:\GitHub\Universidad\Inteligencia_Artificial\gatos_perros_pandas\animals\dogs\dogs_00632.jpg,animals\dogs\dogs_00632.jpg,dogs,1,train
D:\GitHub\Universidad\Inteligencia_Artificial\gatos_perros_pandas\animals\cats\cats_00596.jpg,animals\cats\cats_00596.jpg,cats,0,train
D:\GitHub\Universidad\Inteligencia_Artificial\gatos_perros_pandas\animals\dogs\dogs_00672.jpg,animals\dogs\dogs_00672.jpg,dogs,1,train
D:\GitHub\Universidad\Inteligencia_Artificial\gatos_perros_pandas\animals\dogs\dogs_00772.jpg,animals\dogs\dogs_00772.jpg,dogs,1,train
D:\GitHub\Universidad\Inteligencia_Artificial\gatos_perros_pandas\animals\panda\panda_00971.jpg,animals\panda\panda_00971.jpg,panda,2,test
D:\GitHub\Universidad\Inteligencia_Artificial\gatos_perros_pandas\animals\dogs\dogs_00955.jpg,animals\dogs\dogs_00955.jpg,dogs,1,train
D:\GitHub\Universidad\Inteligencia_Artificial\gatos_perros_pandas\animals\cats\cats_00570.jpg,animals\cats\cats_00570.jpg,cats,0,train
D:\GitHub\Universidad\Inteligencia_Artificial\gatos_perros_pandas\animals\dogs\dogs_00681.jpg,animals\dogs\dogs_00681.jpg,dogs,1,train
D:\GitHub\Universidad\Inteligencia_Artificial\gatos_perros_pandas\animals\cats\cats_00316.jpg,animals\cats\cats_00316.jpg,cats,0,train
D:\GitHub\Universidad\Inteligencia_Artificial\gatos_perros_pandas\animals\cats\cats_00611.jpg,animals\cats\cats_00611.jpg,cats,0,val
D:\GitHub\Universidad\Inteligencia_Artificial\gatos_perros_pandas\animals\dogs\dogs_00016.jpg,animals\dogs\dogs_00016.jpg,dogs,1,val
D:\GitHub\Universidad\Inteligencia_Artificial\gatos_perros_pandas\animals\cats\cats_00896.jpg,animals\cats\cats_00896.jpg,cats,0,train
D:\GitHub\Universidad\Inteligencia_Artificial\gatos_perros_pandas\animals\dogs\dogs_00674.jpg,animals\dogs\dogs_00674.jpg,dogs,1,test
D:\GitHub\Universidad\Inteligencia_Artificial\gatos_perros_pandas\animals\panda\panda_00359.jpg,animals\panda\panda_00359.jpg,panda,2,train
D:\GitHub\Universidad\Inteligencia_Artificial\gatos_perros_pandas\animals\cats\cats_00304.jpg,animals\cats\cats_00304.jpg,cats,0,train
D:\GitHub\Universidad\Inteligencia_Artificial\gatos_perros_pandas\animals\cats\cats_00447.jpg,animals\cats\cats_00447.jpg,cats,0,train
D:\GitHub\Universidad\Inteligencia_Artificial\gatos_perros_pandas\animals\panda\panda_00631.jpg,animals\panda\panda_00631.jpg,panda,2,test
D:\GitHub\Universidad\Inteligencia_Artificial\gatos_perros_pandas\animals\dogs\dogs_00564.jpg,animals\dogs\dogs_00564.jpg,dogs,1,test
D:\GitHub\Universidad\Inteligencia_Artificial\gatos_perros_pandas\animals\cats\cats_00601.jpg,animals\cats\cats_00601.jpg,cats,0,train
D:\GitHub\Universidad\Inteligencia_Artificial\gatos_perros_pandas\animals\cats\cats_00893.jpg,animals\cats\cats_00893.jpg,cats,0,train
D:\GitHub\Universidad\Inteligencia_Artificial\gatos_perros_pandas\animals\panda\panda_00148.jpg,animals\panda\panda_00148.jpg,panda,2,test
D:\GitHub\Universidad\Inteligencia_Artificial\gatos_perros_pandas\animals\dogs\dogs_00409.jpg,animals\dogs\dogs_00409.jpg,dogs,1,train
D:\GitHub\Universidad\Inteligencia_Artificial\gatos_perros_pandas\animals\dogs\dogs_00881.jpg,animals\dogs\dogs_00881.jpg,dogs,1,test
D:\GitHub\Universidad\Inteligencia_Artificial\gatos_perros_pandas\animals\panda\panda_00253.jpg,animals\panda\panda_00253.jpg,panda,2,train
D:\GitHub\Universidad\Inteligencia_Artificial\gatos_perros_pandas\animals\cats\cats_00106.jpg,animals\cats\cats_00106.jpg,cats,0,train
D:\GitHub\Universidad\Inteligencia_Artificial\gatos_perros_pandas\animals\panda\panda_00939.jpg,animals\panda\panda_00939.jpg,panda,2,train
D:\GitHub\Universidad\Inteligencia_Artificial\gatos_perros_pandas\animals\panda\panda_00603.jpg,animals\panda\panda_00603.jpg,panda,2,train
D:\GitHub\Universidad\Inteligencia_Artificial\gatos_perros_pandas\animals\dogs\dogs_00627.jpg,animals\dogs\dogs_00627.jpg,dogs,1,train
D:\GitHub\Universidad\Inteligencia_Artificial\gatos_perros_pandas\animals\dogs\dogs_00446.jpg,animals\dogs\dogs_00446.jpg,dogs,1,train
D:\GitHub\Universidad\Inteligencia_Artificial\gatos_perros_pandas\animals\dogs\dogs_00327.jpg,animals\dogs\dogs_00327.jpg,dogs,1,train
D:\GitHub\Universidad\Inteligencia_Artificial\gatos_perros_pandas\animals\panda\panda_00711.jpg,animals\panda\panda_00711.jpg,panda,2,val
D:\GitHub\Universidad\Inteligencia_Artificial\gatos_perros_pandas\animals\panda\panda_00268.jpg,animals\panda\panda_00268.jpg,panda,2,train
D:\GitHub\Universidad\Inteligencia_Artificial\gatos_perros_pandas\animals\cats\cats_00068.jpg,animals\cats\cats_00068.jpg,cats,0,test
D:\GitHub\Universidad\Inteligencia_Artificial\gatos_perros_pandas\animals\panda\panda_00921.jpg,animals\panda\panda_00921.jpg,panda,2,train
D:\GitHub\Universidad\Inteligencia_Artificial\gatos_perros_pandas\animals\cats\cats_00176.jpg,animals\cats\cats_00176.jpg,cats,0,test
D:\GitHub\Universidad\Inteligencia_Artificial\gatos_perros_pandas\animals\dogs\dogs_00657.jpg,animals\dogs\dogs_00657.jpg,dogs,1,train
D:\GitHub\Universidad\Inteligencia_Artificial\gatos_perros_pandas\animals\panda\panda_00382.jpg,animals\panda\panda_00382.jpg,panda,2,train
D:\GitHub\Universidad\Inteligencia_Artificial\gatos_perros_pandas\animals\panda\panda_00126.jpg,animals\panda\panda_00126.jpg,panda,2,val
D:\GitHub\Universidad\Inteligencia_Artificial\gatos_perros_pandas\animals\dogs\dogs_00320.jpg,animals\dogs\dogs_00320.jpg,dogs,1,train
D:\GitHub\Universidad\Inteligencia_Artificial\gatos_perros_pandas\animals\dogs\dogs_00259.jpg,animals\dogs\dogs_00259.jpg,dogs,1,test
D:\GitHub\Universidad\Inteligencia_Artificial\gatos_perros_pandas\animals\panda\panda_00929.jpg,animals\panda\panda_00929.jpg,panda,2,train
D:\GitHub\Universidad\Inteligencia_Artificial\gatos_perros_pandas\animals\cats\cats_00185.jpg,animals\cats\cats_00185.jpg,cats,0,train
D:\GitHub\Universidad\Inteligencia_Artificial\gatos_perros_pandas\animals\panda\panda_00104.jpg,animals\panda\panda_00104.jpg,panda,2,train
D:\GitHub\Universidad\Inteligencia_Artificial\gatos_perros_pandas\animals\dogs\dogs_00696.jpg,animals\dogs\dogs_00696.jpg,dogs,1,train
D:\GitHub\Universidad\Inteligencia_Artificial\gatos_perros_pandas\animals\dogs\dogs_00419.jpg,animals\dogs\dogs_00419.jpg,dogs,1,test
D:\GitHub\Universidad\Inteligencia_Artificial\gatos_perros_pandas\animals\dogs\dogs_00371.jpg,animals\dogs\dogs_00371.jpg,dogs,1,test
D:\GitHub\Universidad\Inteligencia_Artificial\gatos_perros_pandas\animals\dogs\dogs_00066.jpg,animals\dogs\dogs_00066.jpg,dogs,1,train
D:\GitHub\Universidad\Inteligencia_Artificial\gatos_perros_pandas\animals\dogs\dogs_00705.jpg,animals\dogs\dogs_00705.jpg,dogs,1,train
D:\GitHub\Universidad\Inteligencia_Artificial\gatos_perros_pandas\animals\panda\panda_00902.jpg,animals\panda\panda_00902.jpg,panda,2,train
D:\GitHub\Universidad\Inteligencia_Artificial\gatos_perros_pandas\animals\dogs\dogs_00051.jpg,animals\dogs\dogs_00051.jpg,dogs,1,train
D:\GitHub\Universidad\Inteligencia_Artificial\gatos_perros_pandas\animals\panda\panda_00085.jpg,animals\panda\panda_00085.jpg,panda,2,val
D:\GitHub\Universidad\Inteligencia_Artificial\gatos_perros_pandas\animals\cats\cats_00079.jpg,animals\cats\cats_00079.jpg,cats,0,train
D:\GitHub\Universidad\Inteligencia_Artificial\gatos_perros_pandas\animals\dogs\dogs_00135.jpg,animals\dogs\dogs_00135.jpg,dogs,1,test
D:\GitHub\Universidad\Inteligencia_Artificial\gatos_perros_pandas\animals\dogs\dogs_00213.jpg,animals\dogs\dogs_00213.jpg,dogs,1,train
D:\GitHub\Universidad\Inteligencia_Artificial\gatos_perros_pandas\animals\dogs\dogs_00914.jpg,animals\dogs\dogs_00914.jpg,dogs,1,train
D:\GitHub\Universidad\Inteligencia_Artificial\gatos_perros_pandas\animals\dogs\dogs_00934.jpg,animals\dogs\dogs_00934.jpg,dogs,1,train
D:\GitHub\Universidad\Inteligencia_Artificial\gatos_perros_pandas\animals\panda\panda_00492.jpg,animals\panda\panda_00492.jpg,panda,2,train
D:\GitHub\Universidad\Inteligencia_Artificial\gatos_perros_pandas\animals\cats\cats_00823.jpg,animals\cats\cats_00823.jpg,cats,0,train
D:\GitHub\Universidad\Inteligencia_Artificial\gatos_perros_pandas\animals\panda\panda_00737.jpg,animals\panda\panda_00737.jpg,panda,2,train
D:\GitHub\Universidad\Inteligencia_Artificial\gatos_perros_pandas\animals\dogs\dogs_00407.jpg,animals\dogs\dogs_00407.jpg,dogs,1,train
D:\GitHub\Universidad\Inteligencia_Artificial\gatos_perros_pandas\animals\panda\panda_00161.jpg,animals\panda\panda_00161.jpg,panda,2,train
D:\GitHub\Universidad\Inteligencia_Artificial\gatos_perros_pandas\animals\dogs\dogs_00498.jpg,animals\dogs\dogs_00498.jpg,dogs,1,train
D:\GitHub\Universidad\Inteligencia_Artificial\gatos_perros_pandas\animals\cats\cats_00577.jpg,animals\cats\cats_00577.jpg,cats,0,train
D:\GitHub\Universidad\Inteligencia_Artificial\gatos_perros_pandas\animals\dogs\dogs_00871.jpg,animals\dogs\dogs_00871.jpg,dogs,1,train
D:\GitHub\Universidad\Inteligencia_Artificial\gatos_perros_pandas\animals\cats\cats_00441.jpg,animals\cats\cats_00441.jpg,cats,0,train
D:\GitHub\Universidad\Inteligencia_Artificial\gatos_perros_pandas\animals\cats\cats_00111.jpg,animals\cats\cats_00111.jpg,cats,0,train
D:\GitHub\Universidad\Inteligencia_Artificial\gatos_perros_pandas\animals\dogs\dogs_00021.jpg,animals\dogs\dogs_00021.jpg,dogs,1,train
D:\GitHub\Universidad\Inteligencia_Artificial\gatos_perros_pandas\animals\cats\cats_00511.jpg,animals\cats\cats_00511.jpg,cats,0,train
D:\GitHub\Universidad\Inteligencia_Artificial\gatos_perros_pandas\animals\dogs\dogs_00654.jpg,animals\dogs\dogs_00654.jpg,dogs,1,train
D:\GitHub\Universidad\Inteligencia_Artificial\gatos_perros_pandas\animals\cats\cats_00134.jpg,animals\cats\cats_00134.jpg,cats,0,train
D:\GitHub\Universidad\Inteligencia_Artificial\gatos_perros_pandas\animals\panda\panda_00485.jpg,animals\panda\panda_00485.jpg,panda,2,test
D:\GitHub\Universidad\Inteligencia_Artificial\gatos_perros_pandas\animals\panda\panda_00738.jpg,animals\panda\panda_00738.jpg,panda,2,train
D:\GitHub\Universidad\Inteligencia_Artificial\gatos_perros_pandas\animals\dogs\dogs_00234.jpg,animals\dogs\dogs_00234.jpg,dogs,1,train
D:\GitHub\Universidad\Inteligencia_Artificial\gatos_perros_pandas\animals\panda\panda_00594.jpg,animals\panda\panda_00594.jpg,panda,2,train
D:\GitHub\Universidad\Inteligencia_Artificial\gatos_perros_pandas\animals\dogs\dogs_00644.jpg,animals\dogs\dogs_00644.jpg,dogs,1,train
D:\GitHub\Universidad\Inteligencia_Artificial\gatos_perros_pandas\animals\dogs\dogs_00410.jpg,animals\dogs\dogs_00410.jpg,dogs,1,train
D:\GitHub\Universidad\Inteligencia_Artificial\gatos_perros_pandas\animals\dogs\dogs_00545.jpg,animals\dogs\dogs_00545.jpg,dogs,1,train
D:\GitHub\Universidad\Inteligencia_Artificial\gatos_perros_pandas\animals\panda\panda_00638.jpg,animals\panda\panda_00638.jpg,panda,2,test
D:\GitHub\Universidad\Inteligencia_Artificial\gatos_perros_pandas\animals\panda\panda_00912.jpg,animals\panda\panda_00912.jpg,panda,2,train
D:\GitHub\Universidad\Inteligencia_Artificial\gatos_perros_pandas\animals\panda\panda_00193.jpg,animals\panda\panda_00193.jpg,panda,2,train
D:\GitHub\Universidad\Inteligencia_Artificial\gatos_perros_pandas\animals\dogs\dogs_00546.jpg,animals\dogs\dogs_00546.jpg,dogs,1,train
D:\GitHub\Universidad\Inteligencia_Artificial\gatos_perros_pandas\animals\panda\panda_00545.jpg,animals\panda\panda_00545.jpg,panda,2,train
D:\GitHub\Universidad\Inteligencia_Artificial\gatos_perros_pandas\animals\panda\panda_00843.jpg,animals\panda\panda_00843.jpg,panda,2,train
D:\GitHub\Universidad\Inteligencia_Artificial\gatos_perros_pandas\animals\panda\panda_00091.jpg,animals\panda\panda_00091.jpg,panda,2,train
D:\GitHub\Universidad\Inteligencia_Artificial\gatos_perros_pandas\animals\cats\cats_00574.jpg,animals\cats\cats_00574.jpg,cats,0,train
D:\GitHub\Universidad\Inteligencia_Artificial\gatos_perros_pandas\animals\panda\panda_00922.jpg,animals\panda\panda_00922.jpg,panda,2,train
D:\GitHub\Universidad\Inteligencia_Artificial\gatos_perros_pandas\animals\cats\cats_00439.jpg,animals\cats\cats_00439.jpg,cats,0,val
D:\GitHub\Universidad\Inteligencia_Artificial\gatos_perros_pandas\animals\panda\panda_00515.jpg,animals\panda\panda_00515.jpg,panda,2,train
D:\GitHub\Universidad\Inteligencia_Artificial\gatos_perros_pandas\animals\cats\cats_00718.jpg,animals\cats\cats_00718.jpg,cats,0,train
D:\GitHub\Universidad\Inteligencia_Artificial\gatos_perros_pandas\animals\dogs\dogs_00817.jpg,animals\dogs\dogs_00817.jpg,dogs,1,val
D:\GitHub\Universidad\Inteligencia_Artificial\gatos_perros_pandas\animals\dogs\dogs_00867.jpg,animals\dogs\dogs_00867.jpg,dogs,1,train
D:\GitHub\Universidad\Inteligencia_Artificial\gatos_perros_pandas\animals\panda\panda_00716.jpg,animals\panda\panda_00716.jpg,panda,2,train
D:\GitHub\Universidad\Inteligencia_Artificial\gatos_perros_pandas\animals\cats\cats_00406.jpg,animals\cats\cats_00406.jpg,cats,0,test
D:\GitHub\Universidad\Inteligencia_Artificial\gatos_perros_pandas\animals\cats\cats_00719.jpg,animals\cats\cats_00719.jpg,cats,0,test
D:\GitHub\Universidad\Inteligencia_Artificial\gatos_perros_pandas\animals\cats\cats_00298.jpg,animals\cats\cats_00298.jpg,cats,0,train
D:\GitHub\Universidad\Inteligencia_Artificial\gatos_perros_pandas\animals\dogs\dogs_00744.jpg,animals\dogs\dogs_00744.jpg,dogs,1,val
D:\GitHub\Universidad\Inteligencia_Artificial\gatos_perros_pandas\animals\cats\cats_00836.jpg,animals\cats\cats_00836.jpg,cats,0,train
D:\GitHub\Universidad\Inteligencia_Artificial\gatos_perros_pandas\animals\dogs\dogs_00788.jpg,animals\dogs\dogs_00788.jpg,dogs,1,train
D:\GitHub\Universidad\Inteligencia_Artificial\gatos_perros_pandas\animals\dogs\dogs_00856.jpg,animals\dogs\dogs_00856.jpg,dogs,1,train
D:\GitHub\Universidad\Inteligencia_Artificial\gatos_perros_pandas\animals\dogs\dogs_00819.jpg,animals\dogs\dogs_00819.jpg,dogs,1,val
D:\GitHub\Universidad\Inteligencia_Artificial\gatos_perros_pandas\animals\cats\cats_00878.jpg,animals\cats\cats_00878.jpg,cats,0,train
D:\GitHub\Universidad\Inteligencia_Artificial\gatos_perros_pandas\animals\dogs\dogs_00578.jpg,animals\dogs\dogs_00578.jpg,dogs,1,train
D:\GitHub\Universidad\Inteligencia_Artificial\gatos_perros_pandas\animals\dogs\dogs_00355.jpg,animals\dogs\dogs_00355.jpg,dogs,1,train
D:\GitHub\Universidad\Inteligencia_Artificial\gatos_perros_pandas\animals\cats\cats_00758.jpg,animals\cats\cats_00758.jpg,cats,0,train
D:\GitHub\Universidad\Inteligencia_Artificial\gatos_perros_pandas\animals\dogs\dogs_00710.jpg,animals\dogs\dogs_00710.jpg,dogs,1,val
D:\GitHub\Universidad\Inteligencia_Artificial\gatos_perros_pandas\animals\panda\panda_00681.jpg,animals\panda\panda_00681.jpg,panda,2,test
D:\GitHub\Universidad\Inteligencia_Artificial\gatos_perros_pandas\animals\panda\panda_00407.jpg,animals\panda\panda_00407.jpg,panda,2,train
D:\GitHub\Universidad\Inteligencia_Artificial\gatos_perros_pandas\animals\dogs\dogs_00072.jpg,animals\dogs\dogs_00072.jpg,dogs,1,val
D:\GitHub\Universidad\Inteligencia_Artificial\gatos_perros_pandas\animals\cats\cats_00918.jpg,animals\cats\cats_00918.jpg,cats,0,train
D:\GitHub\Universidad\Inteligencia_Artificial\gatos_perros_pandas\animals\panda\panda_00549.jpg,animals\panda\panda_00549.jpg,panda,2,test
D:\GitHub\Universidad\Inteligencia_Artificial\gatos_perros_pandas\animals\dogs\dogs_00258.jpg,animals\dogs\dogs_00258.jpg,dogs,1,train
D:\GitHub\Universidad\Inteligencia_Artificial\gatos_perros_pandas\animals\panda\panda_00128.jpg,animals\panda\panda_00128.jpg,panda,2,test
D:\GitHub\Universidad\Inteligencia_Artificial\gatos_perros_pandas\animals\panda\panda_00340.jpg,animals\panda\panda_00340.jpg,panda,2,test
D:\GitHub\Universidad\Inteligencia_Artificial\gatos_perros_pandas\animals\panda\panda_00992.jpg,animals\panda\panda_00992.jpg,panda,2,train
D:\GitHub\Universidad\Inteligencia_Artificial\gatos_perros_pandas\animals\panda\panda_00832.jpg,animals\panda\panda_00832.jpg,panda,2,train
D:\GitHub\Universidad\Inteligencia_Artificial\gatos_perros_pandas\animals\cats\cats_00098.jpg,animals\cats\cats_00098.jpg,cats,0,train
D:\GitHub\Universidad\Inteligencia_Artificial\gatos_perros_pandas\animals\panda\panda_00778.jpg,animals\panda\panda_00778.jpg,panda,2,train
D:\GitHub\Universidad\Inteligencia_Artificial\gatos_perros_pandas\animals\panda\panda_00224.jpg,animals\panda\panda_00224.jpg,panda,2,train
D:\GitHub\Universidad\Inteligencia_Artificial\gatos_perros_pandas\animals\panda\panda_00369.jpg,animals\panda\panda_00369.jpg,panda,2,train
D:\GitHub\Universidad\Inteligencia_Artificial\gatos_perros_pandas\animals\panda\panda_00259.jpg,animals\panda\panda_00259.jpg,panda,2,train
D:\GitHub\Universidad\Inteligencia_Artificial\gatos_perros_pandas\animals\dogs\dogs_00414.jpg,animals\dogs\dogs_00414.jpg,dogs,1,test
D:\GitHub\Universidad\Inteligencia_Artificial\gatos_perros_pandas\animals\cats\cats_00112.jpg,animals\cats\cats_00112.jpg,cats,0,train
D:\GitHub\Universidad\Inteligencia_Artificial\gatos_perros_pandas\animals\dogs\dogs_00971.jpg,animals\dogs\dogs_00971.jpg,dogs,1,train
D:\GitHub\Universidad\Inteligencia_Artificial\gatos_perros_pandas\animals\panda\panda_00281.jpg,animals\panda\panda_00281.jpg,panda,2,train
D:\GitHub\Universidad\Inteligencia_Artificial\gatos_perros_pandas\animals\cats\cats_00047.jpg,animals\cats\cats_00047.jpg,cats,0,test
D:\GitHub\Universidad\Inteligencia_Artificial\gatos_perros_pandas\animals\panda\panda_00260.jpg,animals\panda\panda_00260.jpg,panda,2,test
D:\GitHub\Universidad\Inteligencia_Artificial\gatos_perros_pandas\animals\cats\cats_00360.jpg,animals\cats\cats_00360.jpg,cats,0,train
D:\GitHub\Universidad\Inteligencia_Artificial\gatos_perros_pandas\animals\dogs\dogs_00464.jpg,animals\dogs\dogs_00464.jpg,dogs,1,train
D:\GitHub\Universidad\Inteligencia_Artificial\gatos_perros_pandas\animals\cats\cats_00380.jpg,animals\cats\cats_00380.jpg,cats,0,test
D:\GitHub\Universidad\Inteligencia_Artificial\gatos_perros_pandas\animals\cats\cats_00824.jpg,animals\cats\cats_00824.jpg,cats,0,train
D:\GitHub\Universidad\Inteligencia_Artificial\gatos_perros_pandas\animals\panda\panda_00240.jpg,animals\panda\panda_00240.jpg,panda,2,train
D:\GitHub\Universidad\Inteligencia_Artificial\gatos_perros_pandas\animals\panda\panda_00324.jpg,animals\panda\panda_00324.jpg,panda,2,test
D:\GitHub\Universidad\Inteligencia_Artificial\gatos_perros_pandas\animals\cats\cats_00706.jpg,animals\cats\cats_00706.jpg,cats,0,train
D:\GitHub\Universidad\Inteligencia_Artificial\gatos_perros_pandas\animals\panda\panda_00049.jpg,animals\panda\panda_00049.jpg,panda,2,test
D:\GitHub\Universidad\Inteligencia_Artificial\gatos_perros_pandas\animals\dogs\dogs_00484.jpg,animals\dogs\dogs_00484.jpg,dogs,1,val
D:\GitHub\Universidad\Inteligencia_Artificial\gatos_perros_pandas\animals\dogs\dogs_00544.jpg,animals\dogs\dogs_00544.jpg,dogs,1,val
D:\GitHub\Universidad\Inteligencia_Artificial\gatos_perros_pandas\animals\panda\panda_00092.jpg,animals\panda\panda_00092.jpg,panda,2,train
D:\GitHub\Universidad\Inteligencia_Artificial\gatos_perros_pandas\animals\panda\panda_00712.jpg,animals\panda\panda_00712.jpg,panda,2,train
D:\GitHub\Universidad\Inteligencia_Artificial\gatos_perros_pandas\animals\panda\panda_00037.jpg,animals\panda\panda_00037.jpg,panda,2,train
D:\GitHub\Universidad\Inteligencia_Artificial\gatos_perros_pandas\animals\panda\panda_00614.jpg,animals\panda\panda_00614.jpg,panda,2,train
D:\GitHub\Universidad\Inteligencia_Artificial\gatos_perros_pandas\animals\panda\panda_00208.jpg,animals\panda\panda_00208.jpg,panda,2,train
D:\GitHub\Universidad\Inteligencia_Artificial\gatos_perros_pandas\animals\panda\panda_00081.jpg,animals\panda\panda_00081.jpg,panda,2,val
D:\GitHub\Universidad\Inteligencia_Artificial\gatos_perros_pandas\animals\cats\cats_00513.jpg,animals\cats\cats_00513.jpg,cats,0,val
D:\GitHub\Universidad\Inteligencia_Artificial\gatos_perros_pandas\animals\cats\cats_00284.jpg,animals\cats\cats_00284.jpg,cats,0,train
D:\GitHub\Universidad\Inteligencia_Artificial\gatos_perros_pandas\animals\dogs\dogs_00704.jpg,animals\dogs\dogs_00704.jpg,dogs,1,test
D:\GitHub\Universidad\Inteligencia_Artificial\gatos_perros_pandas\animals\cats\cats_00427.jpg,animals\cats\cats_00427.jpg,cats,0,train
D:\GitHub\Universidad\Inteligencia_Artificial\gatos_perros_pandas\animals\dogs\dogs_00562.jpg,animals\dogs\dogs_00562.jpg,dogs,1,train
D:\GitHub\Universidad\Inteligencia_Artificial\gatos_perros_pandas\animals\panda\panda_00196.jpg,animals\panda\panda_00196.jpg,panda,2,test
D:\GitHub\Universidad\Inteligencia_Artificial\gatos_perros_pandas\animals\dogs\dogs_00497.jpg,animals\dogs\dogs_00497.jpg,dogs,1,val
D:\GitHub\Universidad\Inteligencia_Artificial\gatos_perros_pandas\animals\panda\panda_00762.jpg,animals\panda\panda_00762.jpg,panda,2,test
D:\GitHub\Universidad\Inteligencia_Artificial\gatos_perros_pandas\animals\cats\cats_00071.jpg,animals\cats\cats_00071.jpg,cats,0,val
D:\GitHub\Universidad\Inteligencia_Artificial\gatos_perros_pandas\animals\cats\cats_00110.jpg,animals\cats\cats_00110.jpg,cats,0,train
D:\GitHub\Universidad\Inteligencia_Artificial\gatos_perros_pandas\animals\dogs\dogs_00309.jpg,animals\dogs\dogs_00309.jpg,dogs,1,train
D:\GitHub\Universidad\Inteligencia_Artificial\gatos_perros_pandas\animals\panda\panda_00875.jpg,animals\panda\panda_00875.jpg,panda,2,train
D:\GitHub\Universidad\Inteligencia_Artificial\gatos_perros_pandas\animals\cats\cats_00967.jpg,animals\cats\cats_00967.jpg,cats,0,train
D:\GitHub\Universidad\Inteligencia_Artificial\gatos_perros_pandas\animals\panda\panda_00381.jpg,animals\panda\panda_00381.jpg,panda,2,val
D:\GitHub\Universidad\Inteligencia_Artificial\gatos_perros_pandas\animals\cats\cats_00485.jpg,animals\cats\cats_00485.jpg,cats,0,val
D:\GitHub\Universidad\Inteligencia_Artificial\gatos_perros_pandas\animals\panda\panda_00102.jpg,animals\panda\panda_00102.jpg,panda,2,train
D:\GitHub\Universidad\Inteligencia_Artificial\gatos_perros_pandas\animals\dogs\dogs_00034.jpg,animals\dogs\dogs_00034.jpg,dogs,1,test
D:\GitHub\Universidad\Inteligencia_Artificial\gatos_perros_pandas\animals\panda\panda_00282.jpg,animals\panda\panda_00282.jpg,panda,2,val
D:\GitHub\Universidad\Inteligencia_Artificial\gatos_perros_pandas\animals\dogs\dogs_00642.jpg,animals\dogs\dogs_00642.jpg,dogs,1,val
D:\GitHub\Universidad\Inteligencia_Artificial\gatos_perros_pandas\animals\dogs\dogs_00987.jpg,animals\dogs\dogs_00987.jpg,dogs,1,train
D:\GitHub\Universidad\Inteligencia_Artificial\gatos_perros_pandas\animals\panda\panda_00622.jpg,animals\panda\panda_00622.jpg,panda,2,train
D:\GitHub\Universidad\Inteligencia_Artificial\gatos_perros_pandas\animals\cats\cats_00780.jpg,animals\cats\cats_00780.jpg,cats,0,train
D:\GitHub\Universidad\Inteligencia_Artificial\gatos_perros_pandas\animals\panda\panda_00710.jpg,animals\panda\panda_00710.jpg,panda,2,train
D:\GitHub\Universidad\Inteligencia_Artificial\gatos_perros_pandas\animals\panda\panda_00931.jpg,animals\panda\panda_00931.jpg,panda,2,train
D:\GitHub\Universidad\Inteligencia_Artificial\gatos_perros_pandas\animals\panda\panda_00200.jpg,animals\panda\panda_00200.jpg,panda,2,train
D:\GitHub\Universidad\Inteligencia_Artificial\gatos_perros_pandas\animals\panda\panda_00007.jpg,animals\panda\panda_00007.jpg,panda,2,train
D:\GitHub\Universidad\Inteligencia_Artificial\gatos_perros_pandas\animals\cats\cats_00307.jpg,animals\cats\cats_00307.jpg,cats,0,train
D:\GitHub\Universidad\Inteligencia_Artificial\gatos_perros_pandas\animals\dogs\dogs_00815.jpg,animals\dogs\dogs_00815.jpg,dogs,1,train
D:\GitHub\Universidad\Inteligencia_Artificial\gatos_perros_pandas\animals\cats\cats_00731.jpg,animals\cats\cats_00731.jpg,cats,0,val
D:\GitHub\Universidad\Inteligencia_Artificial\gatos_perros_pandas\animals\cats\cats_00757.jpg,animals\cats\cats_00757.jpg,cats,0,train
D:\GitHub\Universidad\Inteligencia_Artificial\gatos_perros_pandas\animals\dogs\dogs_00479.jpg,animals\dogs\dogs_00479.jpg,dogs,1,train
D:\GitHub\Universidad\Inteligencia_Artificial\gatos_perros_pandas\animals\cats\cats_00518.jpg,animals\cats\cats_00518.jpg,cats,0,test
D:\GitHub\Universidad\Inteligencia_Artificial\gatos_perros_pandas\animals\cats\cats_00930.jpg,animals\cats\cats_00930.jpg,cats,0,train
D:\GitHub\Universidad\Inteligencia_Artificial\gatos_perros_pandas\animals\dogs\dogs_00872.jpg,animals\dogs\dogs_00872.jpg,dogs,1,train
D:\GitHub\Universidad\Inteligencia_Artificial\gatos_perros_pandas\animals\cats\cats_00677.jpg,animals\cats\cats_00677.jpg,cats,0,train
D:\GitHub\Universidad\Inteligencia_Artificial\gatos_perros_pandas\animals\cats\cats_00069.jpg,animals\cats\cats_00069.jpg,cats,0,train
D:\GitHub\Universidad\Inteligencia_Artificial\gatos_perros_pandas\animals\panda\panda_00909.jpg,animals\panda\panda_00909.jpg,panda,2,train
D:\GitHub\Universidad\Inteligencia_Artificial\gatos_perros_pandas\animals\panda\panda_00018.jpg,animals\panda\panda_00018.jpg,panda,2,train
D:\GitHub\Universidad\Inteligencia_Artificial\gatos_perros_pandas\animals\dogs\dogs_00781.jpg,animals\dogs\dogs_00781.jpg,dogs,1,train
D:\GitHub\Universidad\Inteligencia_Artificial\gatos_perros_pandas\animals\cats\cats_00417.jpg,animals\cats\cats_00417.jpg,cats,0,val
D:\GitHub\Universidad\Inteligencia_Artificial\gatos_perros_pandas\animals\panda\panda_00901.jpg,animals\panda\panda_00901.jpg,panda,2,train
D:\GitHub\Universidad\Inteligencia_Artificial\gatos_perros_pandas\animals\panda\panda_00298.jpg,animals\panda\panda_00298.jpg,panda,2,val
D:\GitHub\Universidad\Inteligencia_Artificial\gatos_perros_pandas\animals\dogs\dogs_00559.jpg,animals\dogs\dogs_00559.jpg,dogs,1,train
D:\GitHub\Universidad\Inteligencia_Artificial\gatos_perros_pandas\animals\dogs\dogs_00192.jpg,animals\dogs\dogs_00192.jpg,dogs,1,train
D:\GitHub\Universidad\Inteligencia_Artificial\gatos_perros_pandas\animals\cats\cats_00708.jpg,animals\cats\cats_00708.jpg,cats,0,train
D:\GitHub\Universidad\Inteligencia_Artificial\gatos_perros_pandas\animals\panda\panda_00348.jpg,animals\panda\panda_00348.jpg,panda,2,test
D:\GitHub\Universidad\Inteligencia_Artificial\gatos_perros_pandas\animals\dogs\dogs_00571.jpg,animals\dogs\dogs_00571.jpg,dogs,1,train
D:\GitHub\Universidad\Inteligencia_Artificial\gatos_perros_pandas\animals\panda\panda_00306.jpg,animals\panda\panda_00306.jpg,panda,2,train
D:\GitHub\Universidad\Inteligencia_Artificial\gatos_perros_pandas\animals\dogs\dogs_00026.jpg,animals\dogs\dogs_00026.jpg,dogs,1,train
D:\GitHub\Universidad\Inteligencia_Artificial\gatos_perros_pandas\animals\panda\panda_00666.jpg,animals\panda\panda_00666.jpg,panda,2,val
D:\GitHub\Universidad\Inteligencia_Artificial\gatos_perros_pandas\animals\dogs\dogs_00667.jpg,animals\dogs\dogs_00667.jpg,dogs,1,train
D:\GitHub\Universidad\Inteligencia_Artificial\gatos_perros_pandas\animals\panda\panda_00033.jpg,animals\panda\panda_00033.jpg,panda,2,train
D:\GitHub\Universidad\Inteligencia_Artificial\gatos_perros_pandas\animals\panda\panda_00028.jpg,animals\panda\panda_00028.jpg,panda,2,train
D:\GitHub\Universidad\Inteligencia_Artificial\gatos_perros_pandas\animals\dogs\dogs_00886.jpg,animals\dogs\dogs_00886.jpg,dogs,1,train
D:\GitHub\Universidad\Inteligencia_Artificial\gatos_perros_pandas\animals\panda\panda_00129.jpg,animals\panda\panda_00129.jpg,panda,2,train
D:\GitHub\Universidad\Inteligencia_Artificial\gatos_perros_pandas\animals\dogs\dogs_00792.jpg,animals\dogs\dogs_00792.jpg,dogs,1,test
D:\GitHub\Universidad\Inteligencia_Artificial\gatos_perros_pandas\animals\cats\cats_00932.jpg,animals\cats\cats_00932.jpg,cats,0,val
D:\GitHub\Universidad\Inteligencia_Artificial\gatos_perros_pandas\animals\dogs\dogs_00587.jpg,animals\dogs\dogs_00587.jpg,dogs,1,train
D:\GitHub\Universidad\Inteligencia_Artificial\gatos_perros_pandas\animals\dogs\dogs_00656.jpg,animals\dogs\dogs_00656.jpg,dogs,1,train
D:\GitHub\Universidad\Inteligencia_Artificial\gatos_perros_pandas\animals\cats\cats_00546.jpg,animals\cats\cats_00546.jpg,cats,0,val
D:\GitHub\Universidad\Inteligencia_Artificial\gatos_perros_pandas\animals\panda\panda_00641.jpg,animals\panda\panda_00641.jpg,panda,2,train
D:\GitHub\Universidad\Inteligencia_Artificial\gatos_perros_pandas\animals\cats\cats_00208.jpg,animals\cats\cats_00208.jpg,cats,0,train
D:\GitHub\Universidad\Inteligencia_Artificial\gatos_perros_pandas\animals\panda\panda_00575.jpg,animals\panda\panda_00575.jpg,panda,2,train
D:\GitHub\Universidad\Inteligencia_Artificial\gatos_perros_pandas\animals\cats\cats_00263.jpg,animals\cats\cats_00263.jpg,cats,0,train
D:\GitHub\Universidad\Inteligencia_Artificial\gatos_perros_pandas\animals\dogs\dogs_00359.jpg,animals\dogs\dogs_00359.jpg,dogs,1,train
D:\GitHub\Universidad\Inteligencia_Artificial\gatos_perros_pandas\animals\cats\cats_00882.jpg,animals\cats\cats_00882.jpg,cats,0,val
D:\GitHub\Universidad\Inteligencia_Artificial\gatos_perros_pandas\animals\cats\cats_00333.jpg,animals\cats\cats_00333.jpg,cats,0,test
D:\GitHub\Universidad\Inteligencia_Artificial\gatos_perros_pandas\animals\cats\cats_00733.jpg,animals\cats\cats_00733.jpg,cats,0,train
D:\GitHub\Universidad\Inteligencia_Artificial\gatos_perros_pandas\animals\dogs\dogs_00483.jpg,animals\dogs\dogs_00483.jpg,dogs,1,train
D:\GitHub\Universidad\Inteligencia_Artificial\gatos_perros_pandas\animals\dogs\dogs_00605.jpg,animals\dogs\dogs_00605.jpg,dogs,1,val
D:\GitHub\Universidad\Inteligencia_Artificial\gatos_perros_pandas\animals\panda\panda_00701.jpg,animals\panda\panda_00701.jpg,panda,2,train
D:\GitHub\Universidad\Inteligencia_Artificial\gatos_perros_pandas\animals\dogs\dogs_00246.jpg,animals\dogs\dogs_00246.jpg,dogs,1,val
D:\GitHub\Universidad\Inteligencia_Artificial\gatos_perros_pandas\animals\cats\cats_00999.jpg,animals\cats\cats_00999.jpg,cats,0,val
D:\GitHub\Universidad\Inteligencia_Artificial\gatos_perros_pandas\animals\panda\panda_00715.jpg,animals\panda\panda_00715.jpg,panda,2,train
D:\GitHub\Universidad\Inteligencia_Artificial\gatos_perros_pandas\animals\cats\cats_00150.jpg,animals\cats\cats_00150.jpg,cats,0,train
D:\GitHub\Universidad\Inteligencia_Artificial\gatos_perros_pandas\animals\panda\panda_00718.jpg,animals\panda\panda_00718.jpg,panda,2,val
D:\GitHub\Universidad\Inteligencia_Artificial\gatos_perros_pandas\animals\dogs\dogs_00485.jpg,animals\dogs\dogs_00485.jpg,dogs,1,val
D:\GitHub\Universidad\Inteligencia_Artificial\gatos_perros_pandas\animals\cats\cats_00132.jpg,animals\cats\cats_00132.jpg,cats,0,val
D:\GitHub\Universidad\Inteligencia_Artificial\gatos_perros_pandas\animals\cats\cats_00434.jpg,animals\cats\cats_00434.jpg,cats,0,val
D:\GitHub\Universidad\Inteligencia_Artificial\gatos_perros_pandas\animals\panda\panda_00890.jpg,animals\panda\panda_00890.jpg,panda,2,train
D:\GitHub\Universidad\Inteligencia_Artificial\gatos_perros_pandas\animals\dogs\dogs_00708.jpg,animals\dogs\dogs_00708.jpg,dogs,1,train
D:\GitHub\Universidad\Inteligencia_Artificial\gatos_perros_pandas\animals\cats\cats_00991.jpg,animals\cats\cats_00991.jpg,cats,0,test
D:\GitHub\Universidad\Inteligencia_Artificial\gatos_perros_pandas\animals\dogs\dogs_00165.jpg,animals\dogs\dogs_00165.jpg,dogs,1,test
D:\GitHub\Universidad\Inteligencia_Artificial\gatos_perros_pandas\animals\dogs\dogs_00077.jpg,animals\dogs\dogs_00077.jpg,dogs,1,val
D:\GitHub\Universidad\Inteligencia_Artificial\gatos_perros_pandas\animals\panda\panda_00095.jpg,animals\panda\panda_00095.jpg,panda,2,train
D:\GitHub\Universidad\Inteligencia_Artificial\gatos_perros_pandas\animals\dogs\dogs_00963.jpg,animals\dogs\dogs_00963.jpg,dogs,1,train
D:\GitHub\Universidad\Inteligencia_Artificial\gatos_perros_pandas\animals\cats\cats_00989.jpg,animals\cats\cats_00989.jpg,cats,0,train
D:\GitHub\Universidad\Inteligencia_Artificial\gatos_perros_pandas\animals\panda\panda_00774.jpg,animals\panda\panda_00774.jpg,panda,2,train
D:\GitHub\Universidad\Inteligencia_Artificial\gatos_perros_pandas\animals\cats\cats_00220.jpg,animals\cats\cats_00220.jpg,cats,0,val
D:\GitHub\Universidad\Inteligencia_Artificial\gatos_perros_pandas\animals\panda\panda_00374.jpg,animals\panda\panda_00374.jpg,panda,2,train
D:\GitHub\Universidad\Inteligencia_Artificial\gatos_perros_pandas\animals\cats\cats_00655.jpg,animals\cats\cats_00655.jpg,cats,0,test
D:\GitHub\Universidad\Inteligencia_Artificial\gatos_perros_pandas\animals\cats\cats_00990.jpg,animals\cats\cats_00990.jpg,cats,0,train
D:\GitHub\Universidad\Inteligencia_Artificial\gatos_perros_pandas\animals\panda\panda_00096.jpg,animals\panda\panda_00096.jpg,panda,2,train
D:\GitHub\Universidad\Inteligencia_Artificial\gatos_perros_pandas\animals\panda\panda_00321.jpg,animals\panda\panda_00321.jpg,panda,2,train
D:\GitHub\Universidad\Inteligencia_Artificial\gatos_perros_pandas\animals\cats\cats_00425.jpg,animals\cats\cats_00425.jpg,cats,0,train
D:\GitHub\Universidad\Inteligencia_Artificial\gatos_perros_pandas\animals\cats\cats_00161.jpg,animals\cats\cats_00161.jpg,cats,0,train
D:\GitHub\Universidad\Inteligencia_Artificial\gatos_perros_pandas\animals\cats\cats_00089.jpg,animals\cats\cats_00089.jpg,cats,0,train
D:\GitHub\Universidad\Inteligencia_Artificial\gatos_perros_pandas\animals\dogs\dogs_00616.jpg,animals\dogs\dogs_00616.jpg,dogs,1,train
D:\GitHub\Universidad\Inteligencia_Artificial\gatos_perros_pandas\animals\cats\cats_00085.jpg,animals\cats\cats_00085.jpg,cats,0,train
D:\GitHub\Universidad\Inteligencia_Artificial\gatos_perros_pandas\animals\dogs\dogs_00974.jpg,animals\dogs\dogs_00974.jpg,dogs,1,train
D:\GitHub\Universidad\Inteligencia_Artificial\gatos_perros_pandas\animals\dogs\dogs_00274.jpg,animals\dogs\dogs_00274.jpg,dogs,1,test
D:\GitHub\Universidad\Inteligencia_Artificial\gatos_perros_pandas\animals\dogs\dogs_00676.jpg,animals\dogs\dogs_00676.jpg,dogs,1,val
D:\GitHub\Universidad\Inteligencia_Artificial\gatos_perros_pandas\animals\cats\cats_00985.jpg,animals\cats\cats_00985.jpg,cats,0,train
D:\GitHub\Universidad\Inteligencia_Artificial\gatos_perros_pandas\animals\dogs\dogs_00128.jpg,animals\dogs\dogs_00128.jpg,dogs,1,test
D:\GitHub\Universidad\Inteligencia_Artificial\gatos_perros_pandas\animals\panda\panda_00349.jpg,animals\panda\panda_00349.jpg,panda,2,train
D:\GitHub\Universidad\Inteligencia_Artificial\gatos_perros_pandas\animals\dogs\dogs_00641.jpg,animals\dogs\dogs_00641.jpg,dogs,1,test
D:\GitHub\Universidad\Inteligencia_Artificial\gatos_perros_pandas\animals\panda\panda_00354.jpg,animals\panda\panda_00354.jpg,panda,2,test
D:\GitHub\Universidad\Inteligencia_Artificial\gatos_perros_pandas\animals\cats\cats_00599.jpg,animals\cats\cats_00599.jpg,cats,0,val
D:\GitHub\Universidad\Inteligencia_Artificial\gatos_perros_pandas\animals\dogs\dogs_00056.jpg,animals\dogs\dogs_00056.jpg,dogs,1,test
D:\GitHub\Universidad\Inteligencia_Artificial\gatos_perros_pandas\animals\dogs\dogs_00344.jpg,animals\dogs\dogs_00344.jpg,dogs,1,train
D:\GitHub\Universidad\Inteligencia_Artificial\gatos_perros_pandas\animals\dogs\dogs_00429.jpg,animals\dogs\dogs_00429.jpg,dogs,1,train
D:\GitHub\Universidad\Inteligencia_Artificial\gatos_perros_pandas\animals\dogs\dogs_00131.jpg,animals\dogs\dogs_00131.jpg,dogs,1,train
D:\GitHub\Universidad\Inteligencia_Artificial\gatos_perros_pandas\animals\cats\cats_00973.jpg,animals\cats\cats_00973.jpg,cats,0,train
D:\GitHub\Universidad\Inteligencia_Artificial\gatos_perros_pandas\animals\cats\cats_00727.jpg,animals\cats\cats_00727.jpg,cats,0,train
D:\GitHub\Universidad\Inteligencia_Artificial\gatos_perros_pandas\animals\panda\panda_00688.jpg,animals\panda\panda_00688.jpg,panda,2,val
D:\GitHub\Universidad\Inteligencia_Artificial\gatos_perros_pandas\animals\dogs\dogs_00251.jpg,animals\dogs\dogs_00251.jpg,dogs,1,val
D:\GitHub\Universidad\Inteligencia_Artificial\gatos_perros_pandas\animals\dogs\dogs_00369.jpg,animals\dogs\dogs_00369.jpg,dogs,1,train
D:\GitHub\Universidad\Inteligencia_Artificial\gatos_perros_pandas\animals\cats\cats_00560.jpg,animals\cats\cats_00560.jpg,cats,0,train
D:\GitHub\Universidad\Inteligencia_Artificial\gatos_perros_pandas\animals\dogs\dogs_00604.jpg,animals\dogs\dogs_00604.jpg,dogs,1,test
D:\GitHub\Universidad\Inteligencia_Artificial\gatos_perros_pandas\animals\cats\cats_00669.jpg,animals\cats\cats_00669.jpg,cats,0,train
D:\GitHub\Universidad\Inteligencia_Artificial\gatos_perros_pandas\animals\dogs\dogs_00067.jpg,animals\dogs\dogs_00067.jpg,dogs,1,train
D:\GitHub\Universidad\Inteligencia_Artificial\gatos_perros_pandas\animals\cats\cats_00969.jpg,animals\cats\cats_00969.jpg,cats,0,train
D:\GitHub\Universidad\Inteligencia_Artificial\gatos_perros_pandas\animals\panda\panda_00025.jpg,animals\panda\panda_00025.jpg,panda,2,train
D:\GitHub\Universidad\Inteligencia_Artificial\gatos_perros_pandas\animals\panda\panda_00728.jpg,animals\panda\panda_00728.jpg,panda,2,train
D:\GitHub\Universidad\Inteligencia_Artificial\gatos_perros_pandas\animals\dogs\dogs_00329.jpg,animals\dogs\dogs_00329.jpg,dogs,1,test
D:\GitHub\Universidad\Inteligencia_Artificial\gatos_perros_pandas\animals\dogs\dogs_00982.jpg,animals\dogs\dogs_00982.jpg,dogs,1,train
D:\GitHub\Universidad\Inteligencia_Artificial\gatos_perros_pandas\animals\dogs\dogs_00152.jpg,animals\dogs\dogs_00152.jpg,dogs,1,train
D:\GitHub\Universidad\Inteligencia_Artificial\gatos_perros_pandas\animals\dogs\dogs_00734.jpg,animals\dogs\dogs_00734.jpg,dogs,1,val
D:\GitHub\Universidad\Inteligencia_Artificial\gatos_perros_pandas\animals\cats\cats_00374.jpg,animals\cats\cats_00374.jpg,cats,0,test
D:\GitHub\Universidad\Inteligencia_Artificial\gatos_perros_pandas\animals\panda\panda_00667.jpg,animals\panda\panda_00667.jpg,panda,2,train
D:\GitHub\Universidad\Inteligencia_Artificial\gatos_perros_pandas\animals\panda\panda_00453.jpg,animals\panda\panda_00453.jpg,panda,2,train
D:\GitHub\Universidad\Inteligencia_Artificial\gatos_perros_pandas\animals\panda\panda_00858.jpg,animals\panda\panda_00858.jpg,panda,2,train
D:\GitHub\Universidad\Inteligencia_Artificial\gatos_perros_pandas\animals\panda\panda_00874.jpg,animals\panda\panda_00874.jpg,panda,2,train
D:\GitHub\Universidad\Inteligencia_Artificial\gatos_perros_pandas\animals\panda\panda_00501.jpg,animals\panda\panda_00501.jpg,panda,2,train
D:\GitHub\Universidad\Inteligencia_Artificial\gatos_perros_pandas\animals\cats\cats_00955.jpg,animals\cats\cats_00955.jpg,cats,0,test
D:\GitHub\Universidad\Inteligencia_Artificial\gatos_perros_pandas\animals\dogs\dogs_00297.jpg,animals\dogs\dogs_00297.jpg,dogs,1,train
D:\GitHub\Universidad\Inteligencia_Artificial\gatos_perros_pandas\animals\cats\cats_00227.jpg,animals\cats\cats_00227.jpg,cats,0,train
D:\GitHub\Universidad\Inteligencia_Artificial\gatos_perros_pandas\animals\cats\cats_00186.jpg,animals\cats\cats_00186.jpg,cats,0,train
D:\GitHub\Universidad\Inteligencia_Artificial\gatos_perros_pandas\animals\cats\cats_00612.jpg,animals\cats\cats_00612.jpg,cats,0,train
D:\GitHub\Universidad\Inteligencia_Artificial\gatos_perros_pandas\animals\panda\panda_00206.jpg,animals\panda\panda_00206.jpg,panda,2,val
D:\GitHub\Universidad\Inteligencia_Artificial\gatos_perros_pandas\animals\panda\panda_00435.jpg,animals\panda\panda_00435.jpg,panda,2,val
D:\GitHub\Universidad\Inteligencia_Artificial\gatos_perros_pandas\animals\dogs\dogs_00317.jpg,animals\dogs\dogs_00317.jpg,dogs,1,train
D:\GitHub\Universidad\Inteligencia_Artificial\gatos_perros_pandas\animals\panda\panda_00578.jpg,animals\panda\panda_00578.jpg,panda,2,train
D:\GitHub\Universidad\Inteligencia_Artificial\gatos_perros_pandas\animals\panda\panda_00216.jpg,animals\panda\panda_00216.jpg,panda,2,train
D:\GitHub\Universidad\Inteligencia_Artificial\gatos_perros_pandas\animals\panda\panda_00008.jpg,animals\panda\panda_00008.jpg,panda,2,train
D:\GitHub\Universidad\Inteligencia_Artificial\gatos_perros_pandas\animals\cats\cats_00309.jpg,animals\cats\cats_00309.jpg,cats,0,train
D:\GitHub\Universidad\Inteligencia_Artificial\gatos_perros_pandas\animals\panda\panda_00605.jpg,animals\panda\panda_00605.jpg,panda,2,train
D:\GitHub\Universidad\Inteligencia_Artificial\gatos_perros_pandas\animals\panda\panda_00346.jpg,animals\panda\panda_00346.jpg,panda,2,train
D:\GitHub\Universidad\Inteligencia_Artificial\gatos_perros_pandas\animals\cats\cats_00830.jpg,animals\cats\cats_00830.jpg,cats,0,train
D:\GitHub\Universidad\Inteligencia_Artificial\gatos_perros_pandas\animals\dogs\dogs_00221.jpg,animals\dogs\dogs_00221.jpg,dogs,1,train
D:\GitHub\Universidad\Inteligencia_Artificial\gatos_perros_pandas\animals\dogs\dogs_00302.jpg,animals\dogs\dogs_00302.jpg,dogs,1,train
D:\GitHub\Universidad\Inteligencia_Artificial\gatos_perros_pandas\animals\cats\cats_00953.jpg,animals\cats\cats_00953.jpg,cats,0,train
D:\GitHub\Universidad\Inteligencia_Artificial\gatos_perros_pandas\animals\cats\cats_00679.jpg,animals\cats\cats_00679.jpg,cats,0,train
D:\GitHub\Universidad\Inteligencia_Artificial\gatos_perros_pandas\animals\panda\panda_00783.jpg,animals\panda\panda_00783.jpg,panda,2,train
D:\GitHub\Universidad\Inteligencia_Artificial\gatos_perros_pandas\animals\panda\panda_00736.jpg,animals\panda\panda_00736.jpg,panda,2,test
D:\GitHub\Universidad\Inteligencia_Artificial\gatos_perros_pandas\animals\panda\panda_00001.jpg,animals\panda\panda_00001.jpg,panda,2,train
D:\GitHub\Universidad\Inteligencia_Artificial\gatos_perros_pandas\animals\dogs\dogs_00652.jpg,animals\dogs\dogs_00652.jpg,dogs,1,train
D:\GitHub\Universidad\Inteligencia_Artificial\gatos_perros_pandas\animals\cats\cats_00745.jpg,animals\cats\cats_00745.jpg,cats,0,train
D:\GitHub\Universidad\Inteligencia_Artificial\gatos_perros_pandas\animals\panda\panda_00452.jpg,animals\panda\panda_00452.jpg,panda,2,train
D:\GitHub\Universidad\Inteligencia_Artificial\gatos_perros_pandas\animals\dogs\dogs_00307.jpg,animals\dogs\dogs_00307.jpg,dogs,1,val
D:\GitHub\Universidad\Inteligencia_Artificial\gatos_perros_pandas\animals\panda\panda_00389.jpg,animals\panda\panda_00389.jpg,panda,2,train
D:\GitHub\Universidad\Inteligencia_Artificial\gatos_perros_pandas\animals\panda\panda_00776.jpg,animals\panda\panda_00776.jpg,panda,2,train
D:\GitHub\Universidad\Inteligencia_Artificial\gatos_perros_pandas\animals\dogs\dogs_00636.jpg,animals\dogs\dogs_00636.jpg,dogs,1,train
D:\GitHub\Universidad\Inteligencia_Artificial\gatos_perros_pandas\animals\panda\panda_00110.jpg,animals\panda\panda_00110.jpg,panda,2,train
D:\GitHub\Universidad\Inteligencia_Artificial\gatos_perros_pandas\animals\panda\panda_00378.jpg,animals\panda\panda_00378.jpg,panda,2,val
D:\GitHub\Universidad\Inteligencia_Artificial\gatos_perros_pandas\animals\panda\panda_00286.jpg,animals\panda\panda_00286.jpg,panda,2,val
D:\GitHub\Universidad\Inteligencia_Artificial\gatos_perros_pandas\animals\dogs\dogs_00163.jpg,animals\dogs\dogs_00163.jpg,dogs,1,val
D:\GitHub\Universidad\Inteligencia_Artificial\gatos_perros_pandas\animals\cats\cats_00405.jpg,animals\cats\cats_00405.jpg,cats,0,train
D:\GitHub\Universidad\Inteligencia_Artificial\gatos_perros_pandas\animals\panda\panda_00972.jpg,animals\panda\panda_00972.jpg,panda,2,test
D:\GitHub\Universidad\Inteligencia_Artificial\gatos_perros_pandas\animals\dogs\dogs_00325.jpg,animals\dogs\dogs_00325.jpg,dogs,1,val
D:\GitHub\Universidad\Inteligencia_Artificial\gatos_perros_pandas\animals\panda\panda_00623.jpg,animals\panda\panda_00623.jpg,panda,2,val
D:\GitHub\Universidad\Inteligencia_Artificial\gatos_perros_pandas\animals\dogs\dogs_00808.jpg,animals\dogs\dogs_00808.jpg,dogs,1,train
D:\GitHub\Universidad\Inteligencia_Artificial\gatos_perros_pandas\animals\cats\cats_00755.jpg,animals\cats\cats_00755.jpg,cats,0,test
D:\GitHub\Universidad\Inteligencia_Artificial\gatos_perros_pandas\animals\dogs\dogs_00187.jpg,animals\dogs\dogs_00187.jpg,dogs,1,train
D:\GitHub\Universidad\Inteligencia_Artificial\gatos_perros_pandas\animals\panda\panda_00833.jpg,animals\panda\panda_00833.jpg,panda,2,train
D:\GitHub\Universidad\Inteligencia_Artificial\gatos_perros_pandas\animals\cats\cats_00289.jpg,animals\cats\cats_00289.jpg,cats,0,train
D:\GitHub\Universidad\Inteligencia_Artificial\gatos_perros_pandas\animals\panda\panda_00114.jpg,animals\panda\panda_00114.jpg,panda,2,test
D:\GitHub\Universidad\Inteligencia_Artificial\gatos_perros_pandas\animals\dogs\dogs_00858.jpg,animals\dogs\dogs_00858.jpg,dogs,1,train
D:\GitHub\Universidad\Inteligencia_Artificial\gatos_perros_pandas\animals\cats\cats_00455.jpg,animals\cats\cats_00455.jpg,cats,0,train
D:\GitHub\Universidad\Inteligencia_Artificial\gatos_perros_pandas\animals\panda\panda_00089.jpg,animals\panda\panda_00089.jpg,panda,2,val
D:\GitHub\Universidad\Inteligencia_Artificial\gatos_perros_pandas\animals\dogs\dogs_00594.jpg,animals\dogs\dogs_00594.jpg,dogs,1,val
D:\GitHub\Universidad\Inteligencia_Artificial\gatos_perros_pandas\animals\cats\cats_00659.jpg,animals\cats\cats_00659.jpg,cats,0,test
D:\GitHub\Universidad\Inteligencia_Artificial\gatos_perros_pandas\animals\dogs\dogs_00422.jpg,animals\dogs\dogs_00422.jpg,dogs,1,test
D:\GitHub\Universidad\Inteligencia_Artificial\gatos_perros_pandas\animals\cats\cats_00808.jpg,animals\cats\cats_00808.jpg,cats,0,train
D:\GitHub\Universidad\Inteligencia_Artificial\gatos_perros_pandas\animals\panda\panda_00194.jpg,animals\panda\panda_00194.jpg,panda,2,train
D:\GitHub\Universidad\Inteligencia_Artificial\gatos_perros_pandas\animals\cats\cats_00347.jpg,animals\cats\cats_00347.jpg,cats,0,val
D:\GitHub\Universidad\Inteligencia_Artificial\gatos_perros_pandas\animals\panda\panda_00415.jpg,animals\panda\panda_00415.jpg,panda,2,train
D:\GitHub\Universidad\Inteligencia_Artificial\gatos_perros_pandas\animals\panda\panda_00127.jpg,animals\panda\panda_00127.jpg,panda,2,train
D:\GitHub\Universidad\Inteligencia_Artificial\gatos_perros_pandas\animals\cats\cats_00831.jpg,animals\cats\cats_00831.jpg,cats,0,val
D:\GitHub\Universidad\Inteligencia_Artificial\gatos_perros_pandas\animals\panda\panda_00817.jpg,animals\panda\panda_00817.jpg,panda,2,val
D:\GitHub\Universidad\Inteligencia_Artificial\gatos_perros_pandas\animals\cats\cats_00198.jpg,animals\cats\cats_00198.jpg,cats,0,train
D:\GitHub\Universidad\Inteligencia_Artificial\gatos_perros_pandas\animals\dogs\dogs_00736.jpg,animals\dogs\dogs_00736.jpg,dogs,1,train
D:\GitHub\Universidad\Inteligencia_Artificial\gatos_perros_pandas\animals\dogs\dogs_00232.jpg,animals\dogs\dogs_00232.jpg,dogs,1,train
D:\GitHub\Universidad\Inteligencia_Artificial\gatos_perros_pandas\animals\panda\panda_00280.jpg,animals\panda\panda_00280.jpg,panda,2,test
D:\GitHub\Universidad\Inteligencia_Artificial\gatos_perros_pandas\animals\dogs\dogs_00818.jpg,animals\dogs\dogs_00818.jpg,dogs,1,train
D:\GitHub\Universidad\Inteligencia_Artificial\gatos_perros_pandas\animals\dogs\dogs_00750.jpg,animals\dogs\dogs_00750.jpg,dogs,1,train
D:\GitHub\Universidad\Inteligencia_Artificial\gatos_perros_pandas\animals\cats\cats_00143.jpg,animals\cats\cats_00143.jpg,cats,0,test
D:\GitHub\Universidad\Inteligencia_Artificial\gatos_perros_pandas\animals\panda\panda_00516.jpg,animals\panda\panda_00516.jpg,panda,2,train
D:\GitHub\Universidad\Inteligencia_Artificial\gatos_perros_pandas\animals\panda\panda_00474.jpg,animals\panda\panda_00474.jpg,panda,2,train
D:\GitHub\Universidad\Inteligencia_Artificial\gatos_perros_pandas\animals\panda\panda_00619.jpg,animals\panda\panda_00619.jpg,panda,2,train
D:\GitHub\Universidad\Inteligencia_Artificial\gatos_perros_pandas\animals\dogs\dogs_00019.jpg,animals\dogs\dogs_00019.jpg,dogs,1,train
D:\GitHub\Universidad\Inteligencia_Artificial\gatos_perros_pandas\animals\dogs\dogs_00526.jpg,animals\dogs\dogs_00526.jpg,dogs,1,train
D:\GitHub\Universidad\Inteligencia_Artificial\gatos_perros_pandas\animals\panda\panda_00509.jpg,animals\panda\panda_00509.jpg,panda,2,test
D:\GitHub\Universidad\Inteligencia_Artificial\gatos_perros_pandas\animals\cats\cats_00725.jpg,animals\cats\cats_00725.jpg,cats,0,val
D:\GitHub\Universidad\Inteligencia_Artificial\gatos_perros_pandas\animals\dogs\dogs_00853.jpg,animals\dogs\dogs_00853.jpg,dogs,1,train
D:\GitHub\Universidad\Inteligencia_Artificial\gatos_perros_pandas\animals\dogs\dogs_00074.jpg,animals\dogs\dogs_00074.jpg,dogs,1,test
D:\GitHub\Universidad\Inteligencia_Artificial\gatos_perros_pandas\animals\cats\cats_00542.jpg,animals\cats\cats_00542.jpg,cats,0,val
D:\GitHub\Universidad\Inteligencia_Artificial\gatos_perros_pandas\animals\panda\panda_00226.jpg,animals\panda\panda_00226.jpg,panda,2,train
D:\GitHub\Universidad\Inteligencia_Artificial\gatos_perros_pandas\animals\dogs\dogs_00964.jpg,animals\dogs\dogs_00964.jpg,dogs,1,train
D:\GitHub\Universidad\Inteligencia_Artificial\gatos_perros_pandas\animals\dogs\dogs_00774.jpg,animals\dogs\dogs_00774.jpg,dogs,1,train
D:\GitHub\Universidad\Inteligencia_Artificial\gatos_perros_pandas\animals\cats\cats_00804.jpg,animals\cats\cats_00804.jpg,cats,0,train
D:\GitHub\Universidad\Inteligencia_Artificial\gatos_perros_pandas\animals\panda\panda_00533.jpg,animals\panda\panda_00533.jpg,panda,2,train
D:\GitHub\Universidad\Inteligencia_Artificial\gatos_perros_pandas\animals\panda\panda_00815.jpg,animals\panda\panda_00815.jpg,panda,2,train
D:\GitHub\Universidad\Inteligencia_Artificial\gatos_perros_pandas\animals\panda\panda_00952.jpg,animals\panda\panda_00952.jpg,panda,2,test
D:\GitHub\Universidad\Inteligencia_Artificial\gatos_perros_pandas\animals\dogs\dogs_00490.jpg,animals\dogs\dogs_00490.jpg,dogs,1,train
D:\GitHub\Universidad\Inteligencia_Artificial\gatos_perros_pandas\animals\dogs\dogs_00349.jpg,animals\dogs\dogs_00349.jpg,dogs,1,val
D:\GitHub\Universidad\Inteligencia_Artificial\gatos_perros_pandas\animals\dogs\dogs_00783.jpg,animals\dogs\dogs_00783.jpg,dogs,1,train
D:\GitHub\Universidad\Inteligencia_Artificial\gatos_perros_pandas\animals\panda\panda_00491.jpg,animals\panda\panda_00491.jpg,panda,2,test
D:\GitHub\Universidad\Inteligencia_Artificial\gatos_perros_pandas\animals\panda\panda_00522.jpg,animals\panda\panda_00522.jpg,panda,2,train
D:\GitHub\Universidad\Inteligencia_Artificial\gatos_perros_pandas\animals\dogs\dogs_00568.jpg,animals\dogs\dogs_00568.jpg,dogs,1,train
D:\GitHub\Universidad\Inteligencia_Artificial\gatos_perros_pandas\animals\dogs\dogs_00514.jpg,animals\dogs\dogs_00514.jpg,dogs,1,train
D:\GitHub\Universidad\Inteligencia_Artificial\gatos_perros_pandas\animals\panda\panda_00400.jpg,animals\panda\panda_00400.jpg,panda,2,test
D:\GitHub\Universidad\Inteligencia_Artificial\gatos_perros_pandas\animals\dogs\dogs_00695.jpg,animals\dogs\dogs_00695.jpg,dogs,1,train
D:\GitHub\Universidad\Inteligencia_Artificial\gatos_perros_pandas\animals\cats\cats_00269.jpg,animals\cats\cats_00269.jpg,cats,0,train
D:\GitHub\Universidad\Inteligencia_Artificial\gatos_perros_pandas\animals\panda\panda_00673.jpg,animals\panda\panda_00673.jpg,panda,2,test
D:\GitHub\Universidad\Inteligencia_Artificial\gatos_perros_pandas\animals\dogs\dogs_00119.jpg,animals\dogs\dogs_00119.jpg,dogs,1,test
D:\GitHub\Universidad\Inteligencia_Artificial\gatos_perros_pandas\animals\cats\cats_00931.jpg,animals\cats\cats_00931.jpg,cats,0,val
D:\GitHub\Universidad\Inteligencia_Artificial\gatos_perros_pandas\animals\panda\panda_00520.jpg,animals\panda\panda_00520.jpg,panda,2,test
D:\GitHub\Universidad\Inteligencia_Artificial\gatos_perros_pandas\animals\panda\panda_00330.jpg,animals\panda\panda_00330.jpg,panda,2,train
D:\GitHub\Universidad\Inteligencia_Artificial\gatos_perros_pandas\animals\panda\panda_00124.jpg,animals\panda\panda_00124.jpg,panda,2,train
D:\GitHub\Universidad\Inteligencia_Artificial\gatos_perros_pandas\animals\panda\panda_00646.jpg,animals\panda\panda_00646.jpg,panda,2,train
D:\GitHub\Universidad\Inteligencia_Artificial\gatos_perros_pandas\animals\dogs\dogs_00459.jpg,animals\dogs\dogs_00459.jpg,dogs,1,train
D:\GitHub\Universidad\Inteligencia_Artificial\gatos_perros_pandas\animals\dogs\dogs_00683.jpg,animals\dogs\dogs_00683.jpg,dogs,1,train
D:\GitHub\Universidad\Inteligencia_Artificial\gatos_perros_pandas\animals\dogs\dogs_00365.jpg,animals\dogs\dogs_00365.jpg,dogs,1,train
D:\GitHub\Universidad\Inteligencia_Artificial\gatos_perros_pandas\animals\panda\panda_00709.jpg,animals\panda\panda_00709.jpg,panda,2,test
D:\GitHub\Universidad\Inteligencia_Artificial\gatos_perros_pandas\animals\dogs\dogs_00240.jpg,animals\dogs\dogs_00240.jpg,dogs,1,test
D:\GitHub\Universidad\Inteligencia_Artificial\gatos_perros_pandas\animals\dogs\dogs_00675.jpg,animals\dogs\dogs_00675.jpg,dogs,1,train
D:\GitHub\Universidad\Inteligencia_Artificial\gatos_perros_pandas\animals\dogs\dogs_00701.jpg,animals\dogs\dogs_00701.jpg,dogs,1,val
D:\GitHub\Universidad\Inteligencia_Artificial\gatos_perros_pandas\animals\dogs\dogs_00684.jpg,animals\dogs\dogs_00684.jpg,dogs,1,train
D:\GitHub\Universidad\Inteligencia_Artificial\gatos_perros_pandas\animals\dogs\dogs_00194.jpg,animals\dogs\dogs_00194.jpg,dogs,1,val
D:\GitHub\Universidad\Inteligencia_Artificial\gatos_perros_pandas\animals\cats\cats_00815.jpg,animals\cats\cats_00815.jpg,cats,0,train
D:\GitHub\Universidad\Inteligencia_Artificial\gatos_perros_pandas\animals\cats\cats_00233.jpg,animals\cats\cats_00233.jpg,cats,0,train
D:\GitHub\Universidad\Inteligencia_Artificial\gatos_perros_pandas\animals\panda\panda_00460.jpg,animals\panda\panda_00460.jpg,panda,2,test
D:\GitHub\Universidad\Inteligencia_Artificial\gatos_perros_pandas\animals\panda\panda_00425.jpg,animals\panda\panda_00425.jpg,panda,2,train
D:\GitHub\Universidad\Inteligencia_Artificial\gatos_perros_pandas\animals\dogs\dogs_00850.jpg,animals\dogs\dogs_00850.jpg,dogs,1,train
D:\GitHub\Universidad\Inteligencia_Artificial\gatos_perros_pandas\animals\dogs\dogs_00237.jpg,animals\dogs\dogs_00237.jpg,dogs,1,train
D:\GitHub\Universidad\Inteligencia_Artificial\gatos_perros_pandas\animals\dogs\dogs_00760.jpg,animals\dogs\dogs_00760.jpg,dogs,1,train
D:\GitHub\Universidad\Inteligencia_Artificial\gatos_perros_pandas\animals\cats\cats_00352.jpg,animals\cats\cats_00352.jpg,cats,0,train
D:\GitHub\Universidad\Inteligencia_Artificial\gatos_perros_pandas\animals\panda\panda_00267.jpg,animals\panda\panda_00267.jpg,panda,2,val
D:\GitHub\Universidad\Inteligencia_Artificial\gatos_perros_pandas\animals\dogs\dogs_00223.jpg,animals\dogs\dogs_00223.jpg,dogs,1,train
D:\GitHub\Universidad\Inteligencia_Artificial\gatos_perros_pandas\animals\cats\cats_00670.jpg,animals\cats\cats_00670.jpg,cats,0,train
D:\GitHub\Universidad\Inteligencia_Artificial\gatos_perros_pandas\animals\panda\panda_00013.jpg,animals\panda\panda_00013.jpg,panda,2,train
D:\GitHub\Universidad\Inteligencia_Artificial\gatos_perros_pandas\animals\panda\panda_00351.jpg,animals\panda\panda_00351.jpg,panda,2,train
D:\GitHub\Universidad\Inteligencia_Artificial\gatos_perros_pandas\animals\cats\cats_00251.jpg,animals\cats\cats_00251.jpg,cats,0,test
D:\GitHub\Universidad\Inteligencia_Artificial\gatos_perros_pandas\animals\panda\panda_00352.jpg,animals\panda\panda_00352.jpg,panda,2,train
D:\GitHub\Universidad\Inteligencia_Artificial\gatos_perros_pandas\animals\cats\cats_00354.jpg,animals\cats\cats_00354.jpg,cats,0,train
D:\GitHub\Universidad\Inteligencia_Artificial\gatos_perros_pandas\animals\dogs\dogs_00227.jpg,animals\dogs\dogs_00227.jpg,dogs,1,train
D:\GitHub\Universidad\Inteligencia_Artificial\gatos_perros_pandas\animals\dogs\dogs_00625.jpg,animals\dogs\dogs_00625.jpg,dogs,1,train
D:\GitHub\Universidad\Inteligencia_Artificial\gatos_perros_pandas\animals\dogs\dogs_00880.jpg,animals\dogs\dogs_00880.jpg,dogs,1,train
D:\GitHub\Universidad\Inteligencia_Artificial\gatos_perros_pandas\animals\cats\cats_00429.jpg,animals\cats\cats_00429.jpg,cats,0,train
D:\GitHub\Universidad\Inteligencia_Artificial\gatos_perros_pandas\animals\dogs\dogs_00876.jpg,animals\dogs\dogs_00876.jpg,dogs,1,train
D:\GitHub\Universidad\Inteligencia_Artificial\gatos_perros_pandas\animals\dogs\dogs_00475.jpg,animals\dogs\dogs_00475.jpg,dogs,1,train
D:\GitHub\Universidad\Inteligencia_Artificial\gatos_perros_pandas\animals\panda\panda_00288.jpg,animals\panda\panda_00288.jpg,panda,2,train
D:\GitHub\Universidad\Inteligencia_Artificial\gatos_perros_pandas\animals\panda\panda_00270.jpg,animals\panda\panda_00270.jpg,panda,2,train
D:\GitHub\Universidad\Inteligencia_Artificial\gatos_perros_pandas\animals\cats\cats_00102.jpg,animals\cats\cats_00102.jpg,cats,0,train
D:\GitHub\Universidad\Inteligencia_Artificial\gatos_perros_pandas\animals\panda\panda_00258.jpg,animals\panda\panda_00258.jpg,panda,2,train
D:\GitHub\Universidad\Inteligencia_Artificial\gatos_perros_pandas\animals\dogs\dogs_00437.jpg,animals\dogs\dogs_00437.jpg,dogs,1,train
D:\GitHub\Universidad\Inteligencia_Artificial\gatos_perros_pandas\animals\cats\cats_00431.jpg,animals\cats\cats_00431.jpg,cats,0,train
D:\GitHub\Universidad\Inteligencia_Artificial\gatos_perros_pandas\animals\cats\cats_00732.jpg,animals\cats\cats_00732.jpg,cats,0,train
D:\GitHub\Universidad\Inteligencia_Artificial\gatos_perros_pandas\animals\cats\cats_00649.jpg,animals\cats\cats_00649.jpg,cats,0,train
D:\GitHub\Universidad\Inteligencia_Artificial\gatos_perros_pandas\animals\dogs\dogs_00655.jpg,animals\dogs\dogs_00655.jpg,dogs,1,train
D:\GitHub\Universidad\Inteligencia_Artificial\gatos_perros_pandas\animals\panda\panda_00023.jpg,animals\panda\panda_00023.jpg,panda,2,train
D:\GitHub\Universidad\Inteligencia_Artificial\gatos_perros_pandas\animals\panda\panda_00906.jpg,animals\panda\panda_00906.jpg,panda,2,train
D:\GitHub\Universidad\Inteligencia_Artificial\gatos_perros_pandas\animals\panda\panda_00155.jpg,animals\panda\panda_00155.jpg,panda,2,train
D:\GitHub\Universidad\Inteligencia_Artificial\gatos_perros_pandas\animals\dogs\dogs_00319.jpg,animals\dogs\dogs_00319.jpg,dogs,1,val
D:\GitHub\Universidad\Inteligencia_Artificial\gatos_perros_pandas\animals\dogs\dogs_00937.jpg,animals\dogs\dogs_00937.jpg,dogs,1,val
D:\GitHub\Universidad\Inteligencia_Artificial\gatos_perros_pandas\animals\cats\cats_00498.jpg,animals\cats\cats_00498.jpg,cats,0,val
D:\GitHub\Universidad\Inteligencia_Artificial\gatos_perros_pandas\animals\cats\cats_00863.jpg,animals\cats\cats_00863.jpg,cats,0,train
D:\GitHub\Universidad\Inteligencia_Artificial\gatos_perros_pandas\animals\cats\cats_00131.jpg,animals\cats\cats_00131.jpg,cats,0,train
D:\GitHub\Universidad\Inteligencia_Artificial\gatos_perros_pandas\animals\cats\cats_00588.jpg,animals\cats\cats_00588.jpg,cats,0,train
D:\GitHub\Universidad\Inteligencia_Artificial\gatos_perros_pandas\animals\dogs\dogs_00028.jpg,animals\dogs\dogs_00028.jpg,dogs,1,train
D:\GitHub\Universidad\Inteligencia_Artificial\gatos_perros_pandas\animals\dogs\dogs_00917.jpg,animals\dogs\dogs_00917.jpg,dogs,1,train
D:\GitHub\Universidad\Inteligencia_Artificial\gatos_perros_pandas\animals\dogs\dogs_00280.jpg,animals\dogs\dogs_00280.jpg,dogs,1,val
D:\GitHub\Universidad\Inteligencia_Artificial\gatos_perros_pandas\animals\dogs\dogs_00965.jpg,animals\dogs\dogs_00965.jpg,dogs,1,train
D:\GitHub\Universidad\Inteligencia_Artificial\gatos_perros_pandas\animals\cats\cats_00791.jpg,animals\cats\cats_00791.jpg,cats,0,train
D:\GitHub\Universidad\Inteligencia_Artificial\gatos_perros_pandas\animals\cats\cats_00038.jpg,animals\cats\cats_00038.jpg,cats,0,train
D:\GitHub\Universidad\Inteligencia_Artificial\gatos_perros_pandas\animals\cats\cats_00260.jpg,animals\cats\cats_00260.jpg,cats,0,train
D:\GitHub\Universidad\Inteligencia_Artificial\gatos_perros_pandas\animals\dogs\dogs_00228.jpg,animals\dogs\dogs_00228.jpg,dogs,1,train
D:\GitHub\Universidad\Inteligencia_Artificial\gatos_perros_pandas\animals\dogs\dogs_00168.jpg,animals\dogs\dogs_00168.jpg,dogs,1,train
D:\GitHub\Universidad\Inteligencia_Artificial\gatos_perros_pandas\animals\dogs\dogs_00381.jpg,animals\dogs\dogs_00381.jpg,dogs,1,train
D:\GitHub\Universidad\Inteligencia_Artificial\gatos_perros_pandas\animals\panda\panda_00164.jpg,animals\panda\panda_00164.jpg,panda,2,val
D:\GitHub\Universidad\Inteligencia_Artificial\gatos_perros_pandas\animals\panda\panda_00255.jpg,animals\panda\panda_00255.jpg,panda,2,train
D:\GitHub\Universidad\Inteligencia_Artificial\gatos_perros_pandas\animals\panda\panda_00077.jpg,animals\panda\panda_00077.jpg,panda,2,val
D:\GitHub\Universidad\Inteligencia_Artificial\gatos_perros_pandas\animals\cats\cats_00083.jpg,animals\cats\cats_00083.jpg,cats,0,train
D:\GitHub\Universidad\Inteligencia_Artificial\gatos_perros_pandas\animals\dogs\dogs_00493.jpg,animals\dogs\dogs_00493.jpg,dogs,1,train
D:\GitHub\Universidad\Inteligencia_Artificial\gatos_perros_pandas\animals\cats\cats_00416.jpg,animals\cats\cats_00416.jpg,cats,0,train
D:\GitHub\Universidad\Inteligencia_Artificial\gatos_perros_pandas\animals\cats\cats_00580.jpg,animals\cats\cats_00580.jpg,cats,0,train
D:\GitHub\Universidad\Inteligencia_Artificial\gatos_perros_pandas\animals\dogs\dogs_00321.jpg,animals\dogs\dogs_00321.jpg,dogs,1,train
D:\GitHub\Universidad\Inteligencia_Artificial\gatos_perros_pandas\animals\panda\panda_00856.jpg,animals\panda\panda_00856.jpg,panda,2,test
D:\GitHub\Universidad\Inteligencia_Artificial\gatos_perros_pandas\animals\panda\panda_00342.jpg,animals\panda\panda_00342.jpg,panda,2,train
D:\GitHub\Universidad\Inteligencia_Artificial\gatos_perros_pandas\animals\cats\cats_00680.jpg,animals\cats\cats_00680.jpg,cats,0,train
D:\GitHub\Universidad\Inteligencia_Artificial\gatos_perros_pandas\animals\dogs\dogs_00242.jpg,animals\dogs\dogs_00242.jpg,dogs,1,train
D:\GitHub\Universidad\Inteligencia_Artificial\gatos_perros_pandas\animals\panda\panda_00913.jpg,animals\panda\panda_00913.jpg,panda,2,val
D:\GitHub\Universidad\Inteligencia_Artificial\gatos_perros_pandas\animals\panda\panda_00203.jpg,animals\panda\panda_00203.jpg,panda,2,train
D:\GitHub\Universidad\Inteligencia_Artificial\gatos_perros_pandas\animals\panda\panda_00804.jpg,animals\panda\panda_00804.jpg,panda,2,val
D:\GitHub\Universidad\Inteligencia_Artificial\gatos_perros_pandas\animals\cats\cats_00563.jpg,animals\cats\cats_00563.jpg,cats,0,val
D:\GitHub\Universidad\Inteligencia_Artificial\gatos_perros_pandas\animals\dogs\dogs_00391.jpg,animals\dogs\dogs_00391.jpg,dogs,1,val
D:\GitHub\Universidad\Inteligencia_Artificial\gatos_perros_pandas\animals\dogs\dogs_00728.jpg,animals\dogs\dogs_00728.jpg,dogs,1,train
D:\GitHub\Universidad\Inteligencia_Artificial\gatos_perros_pandas\animals\panda\panda_00970.jpg,animals\panda\panda_00970.jpg,panda,2,train
D:\GitHub\Universidad\Inteligencia_Artificial\gatos_perros_pandas\animals\dogs\dogs_00770.jpg,animals\dogs\dogs_00770.jpg,dogs,1,train
D:\GitHub\Universidad\Inteligencia_Artificial\gatos_perros_pandas\animals\cats\cats_00388.jpg,animals\cats\cats_00388.jpg,cats,0,test
D:\GitHub\Universidad\Inteligencia_Artificial\gatos_perros_pandas\animals\panda\panda_00655.jpg,animals\panda\panda_00655.jpg,panda,2,test
D:\GitHub\Universidad\Inteligencia_Artificial\gatos_perros_pandas\animals\dogs\dogs_00030.jpg,animals\dogs\dogs_00030.jpg,dogs,1,val
D:\GitHub\Universidad\Inteligencia_Artificial\gatos_perros_pandas\animals\dogs\dogs_00107.jpg,animals\dogs\dogs_00107.jpg,dogs,1,train
D:\GitHub\Universidad\Inteligencia_Artificial\gatos_perros_pandas\animals\panda\panda_00429.jpg,animals\panda\panda_00429.jpg,panda,2,train
D:\GitHub\Universidad\Inteligencia_Artificial\gatos_perros_pandas\animals\cats\cats_00418.jpg,animals\cats\cats_00418.jpg,cats,0,train
D:\GitHub\Universidad\Inteligencia_Artificial\gatos_perros_pandas\animals\dogs\dogs_00291.jpg,animals\dogs\dogs_00291.jpg,dogs,1,train
D:\GitHub\Universidad\Inteligencia_Artificial\gatos_perros_pandas\animals\dogs\dogs_00136.jpg,animals\dogs\dogs_00136.jpg,dogs,1,train
D:\GitHub\Universidad\Inteligencia_Artificial\gatos_perros_pandas\animals\panda\panda_00732.jpg,animals\panda\panda_00732.jpg,panda,2,train
D:\GitHub\Universidad\Inteligencia_Artificial\gatos_perros_pandas\animals\panda\panda_00865.jpg,animals\panda\panda_00865.jpg,panda,2,train
D:\GitHub\Universidad\Inteligencia_Artificial\gatos_perros_pandas\animals\panda\panda_00621.jpg,animals\panda\panda_00621.jpg,panda,2,train
D:\GitHub\Universidad\Inteligencia_Artificial\gatos_perros_pandas\animals\dogs\dogs_00308.jpg,animals\dogs\dogs_00308.jpg,dogs,1,train
D:\GitHub\Universidad\Inteligencia_Artificial\gatos_perros_pandas\animals\cats\cats_00576.jpg,animals\cats\cats_00576.jpg,cats,0,train
D:\GitHub\Universidad\Inteligencia_Artificial\gatos_perros_pandas\animals\cats\cats_00345.jpg,animals\cats\cats_00345.jpg,cats,0,test
D:\GitHub\Universidad\Inteligencia_Artificial\gatos_perros_pandas\animals\dogs\dogs_00552.jpg,animals\dogs\dogs_00552.jpg,dogs,1,val
D:\GitHub\Universidad\Inteligencia_Artificial\gatos_perros_pandas\animals\cats\cats_00852.jpg,animals\cats\cats_00852.jpg,cats,0,train
D:\GitHub\Universidad\Inteligencia_Artificial\gatos_perros_pandas\animals\cats\cats_00495.jpg,animals\cats\cats_00495.jpg,cats,0,train
D:\GitHub\Universidad\Inteligencia_Artificial\gatos_perros_pandas\animals\dogs\dogs_00050.jpg,animals\dogs\dogs_00050.jpg,dogs,1,train
D:\GitHub\Universidad\Inteligencia_Artificial\gatos_perros_pandas\animals\panda\panda_00574.jpg,animals\panda\panda_00574.jpg,panda,2,train
D:\GitHub\Universidad\Inteligencia_Artificial\gatos_perros_pandas\animals\cats\cats_00933.jpg,animals\cats\cats_00933.jpg,cats,0,train
D:\GitHub\Universidad\Inteligencia_Artificial\gatos_perros_pandas\animals\panda\panda_00707.jpg,animals\panda\panda_00707.jpg,panda,2,val
D:\GitHub\Universidad\Inteligencia_Artificial\gatos_perros_pandas\animals\panda\panda_00984.jpg,animals\panda\panda_00984.jpg,panda,2,test
D:\GitHub\Universidad\Inteligencia_Artificial\gatos_perros_pandas\animals\dogs\dogs_00398.jpg,animals\dogs\dogs_00398.jpg,dogs,1,train
D:\GitHub\Universidad\Inteligencia_Artificial\gatos_perros_pandas\animals\dogs\dogs_00707.jpg,animals\dogs\dogs_00707.jpg,dogs,1,train
D:\GitHub\Universidad\Inteligencia_Artificial\gatos_perros_pandas\animals\panda\panda_00494.jpg,animals\panda\panda_00494.jpg,panda,2,train
D:\GitHub\Universidad\Inteligencia_Artificial\gatos_perros_pandas\animals\panda\panda_00322.jpg,animals\panda\panda_00322.jpg,panda,2,val
D:\GitHub\Universidad\Inteligencia_Artificial\gatos_perros_pandas\animals\dogs\dogs_00776.jpg,animals\dogs\dogs_00776.jpg,dogs,1,train
D:\GitHub\Universidad\Inteligencia_Artificial\gatos_perros_pandas\animals\panda\panda_00293.jpg,animals\panda\panda_00293.jpg,panda,2,test
D:\GitHub\Universidad\Inteligencia_Artificial\gatos_perros_pandas\animals\cats\cats_00605.jpg,animals\cats\cats_00605.jpg,cats,0,test
D:\GitHub\Universidad\Inteligencia_Artificial\gatos_perros_pandas\animals\panda\panda_00235.jpg,animals\panda\panda_00235.jpg,panda,2,train
D:\GitHub\Universidad\Inteligencia_Artificial\gatos_perros_pandas\animals\cats\cats_00752.jpg,animals\cats\cats_00752.jpg,cats,0,train
D:\GitHub\Universidad\Inteligencia_Artificial\gatos_perros_pandas\animals\dogs\dogs_00298.jpg,animals\dogs\dogs_00298.jpg,dogs,1,train
D:\GitHub\Universidad\Inteligencia_Artificial\gatos_perros_pandas\animals\cats\cats_00886.jpg,animals\cats\cats_00886.jpg,cats,0,train
D:\GitHub\Universidad\Inteligencia_Artificial\gatos_perros_pandas\animals\dogs\dogs_00852.jpg,animals\dogs\dogs_00852.jpg,dogs,1,train
D:\GitHub\Universidad\Inteligencia_Artificial\gatos_perros_pandas\animals\cats\cats_00630.jpg,animals\cats\cats_00630.jpg,cats,0,train
D:\GitHub\Universidad\Inteligencia_Artificial\gatos_perros_pandas\animals\panda\panda_00063.jpg,animals\panda\panda_00063.jpg,panda,2,train
D:\GitHub\Universidad\Inteligencia_Artificial\gatos_perros_pandas\animals\cats\cats_00765.jpg,animals\cats\cats_00765.jpg,cats,0,val
D:\GitHub\Universidad\Inteligencia_Artificial\gatos_perros_pandas\animals\panda\panda_00021.jpg,animals\panda\panda_00021.jpg,panda,2,test
D:\GitHub\Universidad\Inteligencia_Artificial\gatos_perros_pandas\animals\dogs\dogs_00960.jpg,animals\dogs\dogs_00960.jpg,dogs,1,train
D:\GitHub\Universidad\Inteligencia_Artificial\gatos_perros_pandas\animals\panda\panda_00751.jpg,animals\panda\panda_00751.jpg,panda,2,test
D:\GitHub\Universidad\Inteligencia_Artificial\gatos_perros_pandas\animals\cats\cats_00595.jpg,animals\cats\cats_00595.jpg,cats,0,train
D:\GitHub\Universidad\Inteligencia_Artificial\gatos_perros_pandas\animals\panda\panda_00784.jpg,animals\panda\panda_00784.jpg,panda,2,train
D:\GitHub\Universidad\Inteligencia_Artificial\gatos_perros_pandas\animals\panda\panda_00388.jpg,animals\panda\panda_00388.jpg,panda,2,train
D:\GitHub\Universidad\Inteligencia_Artificial\gatos_perros_pandas\animals\panda\panda_00597.jpg,animals\panda\panda_00597.jpg,panda,2,train
D:\GitHub\Universidad\Inteligencia_Artificial\gatos_perros_pandas\animals\dogs\dogs_00577.jpg,animals\dogs\dogs_00577.jpg,dogs,1,train
D:\GitHub\Universidad\Inteligencia_Artificial\gatos_perros_pandas\animals\panda\panda_00696.jpg,animals\panda\panda_00696.jpg,panda,2,val
D:\GitHub\Universidad\Inteligencia_Artificial\gatos_perros_pandas\animals\panda\panda_00248.jpg,animals\panda\panda_00248.jpg,panda,2,test
D:\GitHub\Universidad\Inteligencia_Artificial\gatos_perros_pandas\animals\cats\cats_00179.jpg,animals\cats\cats_00179.jpg,cats,0,train
D:\GitHub\Universidad\Inteligencia_Artificial\gatos_perros_pandas\animals\dogs\dogs_00343.jpg,animals\dogs\dogs_00343.jpg,dogs,1,train
D:\GitHub\Universidad\Inteligencia_Artificial\gatos_perros_pandas\animals\dogs\dogs_00312.jpg,animals\dogs\dogs_00312.jpg,dogs,1,test
D:\GitHub\Universidad\Inteligencia_Artificial\gatos_perros_pandas\animals\panda\panda_00233.jpg,animals\panda\panda_00233.jpg,panda,2,train
D:\GitHub\Universidad\Inteligencia_Artificial\gatos_perros_pandas\animals\panda\panda_00329.jpg,animals\panda\panda_00329.jpg,panda,2,val
D:\GitHub\Universidad\Inteligencia_Artificial\gatos_perros_pandas\animals\cats\cats_00581.jpg,animals\cats\cats_00581.jpg,cats,0,test
D:\GitHub\Universidad\Inteligencia_Artificial\gatos_perros_pandas\animals\cats\cats_00271.jpg,animals\cats\cats_00271.jpg,cats,0,test
D:\GitHub\Universidad\Inteligencia_Artificial\gatos_perros_pandas\animals\cats\cats_00654.jpg,animals\cats\cats_00654.jpg,cats,0,train
D:\GitHub\Universidad\Inteligencia_Artificial\gatos_perros_pandas\animals\panda\panda_00101.jpg,animals\panda\panda_00101.jpg,panda,2,train
D:\GitHub\Universidad\Inteligencia_Artificial\gatos_perros_pandas\animals\cats\cats_00325.jpg,animals\cats\cats_00325.jpg,cats,0,train
D:\GitHub\Universidad\Inteligencia_Artificial\gatos_perros_pandas\animals\panda\panda_00891.jpg,animals\panda\panda_00891.jpg,panda,2,train
D:\GitHub\Universidad\Inteligencia_Artificial\gatos_perros_pandas\animals\dogs\dogs_00364.jpg,animals\dogs\dogs_00364.jpg,dogs,1,train
D:\GitHub\Universidad\Inteligencia_Artificial\gatos_perros_pandas\animals\panda\panda_00586.jpg,animals\panda\panda_00586.jpg,panda,2,train
D:\GitHub\Universidad\Inteligencia_Artificial\gatos_perros_pandas\animals\dogs\dogs_00586.jpg,animals\dogs\dogs_00586.jpg,dogs,1,val
D:\GitHub\Universidad\Inteligencia_Artificial\gatos_perros_pandas\animals\panda\panda_00645.jpg,animals\panda\panda_00645.jpg,panda,2,train
D:\GitHub\Universidad\Inteligencia_Artificial\gatos_perros_pandas\animals\cats\cats_00259.jpg,animals\cats\cats_00259.jpg,cats,0,train
D:\GitHub\Universidad\Inteligencia_Artificial\gatos_perros_pandas\animals\cats\cats_00442.jpg,animals\cats\cats_00442.jpg,cats,0,val
D:\GitHub\Universidad\Inteligencia_Artificial\gatos_perros_pandas\animals\panda\panda_00408.jpg,animals\panda\panda_00408.jpg,panda,2,test
D:\GitHub\Universidad\Inteligencia_Artificial\gatos_perros_pandas\animals\cats\cats_00054.jpg,animals\cats\cats_00054.jpg,cats,0,train
D:\GitHub\Universidad\Inteligencia_Artificial\gatos_perros_pandas\animals\panda\panda_00960.jpg,animals\panda\panda_00960.jpg,panda,2,train
D:\GitHub\Universidad\Inteligencia_Artificial\gatos_perros_pandas\animals\cats\cats_00573.jpg,animals\cats\cats_00573.jpg,cats,0,train
D:\GitHub\Universidad\Inteligencia_Artificial\gatos_perros_pandas\animals\dogs\dogs_00480.jpg,animals\dogs\dogs_00480.jpg,dogs,1,test
D:\GitHub\Universidad\Inteligencia_Artificial\gatos_perros_pandas\animals\panda\panda_00876.jpg,animals\panda\panda_00876.jpg,panda,2,train
D:\GitHub\Universidad\Inteligencia_Artificial\gatos_perros_pandas\animals\dogs\dogs_00218.jpg,animals\dogs\dogs_00218.jpg,dogs,1,train
D:\GitHub\Universidad\Inteligencia_Artificial\gatos_perros_pandas\animals\dogs\dogs_00377.jpg,animals\dogs\dogs_00377.jpg,dogs,1,train
D:\GitHub\Universidad\Inteligencia_Artificial\gatos_perros_pandas\animals\dogs\dogs_00778.jpg,animals\dogs\dogs_00778.jpg,dogs,1,train
D:\GitHub\Universidad\Inteligencia_Artificial\gatos_perros_pandas\animals\cats\cats_00116.jpg,animals\cats\cats_00116.jpg,cats,0,train
D:\GitHub\Universidad\Inteligencia_Artificial\gatos_perros_pandas\animals\cats\cats_00516.jpg,animals\cats\cats_00516.jpg,cats,0,train
D:\GitHub\Universidad\Inteligencia_Artificial\gatos_perros_pandas\animals\panda\panda_00547.jpg,animals\panda\panda_00547.jpg,panda,2,train
D:\GitHub\Universidad\Inteligencia_Artificial\gatos_perros_pandas\animals\panda\panda_00166.jpg,animals\panda\panda_00166.jpg,panda,2,train
D:\GitHub\Universidad\Inteligencia_Artificial\gatos_perros_pandas\animals\cats\cats_00127.jpg,animals\cats\cats_00127.jpg,cats,0,train
D:\GitHub\Universidad\Inteligencia_Artificial\gatos_perros_pandas\animals\panda\panda_00032.jpg,animals\panda\panda_00032.jpg,panda,2,val
D:\GitHub\Universidad\Inteligencia_Artificial\gatos_perros_pandas\animals\dogs\dogs_00945.jpg,animals\dogs\dogs_00945.jpg,dogs,1,train
D:\GitHub\Universidad\Inteligencia_Artificial\gatos_perros_pandas\animals\cats\cats_00371.jpg,animals\cats\cats_00371.jpg,cats,0,test
D:\GitHub\Universidad\Inteligencia_Artificial\gatos_perros_pandas\animals\panda\panda_00396.jpg,animals\panda\panda_00396.jpg,panda,2,test
D:\GitHub\Universidad\Inteligencia_Artificial\gatos_perros_pandas\animals\cats\cats_00760.jpg,animals\cats\cats_00760.jpg,cats,0,test
D:\GitHub\Universidad\Inteligencia_Artificial\gatos_perros_pandas\animals\panda\panda_00379.jpg,animals\panda\panda_00379.jpg,panda,2,train
D:\GitHub\Universidad\Inteligencia_Artificial\gatos_perros_pandas\animals\dogs\dogs_00466.jpg,animals\dogs\dogs_00466.jpg,dogs,1,test
D:\GitHub\Universidad\Inteligencia_Artificial\gatos_perros_pandas\animals\dogs\dogs_00110.jpg,animals\dogs\dogs_00110.jpg,dogs,1,train
D:\GitHub\Universidad\Inteligencia_Artificial\gatos_perros_pandas\animals\panda\panda_00537.jpg,animals\panda\panda_00537.jpg,panda,2,test
D:\GitHub\Universidad\Inteligencia_Artificial\gatos_perros_pandas\animals\cats\cats_00141.jpg,animals\cats\cats_00141.jpg,cats,0,train
D:\GitHub\Universidad\Inteligencia_Artificial\gatos_perros_pandas\animals\dogs\dogs_00206.jpg,animals\dogs\dogs_00206.jpg,dogs,1,train
D:\GitHub\Universidad\Inteligencia_Artificial\gatos_perros_pandas\animals\dogs\dogs_00013.jpg,animals\dogs\dogs_00013.jpg,dogs,1,train
D:\GitHub\Universidad\Inteligencia_Artificial\gatos_perros_pandas\animals\dogs\dogs_00360.jpg,animals\dogs\dogs_00360.jpg,dogs,1,train
D:\GitHub\Universidad\Inteligencia_Artificial\gatos_perros_pandas\animals\dogs\dogs_00951.jpg,animals\dogs\dogs_00951.jpg,dogs,1,train
D:\GitHub\Universidad\Inteligencia_Artificial\gatos_perros_pandas\animals\panda\panda_00887.jpg,animals\panda\panda_00887.jpg,panda,2,train
D:\GitHub\Universidad\Inteligencia_Artificial\gatos_perros_pandas\animals\panda\panda_00513.jpg,animals\panda\panda_00513.jpg,panda,2,train
D:\GitHub\Universidad\Inteligencia_Artificial\gatos_perros_pandas\animals\cats\cats_00799.jpg,animals\cats\cats_00799.jpg,cats,0,val
D:\GitHub\Universidad\Inteligencia_Artificial\gatos_perros_pandas\animals\cats\cats_00914.jpg,animals\cats\cats_00914.jpg,cats,0,test
D:\GitHub\Universidad\Inteligencia_Artificial\gatos_perros_pandas\animals\cats\cats_00245.jpg,animals\cats\cats_00245.jpg,cats,0,train
D:\GitHub\Universidad\Inteligencia_Artificial\gatos_perros_pandas\animals\panda\panda_00536.jpg,animals\panda\panda_00536.jpg,panda,2,train
D:\GitHub\Universidad\Inteligencia_Artificial\gatos_perros_pandas\animals\cats\cats_00044.jpg,animals\cats\cats_00044.jpg,cats,0,train
D:\GitHub\Universidad\Inteligencia_Artificial\gatos_perros_pandas\animals\cats\cats_00853.jpg,animals\cats\cats_00853.jpg,cats,0,train
D:\GitHub\Universidad\Inteligencia_Artificial\gatos_perros_pandas\animals\cats\cats_00603.jpg,animals\cats\cats_00603.jpg,cats,0,val
D:\GitHub\Universidad\Inteligencia_Artificial\gatos_perros_pandas\animals\dogs\dogs_00889.jpg,animals\dogs\dogs_00889.jpg,dogs,1,val
D:\GitHub\Universidad\Inteligencia_Artificial\gatos_perros_pandas\animals\panda\panda_00269.jpg,animals\panda\panda_00269.jpg,panda,2,val
D:\GitHub\Universidad\Inteligencia_Artificial\gatos_perros_pandas\animals\panda\panda_00410.jpg,animals\panda\panda_00410.jpg,panda,2,test
D:\GitHub\Universidad\Inteligencia_Artificial\gatos_perros_pandas\animals\panda\panda_00391.jpg,animals\panda\panda_00391.jpg,panda,2,train
D:\GitHub\Universidad\Inteligencia_Artificial\gatos_perros_pandas\animals\cats\cats_00039.jpg,animals\cats\cats_00039.jpg,cats,0,train
D:\GitHub\Universidad\Inteligencia_Artificial\gatos_perros_pandas\animals\dogs\dogs_00874.jpg,animals\dogs\dogs_00874.jpg,dogs,1,train
D:\GitHub\Universidad\Inteligencia_Artificial\gatos_perros_pandas\animals\panda\panda_00012.jpg,animals\panda\panda_00012.jpg,panda,2,train
D:\GitHub\Universidad\Inteligencia_Artificial\gatos_perros_pandas\animals\dogs\dogs_00731.jpg,animals\dogs\dogs_00731.jpg,dogs,1,train
D:\GitHub\Universidad\Inteligencia_Artificial\gatos_perros_pandas\animals\panda\panda_00600.jpg,animals\panda\panda_00600.jpg,panda,2,train
D:\GitHub\Universidad\Inteligencia_Artificial\gatos_perros_pandas\animals\cats\cats_00203.jpg,animals\cats\cats_00203.jpg,cats,0,train
D:\GitHub\Universidad\Inteligencia_Artificial\gatos_perros_pandas\animals\cats\cats_00742.jpg,animals\cats\cats_00742.jpg,cats,0,train
D:\GitHub\Universidad\Inteligencia_Artificial\gatos_perros_pandas\animals\dogs\dogs_00261.jpg,animals\dogs\dogs_00261.jpg,dogs,1,train
D:\GitHub\Universidad\Inteligencia_Artificial\gatos_perros_pandas\animals\panda\panda_00854.jpg,animals\panda\panda_00854.jpg,panda,2,train
D:\GitHub\Universidad\Inteligencia_Artificial\gatos_perros_pandas\animals\panda\panda_00304.jpg,animals\panda\panda_00304.jpg,panda,2,train
D:\GitHub\Universidad\Inteligencia_Artificial\gatos_perros_pandas\animals\cats\cats_00555.jpg,animals\cats\cats_00555.jpg,cats,0,train
D:\GitHub\Universidad\Inteligencia_Artificial\gatos_perros_pandas\animals\cats\cats_00365.jpg,animals\cats\cats_00365.jpg,cats,0,train
D:\GitHub\Universidad\Inteligencia_Artificial\gatos_perros_pandas\animals\dogs\dogs_00462.jpg,animals\dogs\dogs_00462.jpg,dogs,1,test
D:\GitHub\Universidad\Inteligencia_Artificial\gatos_perros_pandas\animals\panda\panda_00749.jpg,animals\panda\panda_00749.jpg,panda,2,val
D:\GitHub\Universidad\Inteligencia_Artificial\gatos_perros_pandas\animals\dogs\dogs_00811.jpg,animals\dogs\dogs_00811.jpg,dogs,1,test
D:\GitHub\Universidad\Inteligencia_Artificial\gatos_perros_pandas\animals\panda\panda_00610.jpg,animals\panda\panda_00610.jpg,panda,2,train
D:\GitHub\Universidad\Inteligencia_Artificial\gatos_perros_pandas\animals\panda\panda_00729.jpg,animals\panda\panda_00729.jpg,panda,2,val
D:\GitHub\Universidad\Inteligencia_Artificial\gatos_perros_pandas\animals\panda\panda_00880.jpg,animals\panda\panda_00880.jpg,panda,2,train
D:\GitHub\Universidad\Inteligencia_Artificial\gatos_perros_pandas\animals\panda\panda_00468.jpg,animals\panda\panda_00468.jpg,panda,2,train
D:\GitHub\Universidad\Inteligencia_Artificial\gatos_perros_pandas\animals\cats\cats_00444.jpg,animals\cats\cats_00444.jpg,cats,0,train
D:\GitHub\Universidad\Inteligencia_Artificial\gatos_perros_pandas\animals\dogs\dogs_00134.jpg,animals\dogs\dogs_00134.jpg,dogs,1,train
D:\GitHub\Universidad\Inteligencia_Artificial\gatos_perros_pandas\animals\dogs\dogs_00474.jpg,animals\dogs\dogs_00474.jpg,dogs,1,test
D:\GitHub\Universidad\Inteligencia_Artificial\gatos_perros_pandas\animals\panda\panda_00548.jpg,animals\panda\panda_00548.jpg,panda,2,train
D:\GitHub\Universidad\Inteligencia_Artificial\gatos_perros_pandas\animals\cats\cats_00074.jpg,animals\cats\cats_00074.jpg,cats,0,test
D:\GitHub\Universidad\Inteligencia_Artificial\gatos_perros_pandas\animals\cats\cats_00721.jpg,animals\cats\cats_00721.jpg,cats,0,train
D:\GitHub\Universidad\Inteligencia_Artificial\gatos_perros_pandas\animals\cats\cats_00084.jpg,animals\cats\cats_00084.jpg,cats,0,train
D:\GitHub\Universidad\Inteligencia_Artificial\gatos_perros_pandas\animals\panda\panda_00647.jpg,animals\panda\panda_00647.jpg,panda,2,test
D:\GitHub\Universidad\Inteligencia_Artificial\gatos_perros_pandas\animals\cats\cats_00290.jpg,animals\cats\cats_00290.jpg,cats,0,train
D:\GitHub\Universidad\Inteligencia_Artificial\gatos_perros_pandas\animals\cats\cats_00390.jpg,animals\cats\cats_00390.jpg,cats,0,test
D:\GitHub\Universidad\Inteligencia_Artificial\gatos_perros_pandas\animals\panda\panda_00024.jpg,animals\panda\panda_00024.jpg,panda,2,train
D:\GitHub\Universidad\Inteligencia_Artificial\gatos_perros_pandas\animals\cats\cats_00822.jpg,animals\cats\cats_00822.jpg,cats,0,train
D:\GitHub\Universidad\Inteligencia_Artificial\gatos_perros_pandas\animals\dogs\dogs_00598.jpg,animals\dogs\dogs_00598.jpg,dogs,1,train
D:\GitHub\Universidad\Inteligencia_Artificial\gatos_perros_pandas\animals\cats\cats_00615.jpg,animals\cats\cats_00615.jpg,cats,0,train
D:\GitHub\Universidad\Inteligencia_Artificial\gatos_perros_pandas\animals\cats\cats_00212.jpg,animals\cats\cats_00212.jpg,cats,0,train
D:\GitHub\Universidad\Inteligencia_Artificial\gatos_perros_pandas\animals\panda\panda_00067.jpg,animals\panda\panda_00067.jpg,panda,2,val
D:\GitHub\Universidad\Inteligencia_Artificial\gatos_perros_pandas\animals\cats\cats_00445.jpg,animals\cats\cats_00445.jpg,cats,0,train
D:\GitHub\Universidad\Inteligencia_Artificial\gatos_perros_pandas\animals\cats\cats_00356.jpg,animals\cats\cats_00356.jpg,cats,0,train
D:\GitHub\Universidad\Inteligencia_Artificial\gatos_perros_pandas\animals\panda\panda_00475.jpg,animals\panda\panda_00475.jpg,panda,2,train
D:\GitHub\Universidad\Inteligencia_Artificial\gatos_perros_pandas\animals\cats\cats_00743.jpg,animals\cats\cats_00743.jpg,cats,0,train
D:\GitHub\Universidad\Inteligencia_Artificial\gatos_perros_pandas\animals\panda\panda_00430.jpg,animals\panda\panda_00430.jpg,panda,2,test
D:\GitHub\Universidad\Inteligencia_Artificial\gatos_perros_pandas\animals\panda\panda_00905.jpg,animals\panda\panda_00905.jpg,panda,2,train
D:\GitHub\Universidad\Inteligencia_Artificial\gatos_perros_pandas\animals\cats\cats_00785.jpg,animals\cats\cats_00785.jpg,cats,0,val
D:\GitHub\Universidad\Inteligencia_Artificial\gatos_perros_pandas\animals\panda\panda_00386.jpg,animals\panda\panda_00386.jpg,panda,2,train
D:\GitHub\Universidad\Inteligencia_Artificial\gatos_perros_pandas\animals\panda\panda_00708.jpg,animals\panda\panda_00708.jpg,panda,2,train
D:\GitHub\Universidad\Inteligencia_Artificial\gatos_perros_pandas\animals\panda\panda_00585.jpg,animals\panda\panda_00585.jpg,panda,2,test
D:\GitHub\Universidad\Inteligencia_Artificial\gatos_perros_pandas\animals\cats\cats_00821.jpg,animals\cats\cats_00821.jpg,cats,0,train
D:\GitHub\Universidad\Inteligencia_Artificial\gatos_perros_pandas\animals\cats\cats_00662.jpg,animals\cats\cats_00662.jpg,cats,0,train
D:\GitHub\Universidad\Inteligencia_Artificial\gatos_perros_pandas\animals\dogs\dogs_00595.jpg,animals\dogs\dogs_00595.jpg,dogs,1,train
D:\GitHub\Universidad\Inteligencia_Artificial\gatos_perros_pandas\animals\cats\cats_00348.jpg,animals\cats\cats_00348.jpg,cats,0,train
D:\GitHub\Universidad\Inteligencia_Artificial\gatos_perros_pandas\animals\dogs\dogs_00953.jpg,animals\dogs\dogs_00953.jpg,dogs,1,test
D:\GitHub\Universidad\Inteligencia_Artificial\gatos_perros_pandas\animals\panda\panda_00955.jpg,animals\panda\panda_00955.jpg,panda,2,train
D:\GitHub\Universidad\Inteligencia_Artificial\gatos_perros_pandas\animals\panda\panda_00075.jpg,animals\panda\panda_00075.jpg,panda,2,train
D:\GitHub\Universidad\Inteligencia_Artificial\gatos_perros_pandas\animals\panda\panda_00017.jpg,animals\panda\panda_00017.jpg,panda,2,test
D:\GitHub\Universidad\Inteligencia_Artificial\gatos_perros_pandas\animals\panda\panda_00552.jpg,animals\panda\panda_00552.jpg,panda,2,train
D:\GitHub\Universidad\Inteligencia_Artificial\gatos_perros_pandas\animals\dogs\dogs_00503.jpg,animals\dogs\dogs_00503.jpg,dogs,1,train
D:\GitHub\Universidad\Inteligencia_Artificial\gatos_perros_pandas\animals\dogs\dogs_00412.jpg,animals\dogs\dogs_00412.jpg,dogs,1,train
D:\GitHub\Universidad\Inteligencia_Artificial\gatos_perros_pandas\animals\panda\panda_00526.jpg,animals\panda\panda_00526.jpg,panda,2,val
D:\GitHub\Universidad\Inteligencia_Artificial\gatos_perros_pandas\animals\panda\panda_00765.jpg,animals\panda\panda_00765.jpg,panda,2,train
D:\GitHub\Universidad\Inteligencia_Artificial\gatos_perros_pandas\animals\panda\panda_00625.jpg,animals\panda\panda_00625.jpg,panda,2,train
D:\GitHub\Universidad\Inteligencia_Artificial\gatos_perros_pandas\animals\panda\panda_00358.jpg,animals\panda\panda_00358.jpg,panda,2,train
D:\GitHub\Universidad\Inteligencia_Artificial\gatos_perros_pandas\animals\dogs\dogs_00634.jpg,animals\dogs\dogs_00634.jpg,dogs,1,train
D:\GitHub\Universidad\Inteligencia_Artificial\gatos_perros_pandas\animals\panda\panda_00542.jpg,animals\panda\panda_00542.jpg,panda,2,train
D:\GitHub\Universidad\Inteligencia_Artificial\gatos_perros_pandas\animals\dogs\dogs_00372.jpg,animals\dogs\dogs_00372.jpg,dogs,1,train
D:\GitHub\Universidad\Inteligencia_Artificial\gatos_perros_pandas\animals\cats\cats_00619.jpg,animals\cats\cats_00619.jpg,cats,0,test
D:\GitHub\Universidad\Inteligencia_Artificial\gatos_perros_pandas\animals\dogs\dogs_00036.jpg,animals\dogs\dogs_00036.jpg,dogs,1,train
D:\GitHub\Universidad\Inteligencia_Artificial\gatos_perros_pandas\animals\cats\cats_00004.jpg,animals\cats\cats_00004.jpg,cats,0,val
D:\GitHub\Universidad\Inteligencia_Artificial\gatos_perros_pandas\animals\cats\cats_00123.jpg,animals\cats\cats_00123.jpg,cats,0,train
D:\GitHub\Universidad\Inteligencia_Artificial\gatos_perros_pandas\animals\dogs\dogs_00339.jpg,animals\dogs\dogs_00339.jpg,dogs,1,train
D:\GitHub\Universidad\Inteligencia_Artificial\gatos_perros_pandas\animals\dogs\dogs_00333.jpg,animals\dogs\dogs_00333.jpg,dogs,1,val
D:\GitHub\Universidad\Inteligencia_Artificial\gatos_perros_pandas\animals\panda\panda_00427.jpg,animals\panda\panda_00427.jpg,panda,2,test
D:\GitHub\Universidad\Inteligencia_Artificial\gatos_perros_pandas\animals\panda\panda_00608.jpg,animals\panda\panda_00608.jpg,panda,2,train
D:\GitHub\Universidad\Inteligencia_Artificial\gatos_perros_pandas\animals\panda\panda_00869.jpg,animals\panda\panda_00869.jpg,panda,2,train
D:\GitHub\Universidad\Inteligencia_Artificial\gatos_perros_pandas\animals\panda\panda_00189.jpg,animals\panda\panda_00189.jpg,panda,2,train
D:\GitHub\Universidad\Inteligencia_Artificial\gatos_perros_pandas\animals\dogs\dogs_00075.jpg,animals\dogs\dogs_00075.jpg,dogs,1,train
D:\GitHub\Universidad\Inteligencia_Artificial\gatos_perros_pandas\animals\cats\cats_00335.jpg,animals\cats\cats_00335.jpg,cats,0,train
D:\GitHub\Universidad\Inteligencia_Artificial\gatos_perros_pandas\animals\cats\cats_00076.jpg,animals\cats\cats_00076.jpg,cats,0,train
